suite,family,adapter,instance,instance_group,planner,heuristic,variant,config,seed,repetition,timeout_s,memory_limit_mb,outcome,solved,valid,wall_time_s,cost,plan_length,makespan,sum_of_costs,expanded,generated,evaluated,peak_rss_mb,error,note,timestamp_utc,harness_version,harness_sha,python_version,platform,cpu_model,cpu_count,hostname,package_versions,schema_version
mapf-scaling,mapf,pymapf,random_obstacles/16x16/n4/d0.15,random_obstacles/d0.15,cbs,,,,0,0,20.0,3072,solved,True,True,0.001775666001776699,60.0,,21,60,1,,,18.91,,,2026-08-20T21:56:13+00:00,0.1.0,62459c293440,3.10.12,Linux 6.8.0-136-generic (x86_64),11th Gen Intel(R) Core(TM) i7-11850H @ 2.50GHz,16,wardn-thinkpad,"{""cuda-planning"": ""not-installed"", ""jupyddl"": ""2.3.0"", ""matplotlib"": ""3.10.9"", ""numpy"": ""2.2.6"", ""openplan-bench"": ""0.1.0"", ""pymapf"": ""0.8.0""}",2
mapf-scaling,mapf,pymapf,random_obstacles/16x16/n4/d0.15,random_obstacles/d0.15,cbs,,,,1,0,20.0,3072,solved,True,True,0.0008762690049479716,38.0,,12,38,1,,,18.91,,,2026-08-20T21:56:13+00:00,0.1.0,62459c293440,3.10.12,Linux 6.8.0-136-generic (x86_64),11th Gen Intel(R) Core(TM) i7-11850H @ 2.50GHz,16,wardn-thinkpad,"{""cuda-planning"": ""not-installed"", ""jupyddl"": ""2.3.0"", ""matplotlib"": ""3.10.9"", ""numpy"": ""2.2.6"", ""openplan-bench"": ""0.1.0"", ""pymapf"": ""0.8.0""}",2
mapf-scaling,mapf,pymapf,random_obstacles/16x16/n4/d0.15,random_obstacles/d0.15,cbs,,,,2,0,20.0,3072,solved,True,True,0.000914385003852658,42.0,,15,42,1,,,18.91,,,2026-08-20T21:56:13+00:00,0.1.0,62459c293440,3.10.12,Linux 6.8.0-136-generic (x86_64),11th Gen Intel(R) Core(TM) i7-11850H @ 2.50GHz,16,wardn-thinkpad,"{""cuda-planning"": ""not-installed"", ""jupyddl"": ""2.3.0"", ""matplotlib"": ""3.10.9"", ""numpy"": ""2.2.6"", ""openplan-bench"": ""0.1.0"", ""pymapf"": ""0.8.0""}",2
mapf-scaling,mapf,pymapf,random_obstacles/16x16/n4/d0.15,random_obstacles/d0.15,cbs,,,,3,0,20.0,3072,solved,True,True,0.0016355120023945346,33.0,,12,33,2,,,18.91,,,2026-08-20T21:56:13+00:00,0.1.0,62459c293440,3.10.12,Linux 6.8.0-136-generic (x86_64),11th Gen Intel(R) Core(TM) i7-11850H @ 2.50GHz,16,wardn-thinkpad,"{""cuda-planning"": ""not-installed"", ""jupyddl"": ""2.3.0"", ""matplotlib"": ""3.10.9"", ""numpy"": ""2.2.6"", ""openplan-bench"": ""0.1.0"", ""pymapf"": ""0.8.0""}",2
mapf-scaling,mapf,pymapf,random_obstacles/16x16/n4/d0.15,random_obstacles/d0.15,cbs,,,,4,0,20.0,3072,solved,True,True,0.0017643510000198148,58.0,,20,58,1,,,18.91,,,2026-08-20T21:56:13+00:00,0.1.0,62459c293440,3.10.12,Linux 6.8.0-136-generic (x86_64),11th Gen Intel(R) Core(TM) i7-11850H @ 2.50GHz,16,wardn-thinkpad,"{""cuda-planning"": ""not-installed"", ""jupyddl"": ""2.3.0"", ""matplotlib"": ""3.10.9"", ""numpy"": ""2.2.6"", ""openplan-bench"": ""0.1.0"", ""pymapf"": ""0.8.0""}",2
mapf-scaling,mapf,pymapf,random_obstacles/16x16/n4/d0.15,random_obstacles/d0.15,wcbs,,,"{""weight"": 1.5}",0,0,20.0,3072,solved,True,True,0.0018011229985859245,60.0,,21,60,1,,,18.91,,,2026-08-20T21:56:13+00:00,0.1.0,62459c293440,3.10.12,Linux 6.8.0-136-generic (x86_64),11th Gen Intel(R) Core(TM) i7-11850H @ 2.50GHz,16,wardn-thinkpad,"{""cuda-planning"": ""not-installed"", ""jupyddl"": ""2.3.0"", ""matplotlib"": ""3.10.9"", ""numpy"": ""2.2.6"", ""openplan-bench"": ""0.1.0"", ""pymapf"": ""0.8.0""}",2
mapf-scaling,mapf,pymapf,random_obstacles/16x16/n4/d0.15,random_obstacles/d0.15,wcbs,,,"{""weight"": 1.5}",1,0,20.0,3072,solved,True,True,0.0008736759991734289,38.0,,12,38,1,,,18.91,,,2026-08-20T21:56:13+00:00,0.1.0,62459c293440,3.10.12,Linux 6.8.0-136-generic (x86_64),11th Gen Intel(R) Core(TM) i7-11850H @ 2.50GHz,16,wardn-thinkpad,"{""cuda-planning"": ""not-installed"", ""jupyddl"": ""2.3.0"", ""matplotlib"": ""3.10.9"", ""numpy"": ""2.2.6"", ""openplan-bench"": ""0.1.0"", ""pymapf"": ""0.8.0""}",2
mapf-scaling,mapf,pymapf,random_obstacles/16x16/n4/d0.15,random_obstacles/d0.15,wcbs,,,"{""weight"": 1.5}",2,0,20.0,3072,solved,True,True,0.0009747070071171038,42.0,,15,42,1,,,18.91,,,2026-08-20T21:56:13+00:00,0.1.0,62459c293440,3.10.12,Linux 6.8.0-136-generic (x86_64),11th Gen Intel(R) Core(TM) i7-11850H @ 2.50GHz,16,wardn-thinkpad,"{""cuda-planning"": ""not-installed"", ""jupyddl"": ""2.3.0"", ""matplotlib"": ""3.10.9"", ""numpy"": ""2.2.6"", ""openplan-bench"": ""0.1.0"", ""pymapf"": ""0.8.0""}",2
mapf-scaling,mapf,pymapf,random_obstacles/16x16/n4/d0.15,random_obstacles/d0.15,wcbs,,,"{""weight"": 1.5}",3,0,20.0,3072,solved,True,True,0.0020785430024261586,33.0,,12,33,2,,,18.91,,,2026-08-20T21:56:13+00:00,0.1.0,62459c293440,3.10.12,Linux 6.8.0-136-generic (x86_64),11th Gen Intel(R) Core(TM) i7-11850H @ 2.50GHz,16,wardn-thinkpad,"{""cuda-planning"": ""not-installed"", ""jupyddl"": ""2.3.0"", ""matplotlib"": ""3.10.9"", ""numpy"": ""2.2.6"", ""openplan-bench"": ""0.1.0"", ""pymapf"": ""0.8.0""}",2
mapf-scaling,mapf,pymapf,random_obstacles/16x16/n4/d0.15,random_obstacles/d0.15,wcbs,,,"{""weight"": 1.5}",4,0,20.0,3072,solved,True,True,0.0016116699989652261,58.0,,20,58,1,,,18.91,,,2026-08-20T21:56:13+00:00,0.1.0,62459c293440,3.10.12,Linux 6.8.0-136-generic (x86_64),11th Gen Intel(R) Core(TM) i7-11850H @ 2.50GHz,16,wardn-thinkpad,"{""cuda-planning"": ""not-installed"", ""jupyddl"": ""2.3.0"", ""matplotlib"": ""3.10.9"", ""numpy"": ""2.2.6"", ""openplan-bench"": ""0.1.0"", ""pymapf"": ""0.8.0""}",2
mapf-scaling,mapf,pymapf,random_obstacles/16x16/n4/d0.15,random_obstacles/d0.15,prioritized,,,,0,0,20.0,3072,solved,True,True,0.00350349499785807,60.0,,21,60,4,,,18.91,,,2026-08-20T21:56:13+00:00,0.1.0,62459c293440,3.10.12,Linux 6.8.0-136-generic (x86_64),11th Gen Intel(R) Core(TM) i7-11850H @ 2.50GHz,16,wardn-thinkpad,"{""cuda-planning"": ""not-installed"", ""jupyddl"": ""2.3.0"", ""matplotlib"": ""3.10.9"", ""numpy"": ""2.2.6"", ""openplan-bench"": ""0.1.0"", ""pymapf"": ""0.8.0""}",2
mapf-scaling,mapf,pymapf,random_obstacles/16x16/n4/d0.15,random_obstacles/d0.15,prioritized,,,,1,0,20.0,3072,solved,True,True,0.0015272109958459623,38.0,,12,38,4,,,18.91,,,2026-08-20T21:56:13+00:00,0.1.0,62459c293440,3.10.12,Linux 6.8.0-136-generic (x86_64),11th Gen Intel(R) Core(TM) i7-11850H @ 2.50GHz,16,wardn-thinkpad,"{""cuda-planning"": ""not-installed"", ""jupyddl"": ""2.3.0"", ""matplotlib"": ""3.10.9"", ""numpy"": ""2.2.6"", ""openplan-bench"": ""0.1.0"", ""pymapf"": ""0.8.0""}",2
mapf-scaling,mapf,pymapf,random_obstacles/16x16/n4/d0.15,random_obstacles/d0.15,prioritized,,,,2,0,20.0,3072,solved,True,True,0.0013174030027585104,42.0,,15,42,4,,,18.91,,,2026-08-20T21:56:13+00:00,0.1.0,62459c293440,3.10.12,Linux 6.8.0-136-generic (x86_64),11th Gen Intel(R) Core(TM) i7-11850H @ 2.50GHz,16,wardn-thinkpad,"{""cuda-planning"": ""not-installed"", ""jupyddl"": ""2.3.0"", ""matplotlib"": ""3.10.9"", ""numpy"": ""2.2.6"", ""openplan-bench"": ""0.1.0"", ""pymapf"": ""0.8.0""}",2
mapf-scaling,mapf,pymapf,random_obstacles/16x16/n4/d0.15,random_obstacles/d0.15,prioritized,,,,3,0,20.0,3072,solved,True,True,0.001589058003446553,35.0,,12,35,4,,,18.91,,,2026-08-20T21:56:13+00:00,0.1.0,62459c293440,3.10.12,Linux 6.8.0-136-generic (x86_64),11th Gen Intel(R) Core(TM) i7-11850H @ 2.50GHz,16,wardn-thinkpad,"{""cuda-planning"": ""not-installed"", ""jupyddl"": ""2.3.0"", ""matplotlib"": ""3.10.9"", ""numpy"": ""2.2.6"", ""openplan-bench"": ""0.1.0"", ""pymapf"": ""0.8.0""}",2
mapf-scaling,mapf,pymapf,random_obstacles/16x16/n4/d0.15,random_obstacles/d0.15,prioritized,,,,4,0,20.0,3072,solved,True,True,0.0018235669995192438,58.0,,20,58,4,,,18.91,,,2026-08-20T21:56:13+00:00,0.1.0,62459c293440,3.10.12,Linux 6.8.0-136-generic (x86_64),11th Gen Intel(R) Core(TM) i7-11850H @ 2.50GHz,16,wardn-thinkpad,"{""cuda-planning"": ""not-installed"", ""jupyddl"": ""2.3.0"", ""matplotlib"": ""3.10.9"", ""numpy"": ""2.2.6"", ""openplan-bench"": ""0.1.0"", ""pymapf"": ""0.8.0""}",2
mapf-scaling,mapf,pymapf,random_obstacles/16x16/n4/d0.15,random_obstacles/d0.15,pibt,,,,0,0,20.0,3072,solved,True,True,0.00264685300498968,65.0,,21,65,21,,,18.91,,,2026-08-20T21:56:13+00:00,0.1.0,62459c293440,3.10.12,Linux 6.8.0-136-generic (x86_64),11th Gen Intel(R) Core(TM) i7-11850H @ 2.50GHz,16,wardn-thinkpad,"{""cuda-planning"": ""not-installed"", ""jupyddl"": ""2.3.0"", ""matplotlib"": ""3.10.9"", ""numpy"": ""2.2.6"", ""openplan-bench"": ""0.1.0"", ""pymapf"": ""0.8.0""}",2
mapf-scaling,mapf,pymapf,random_obstacles/16x16/n4/d0.15,random_obstacles/d0.15,pibt,,,,1,0,20.0,3072,solved,True,True,0.002231253994978033,38.0,,12,38,12,,,18.91,,,2026-08-20T21:56:13+00:00,0.1.0,62459c293440,3.10.12,Linux 6.8.0-136-generic (x86_64),11th Gen Intel(R) Core(TM) i7-11850H @ 2.50GHz,16,wardn-thinkpad,"{""cuda-planning"": ""not-installed"", ""jupyddl"": ""2.3.0"", ""matplotlib"": ""3.10.9"", ""numpy"": ""2.2.6"", ""openplan-bench"": ""0.1.0"", ""pymapf"": ""0.8.0""}",2
mapf-scaling,mapf,pymapf,random_obstacles/16x16/n4/d0.15,random_obstacles/d0.15,pibt,,,,2,0,20.0,3072,solved,True,True,0.0022410349993151613,44.0,,16,44,16,,,18.91,,,2026-08-20T21:56:13+00:00,0.1.0,62459c293440,3.10.12,Linux 6.8.0-136-generic (x86_64),11th Gen Intel(R) Core(TM) i7-11850H @ 2.50GHz,16,wardn-thinkpad,"{""cuda-planning"": ""not-installed"", ""jupyddl"": ""2.3.0"", ""matplotlib"": ""3.10.9"", ""numpy"": ""2.2.6"", ""openplan-bench"": ""0.1.0"", ""pymapf"": ""0.8.0""}",2
mapf-scaling,mapf,pymapf,random_obstacles/16x16/n4/d0.15,random_obstacles/d0.15,pibt,,,,3,0,20.0,3072,solved,True,True,0.002152746994397603,35.0,,12,35,12,,,18.91,,,2026-08-20T21:56:13+00:00,0.1.0,62459c293440,3.10.12,Linux 6.8.0-136-generic (x86_64),11th Gen Intel(R) Core(TM) i7-11850H @ 2.50GHz,16,wardn-thinkpad,"{""cuda-planning"": ""not-installed"", ""jupyddl"": ""2.3.0"", ""matplotlib"": ""3.10.9"", ""numpy"": ""2.2.6"", ""openplan-bench"": ""0.1.0"", ""pymapf"": ""0.8.0""}",2
mapf-scaling,mapf,pymapf,random_obstacles/16x16/n4/d0.15,random_obstacles/d0.15,pibt,,,,4,0,20.0,3072,solved,True,True,0.0025698820027173497,66.0,,23,66,23,,,18.91,,,2026-08-20T21:56:13+00:00,0.1.0,62459c293440,3.10.12,Linux 6.8.0-136-generic (x86_64),11th Gen Intel(R) Core(TM) i7-11850H @ 2.50GHz,16,wardn-thinkpad,"{""cuda-planning"": ""not-installed"", ""jupyddl"": ""2.3.0"", ""matplotlib"": ""3.10.9"", ""numpy"": ""2.2.6"", ""openplan-bench"": ""0.1.0"", ""pymapf"": ""0.8.0""}",2
mapf-scaling,mapf,pymapf,random_obstacles/16x16/n4/d0.15,random_obstacles/d0.15,lacam,,,,0,0,20.0,3072,solved,True,True,0.002923560001363512,65.0,,21,65,21,,,18.91,,,2026-08-20T21:56:13+00:00,0.1.0,62459c293440,3.10.12,Linux 6.8.0-136-generic (x86_64),11th Gen Intel(R) Core(TM) i7-11850H @ 2.50GHz,16,wardn-thinkpad,"{""cuda-planning"": ""not-installed"", ""jupyddl"": ""2.3.0"", ""matplotlib"": ""3.10.9"", ""numpy"": ""2.2.6"", ""openplan-bench"": ""0.1.0"", ""pymapf"": ""0.8.0""}",2
mapf-scaling,mapf,pymapf,random_obstacles/16x16/n4/d0.15,random_obstacles/d0.15,lacam,,,,1,0,20.0,3072,solved,True,True,0.0023592279976583086,38.0,,12,38,12,,,18.91,,,2026-08-20T21:56:13+00:00,0.1.0,62459c293440,3.10.12,Linux 6.8.0-136-generic (x86_64),11th Gen Intel(R) Core(TM) i7-11850H @ 2.50GHz,16,wardn-thinkpad,"{""cuda-planning"": ""not-installed"", ""jupyddl"": ""2.3.0"", ""matplotlib"": ""3.10.9"", ""numpy"": ""2.2.6"", ""openplan-bench"": ""0.1.0"", ""pymapf"": ""0.8.0""}",2
mapf-scaling,mapf,pymapf,random_obstacles/16x16/n4/d0.15,random_obstacles/d0.15,lacam,,,,2,0,20.0,3072,solved,True,True,0.002523319999454543,44.0,,16,44,16,,,18.91,,,2026-08-20T21:56:13+00:00,0.1.0,62459c293440,3.10.12,Linux 6.8.0-136-generic (x86_64),11th Gen Intel(R) Core(TM) i7-11850H @ 2.50GHz,16,wardn-thinkpad,"{""cuda-planning"": ""not-installed"", ""jupyddl"": ""2.3.0"", ""matplotlib"": ""3.10.9"", ""numpy"": ""2.2.6"", ""openplan-bench"": ""0.1.0"", ""pymapf"": ""0.8.0""}",2
mapf-scaling,mapf,pymapf,random_obstacles/16x16/n4/d0.15,random_obstacles/d0.15,lacam,,,,3,0,20.0,3072,solved,True,True,0.0026064589983434416,35.0,,12,35,12,,,18.91,,,2026-08-20T21:56:13+00:00,0.1.0,62459c293440,3.10.12,Linux 6.8.0-136-generic (x86_64),11th Gen Intel(R) Core(TM) i7-11850H @ 2.50GHz,16,wardn-thinkpad,"{""cuda-planning"": ""not-installed"", ""jupyddl"": ""2.3.0"", ""matplotlib"": ""3.10.9"", ""numpy"": ""2.2.6"", ""openplan-bench"": ""0.1.0"", ""pymapf"": ""0.8.0""}",2
mapf-scaling,mapf,pymapf,random_obstacles/16x16/n4/d0.15,random_obstacles/d0.15,lacam,,,,4,0,20.0,3072,solved,True,True,0.002699291995668318,66.0,,23,66,23,,,18.91,,,2026-08-20T21:56:13+00:00,0.1.0,62459c293440,3.10.12,Linux 6.8.0-136-generic (x86_64),11th Gen Intel(R) Core(TM) i7-11850H @ 2.50GHz,16,wardn-thinkpad,"{""cuda-planning"": ""not-installed"", ""jupyddl"": ""2.3.0"", ""matplotlib"": ""3.10.9"", ""numpy"": ""2.2.6"", ""openplan-bench"": ""0.1.0"", ""pymapf"": ""0.8.0""}",2
mapf-scaling,mapf,pymapf,random_obstacles/16x16/n8/d0.15,random_obstacles/d0.15,cbs,,,,0,0,20.0,3072,solved,True,True,0.006370800998411141,98.0,,19,98,5,,,18.91,,,2026-08-20T21:56:13+00:00,0.1.0,62459c293440,3.10.12,Linux 6.8.0-136-generic (x86_64),11th Gen Intel(R) Core(TM) i7-11850H @ 2.50GHz,16,wardn-thinkpad,"{""cuda-planning"": ""not-installed"", ""jupyddl"": ""2.3.0"", ""matplotlib"": ""3.10.9"", ""numpy"": ""2.2.6"", ""openplan-bench"": ""0.1.0"", ""pymapf"": ""0.8.0""}",2
mapf-scaling,mapf,pymapf,random_obstacles/16x16/n8/d0.15,random_obstacles/d0.15,cbs,,,,1,0,20.0,3072,solved,True,True,0.0023056780046317726,64.0,,14,64,2,,,18.91,,,2026-08-20T21:56:13+00:00,0.1.0,62459c293440,3.10.12,Linux 6.8.0-136-generic (x86_64),11th Gen Intel(R) Core(TM) i7-11850H @ 2.50GHz,16,wardn-thinkpad,"{""cuda-planning"": ""not-installed"", ""jupyddl"": ""2.3.0"", ""matplotlib"": ""3.10.9"", ""numpy"": ""2.2.6"", ""openplan-bench"": ""0.1.0"", ""pymapf"": ""0.8.0""}",2
mapf-scaling,mapf,pymapf,random_obstacles/16x16/n8/d0.15,random_obstacles/d0.15,cbs,,,,2,0,20.0,3072,solved,True,True,0.0012453109957277775,62.0,,11,62,1,,,18.91,,,2026-08-20T21:56:13+00:00,0.1.0,62459c293440,3.10.12,Linux 6.8.0-136-generic (x86_64),11th Gen Intel(R) Core(TM) i7-11850H @ 2.50GHz,16,wardn-thinkpad,"{""cuda-planning"": ""not-installed"", ""jupyddl"": ""2.3.0"", ""matplotlib"": ""3.10.9"", ""numpy"": ""2.2.6"", ""openplan-bench"": ""0.1.0"", ""pymapf"": ""0.8.0""}",2
mapf-scaling,mapf,pymapf,random_obstacles/16x16/n8/d0.15,random_obstacles/d0.15,cbs,,,,3,0,20.0,3072,solved,True,True,0.004037528000480961,70.0,,16,70,5,,,18.91,,,2026-08-20T21:56:13+00:00,0.1.0,62459c293440,3.10.12,Linux 6.8.0-136-generic (x86_64),11th Gen Intel(R) Core(TM) i7-11850H @ 2.50GHz,16,wardn-thinkpad,"{""cuda-planning"": ""not-installed"", ""jupyddl"": ""2.3.0"", ""matplotlib"": ""3.10.9"", ""numpy"": ""2.2.6"", ""openplan-bench"": ""0.1.0"", ""pymapf"": ""0.8.0""}",2
mapf-scaling,mapf,pymapf,random_obstacles/16x16/n8/d0.15,random_obstacles/d0.15,cbs,,,,4,0,20.0,3072,solved,True,True,0.004740253003546968,63.0,,17,63,5,,,18.91,,,2026-08-20T21:56:13+00:00,0.1.0,62459c293440,3.10.12,Linux 6.8.0-136-generic (x86_64),11th Gen Intel(R) Core(TM) i7-11850H @ 2.50GHz,16,wardn-thinkpad,"{""cuda-planning"": ""not-installed"", ""jupyddl"": ""2.3.0"", ""matplotlib"": ""3.10.9"", ""numpy"": ""2.2.6"", ""openplan-bench"": ""0.1.0"", ""pymapf"": ""0.8.0""}",2
mapf-scaling,mapf,pymapf,random_obstacles/16x16/n8/d0.15,random_obstacles/d0.15,wcbs,,,"{""weight"": 1.5}",0,0,20.0,3072,solved,True,True,0.0064033500020741485,98.0,,19,98,5,,,18.91,,,2026-08-20T21:56:13+00:00,0.1.0,62459c293440,3.10.12,Linux 6.8.0-136-generic (x86_64),11th Gen Intel(R) Core(TM) i7-11850H @ 2.50GHz,16,wardn-thinkpad,"{""cuda-planning"": ""not-installed"", ""jupyddl"": ""2.3.0"", ""matplotlib"": ""3.10.9"", ""numpy"": ""2.2.6"", ""openplan-bench"": ""0.1.0"", ""pymapf"": ""0.8.0""}",2
mapf-scaling,mapf,pymapf,random_obstacles/16x16/n8/d0.15,random_obstacles/d0.15,wcbs,,,"{""weight"": 1.5}",1,0,20.0,3072,solved,True,True,0.002065186003164854,64.0,,14,64,2,,,18.91,,,2026-08-20T21:56:13+00:00,0.1.0,62459c293440,3.10.12,Linux 6.8.0-136-generic (x86_64),11th Gen Intel(R) Core(TM) i7-11850H @ 2.50GHz,16,wardn-thinkpad,"{""cuda-planning"": ""not-installed"", ""jupyddl"": ""2.3.0"", ""matplotlib"": ""3.10.9"", ""numpy"": ""2.2.6"", ""openplan-bench"": ""0.1.0"", ""pymapf"": ""0.8.0""}",2
mapf-scaling,mapf,pymapf,random_obstacles/16x16/n8/d0.15,random_obstacles/d0.15,wcbs,,,"{""weight"": 1.5}",2,0,20.0,3072,solved,True,True,0.0011320390040054917,62.0,,11,62,1,,,18.91,,,2026-08-20T21:56:13+00:00,0.1.0,62459c293440,3.10.12,Linux 6.8.0-136-generic (x86_64),11th Gen Intel(R) Core(TM) i7-11850H @ 2.50GHz,16,wardn-thinkpad,"{""cuda-planning"": ""not-installed"", ""jupyddl"": ""2.3.0"", ""matplotlib"": ""3.10.9"", ""numpy"": ""2.2.6"", ""openplan-bench"": ""0.1.0"", ""pymapf"": ""0.8.0""}",2
mapf-scaling,mapf,pymapf,random_obstacles/16x16/n8/d0.15,random_obstacles/d0.15,wcbs,,,"{""weight"": 1.5}",3,0,20.0,3072,solved,True,True,0.0022024749996489845,70.0,,16,70,2,,,18.91,,,2026-08-20T21:56:13+00:00,0.1.0,62459c293440,3.10.12,Linux 6.8.0-136-generic (x86_64),11th Gen Intel(R) Core(TM) i7-11850H @ 2.50GHz,16,wardn-thinkpad,"{""cuda-planning"": ""not-installed"", ""jupyddl"": ""2.3.0"", ""matplotlib"": ""3.10.9"", ""numpy"": ""2.2.6"", ""openplan-bench"": ""0.1.0"", ""pymapf"": ""0.8.0""}",2
mapf-scaling,mapf,pymapf,random_obstacles/16x16/n8/d0.15,random_obstacles/d0.15,wcbs,,,"{""weight"": 1.5}",4,0,20.0,3072,solved,True,True,0.004847026000788901,63.0,,17,63,5,,,18.91,,,2026-08-20T21:56:13+00:00,0.1.0,62459c293440,3.10.12,Linux 6.8.0-136-generic (x86_64),11th Gen Intel(R) Core(TM) i7-11850H @ 2.50GHz,16,wardn-thinkpad,"{""cuda-planning"": ""not-installed"", ""jupyddl"": ""2.3.0"", ""matplotlib"": ""3.10.9"", ""numpy"": ""2.2.6"", ""openplan-bench"": ""0.1.0"", ""pymapf"": ""0.8.0""}",2
mapf-scaling,mapf,pymapf,random_obstacles/16x16/n8/d0.15,random_obstacles/d0.15,prioritized,,,,0,0,20.0,3072,solved,True,True,0.004149920001509599,99.0,,19,99,8,,,18.91,,,2026-08-20T21:56:13+00:00,0.1.0,62459c293440,3.10.12,Linux 6.8.0-136-generic (x86_64),11th Gen Intel(R) Core(TM) i7-11850H @ 2.50GHz,16,wardn-thinkpad,"{""cuda-planning"": ""not-installed"", ""jupyddl"": ""2.3.0"", ""matplotlib"": ""3.10.9"", ""numpy"": ""2.2.6"", ""openplan-bench"": ""0.1.0"", ""pymapf"": ""0.8.0""}",2
mapf-scaling,mapf,pymapf,random_obstacles/16x16/n8/d0.15,random_obstacles/d0.15,prioritized,,,,1,0,20.0,3072,solved,True,True,0.0026543279964243993,64.0,,14,64,8,,,18.91,,,2026-08-20T21:56:13+00:00,0.1.0,62459c293440,3.10.12,Linux 6.8.0-136-generic (x86_64),11th Gen Intel(R) Core(TM) i7-11850H @ 2.50GHz,16,wardn-thinkpad,"{""cuda-planning"": ""not-installed"", ""jupyddl"": ""2.3.0"", ""matplotlib"": ""3.10.9"", ""numpy"": ""2.2.6"", ""openplan-bench"": ""0.1.0"", ""pymapf"": ""0.8.0""}",2
mapf-scaling,mapf,pymapf,random_obstacles/16x16/n8/d0.15,random_obstacles/d0.15,prioritized,,,,2,0,20.0,3072,solved,True,True,0.0023828409975976683,62.0,,11,62,8,,,18.91,,,2026-08-20T21:56:13+00:00,0.1.0,62459c293440,3.10.12,Linux 6.8.0-136-generic (x86_64),11th Gen Intel(R) Core(TM) i7-11850H @ 2.50GHz,16,wardn-thinkpad,"{""cuda-planning"": ""not-installed"", ""jupyddl"": ""2.3.0"", ""matplotlib"": ""3.10.9"", ""numpy"": ""2.2.6"", ""openplan-bench"": ""0.1.0"", ""pymapf"": ""0.8.0""}",2
mapf-scaling,mapf,pymapf,random_obstacles/16x16/n8/d0.15,random_obstacles/d0.15,prioritized,,,,3,0,20.0,3072,solved,True,True,0.0027353010009392165,70.0,,16,70,8,,,18.91,,,2026-08-20T21:56:13+00:00,0.1.0,62459c293440,3.10.12,Linux 6.8.0-136-generic (x86_64),11th Gen Intel(R) Core(TM) i7-11850H @ 2.50GHz,16,wardn-thinkpad,"{""cuda-planning"": ""not-installed"", ""jupyddl"": ""2.3.0"", ""matplotlib"": ""3.10.9"", ""numpy"": ""2.2.6"", ""openplan-bench"": ""0.1.0"", ""pymapf"": ""0.8.0""}",2
mapf-scaling,mapf,pymapf,random_obstacles/16x16/n8/d0.15,random_obstacles/d0.15,prioritized,,,,4,0,20.0,3072,solved,True,True,0.003306197002530098,70.0,,17,70,8,,,18.91,,,2026-08-20T21:56:13+00:00,0.1.0,62459c293440,3.10.12,Linux 6.8.0-136-generic (x86_64),11th Gen Intel(R) Core(TM) i7-11850H @ 2.50GHz,16,wardn-thinkpad,"{""cuda-planning"": ""not-installed"", ""jupyddl"": ""2.3.0"", ""matplotlib"": ""3.10.9"", ""numpy"": ""2.2.6"", ""openplan-bench"": ""0.1.0"", ""pymapf"": ""0.8.0""}",2
mapf-scaling,mapf,pymapf,random_obstacles/16x16/n8/d0.15,random_obstacles/d0.15,pibt,,,,0,0,20.0,3072,solved,True,True,0.004076065000845119,109.0,,19,109,19,,,18.91,,,2026-08-20T21:56:13+00:00,0.1.0,62459c293440,3.10.12,Linux 6.8.0-136-generic (x86_64),11th Gen Intel(R) Core(TM) i7-11850H @ 2.50GHz,16,wardn-thinkpad,"{""cuda-planning"": ""not-installed"", ""jupyddl"": ""2.3.0"", ""matplotlib"": ""3.10.9"", ""numpy"": ""2.2.6"", ""openplan-bench"": ""0.1.0"", ""pymapf"": ""0.8.0""}",2
mapf-scaling,mapf,pymapf,random_obstacles/16x16/n8/d0.15,random_obstacles/d0.15,pibt,,,,1,0,20.0,3072,solved,True,True,0.0036935870011802763,64.0,,14,64,14,,,18.91,,,2026-08-20T21:56:13+00:00,0.1.0,62459c293440,3.10.12,Linux 6.8.0-136-generic (x86_64),11th Gen Intel(R) Core(TM) i7-11850H @ 2.50GHz,16,wardn-thinkpad,"{""cuda-planning"": ""not-installed"", ""jupyddl"": ""2.3.0"", ""matplotlib"": ""3.10.9"", ""numpy"": ""2.2.6"", ""openplan-bench"": ""0.1.0"", ""pymapf"": ""0.8.0""}",2
mapf-scaling,mapf,pymapf,random_obstacles/16x16/n8/d0.15,random_obstacles/d0.15,pibt,,,,2,0,20.0,3072,solved,True,True,0.0033626209988142364,62.0,,11,62,11,,,18.91,,,2026-08-20T21:56:13+00:00,0.1.0,62459c293440,3.10.12,Linux 6.8.0-136-generic (x86_64),11th Gen Intel(R) Core(TM) i7-11850H @ 2.50GHz,16,wardn-thinkpad,"{""cuda-planning"": ""not-installed"", ""jupyddl"": ""2.3.0"", ""matplotlib"": ""3.10.9"", ""numpy"": ""2.2.6"", ""openplan-bench"": ""0.1.0"", ""pymapf"": ""0.8.0""}",2
mapf-scaling,mapf,pymapf,random_obstacles/16x16/n8/d0.15,random_obstacles/d0.15,pibt,,,,3,0,20.0,3072,solved,True,True,0.004171022999798879,70.0,,16,70,16,,,18.91,,,2026-08-20T21:56:13+00:00,0.1.0,62459c293440,3.10.12,Linux 6.8.0-136-generic (x86_64),11th Gen Intel(R) Core(TM) i7-11850H @ 2.50GHz,16,wardn-thinkpad,"{""cuda-planning"": ""not-installed"", ""jupyddl"": ""2.3.0"", ""matplotlib"": ""3.10.9"", ""numpy"": ""2.2.6"", ""openplan-bench"": ""0.1.0"", ""pymapf"": ""0.8.0""}",2
mapf-scaling,mapf,pymapf,random_obstacles/16x16/n8/d0.15,random_obstacles/d0.15,pibt,,,,4,0,20.0,3072,solved,True,True,0.0036210500038578175,63.0,,17,63,17,,,18.91,,,2026-08-20T21:56:13+00:00,0.1.0,62459c293440,3.10.12,Linux 6.8.0-136-generic (x86_64),11th Gen Intel(R) Core(TM) i7-11850H @ 2.50GHz,16,wardn-thinkpad,"{""cuda-planning"": ""not-installed"", ""jupyddl"": ""2.3.0"", ""matplotlib"": ""3.10.9"", ""numpy"": ""2.2.6"", ""openplan-bench"": ""0.1.0"", ""pymapf"": ""0.8.0""}",2
mapf-scaling,mapf,pymapf,random_obstacles/16x16/n8/d0.15,random_obstacles/d0.15,lacam,,,,0,0,20.0,3072,solved,True,True,0.004584374000842217,109.0,,19,109,19,,,18.91,,,2026-08-20T21:56:13+00:00,0.1.0,62459c293440,3.10.12,Linux 6.8.0-136-generic (x86_64),11th Gen Intel(R) Core(TM) i7-11850H @ 2.50GHz,16,wardn-thinkpad,"{""cuda-planning"": ""not-installed"", ""jupyddl"": ""2.3.0"", ""matplotlib"": ""3.10.9"", ""numpy"": ""2.2.6"", ""openplan-bench"": ""0.1.0"", ""pymapf"": ""0.8.0""}",2
mapf-scaling,mapf,pymapf,random_obstacles/16x16/n8/d0.15,random_obstacles/d0.15,lacam,,,,1,0,20.0,3072,solved,True,True,0.003980880996095948,64.0,,14,64,14,,,18.91,,,2026-08-20T21:56:13+00:00,0.1.0,62459c293440,3.10.12,Linux 6.8.0-136-generic (x86_64),11th Gen Intel(R) Core(TM) i7-11850H @ 2.50GHz,16,wardn-thinkpad,"{""cuda-planning"": ""not-installed"", ""jupyddl"": ""2.3.0"", ""matplotlib"": ""3.10.9"", ""numpy"": ""2.2.6"", ""openplan-bench"": ""0.1.0"", ""pymapf"": ""0.8.0""}",2
mapf-scaling,mapf,pymapf,random_obstacles/16x16/n8/d0.15,random_obstacles/d0.15,lacam,,,,2,0,20.0,3072,solved,True,True,0.003687146003358066,62.0,,11,62,11,,,18.91,,,2026-08-20T21:56:13+00:00,0.1.0,62459c293440,3.10.12,Linux 6.8.0-136-generic (x86_64),11th Gen Intel(R) Core(TM) i7-11850H @ 2.50GHz,16,wardn-thinkpad,"{""cuda-planning"": ""not-installed"", ""jupyddl"": ""2.3.0"", ""matplotlib"": ""3.10.9"", ""numpy"": ""2.2.6"", ""openplan-bench"": ""0.1.0"", ""pymapf"": ""0.8.0""}",2
mapf-scaling,mapf,pymapf,random_obstacles/16x16/n8/d0.15,random_obstacles/d0.15,lacam,,,,3,0,20.0,3072,solved,True,True,0.004104751998966094,70.0,,16,70,16,,,18.91,,,2026-08-20T21:56:13+00:00,0.1.0,62459c293440,3.10.12,Linux 6.8.0-136-generic (x86_64),11th Gen Intel(R) Core(TM) i7-11850H @ 2.50GHz,16,wardn-thinkpad,"{""cuda-planning"": ""not-installed"", ""jupyddl"": ""2.3.0"", ""matplotlib"": ""3.10.9"", ""numpy"": ""2.2.6"", ""openplan-bench"": ""0.1.0"", ""pymapf"": ""0.8.0""}",2
mapf-scaling,mapf,pymapf,random_obstacles/16x16/n8/d0.15,random_obstacles/d0.15,lacam,,,,4,0,20.0,3072,solved,True,True,0.004008613999758381,63.0,,17,63,17,,,18.91,,,2026-08-20T21:56:13+00:00,0.1.0,62459c293440,3.10.12,Linux 6.8.0-136-generic (x86_64),11th Gen Intel(R) Core(TM) i7-11850H @ 2.50GHz,16,wardn-thinkpad,"{""cuda-planning"": ""not-installed"", ""jupyddl"": ""2.3.0"", ""matplotlib"": ""3.10.9"", ""numpy"": ""2.2.6"", ""openplan-bench"": ""0.1.0"", ""pymapf"": ""0.8.0""}",2
mapf-scaling,mapf,pymapf,random_obstacles/16x16/n16/d0.15,random_obstacles/d0.15,cbs,,,,0,0,20.0,3072,solved,True,True,0.13045973700354807,173.0,,24,173,38,,,18.91,,,2026-08-20T21:56:13+00:00,0.1.0,62459c293440,3.10.12,Linux 6.8.0-136-generic (x86_64),11th Gen Intel(R) Core(TM) i7-11850H @ 2.50GHz,16,wardn-thinkpad,"{""cuda-planning"": ""not-installed"", ""jupyddl"": ""2.3.0"", ""matplotlib"": ""3.10.9"", ""numpy"": ""2.2.6"", ""openplan-bench"": ""0.1.0"", ""pymapf"": ""0.8.0""}",2
mapf-scaling,mapf,pymapf,random_obstacles/16x16/n16/d0.15,random_obstacles/d0.15,cbs,,,,1,0,20.0,3072,solved,True,True,2.6640966549966834,174.0,,19,174,938,,,23.62,,,2026-08-20T21:56:13+00:00,0.1.0,62459c293440,3.10.12,Linux 6.8.0-136-generic (x86_64),11th Gen Intel(R) Core(TM) i7-11850H @ 2.50GHz,16,wardn-thinkpad,"{""cuda-planning"": ""not-installed"", ""jupyddl"": ""2.3.0"", ""matplotlib"": ""3.10.9"", ""numpy"": ""2.2.6"", ""openplan-bench"": ""0.1.0"", ""pymapf"": ""0.8.0""}",2
mapf-scaling,mapf,pymapf,random_obstacles/16x16/n16/d0.15,random_obstacles/d0.15,cbs,,,,2,0,20.0,3072,timeout,False,False,20.033354150000378,,,,,,,,82.25,,time limit (20s) reached after 5983 nodes,2026-08-20T21:56:13+00:00,0.1.0,62459c293440,3.10.12,Linux 6.8.0-136-generic (x86_64),11th Gen Intel(R) Core(TM) i7-11850H @ 2.50GHz,16,wardn-thinkpad,"{""cuda-planning"": ""not-installed"", ""jupyddl"": ""2.3.0"", ""matplotlib"": ""3.10.9"", ""numpy"": ""2.2.6"", ""openplan-bench"": ""0.1.0"", ""pymapf"": ""0.8.0""}",2
mapf-scaling,mapf,pymapf,random_obstacles/16x16/n16/d0.15,random_obstacles/d0.15,cbs,,,,3,0,20.0,3072,solved,True,True,0.39679051500570495,170.0,,21,170,135,,,18.91,,,2026-08-20T21:56:13+00:00,0.1.0,62459c293440,3.10.12,Linux 6.8.0-136-generic (x86_64),11th Gen Intel(R) Core(TM) i7-11850H @ 2.50GHz,16,wardn-thinkpad,"{""cuda-planning"": ""not-installed"", ""jupyddl"": ""2.3.0"", ""matplotlib"": ""3.10.9"", ""numpy"": ""2.2.6"", ""openplan-bench"": ""0.1.0"", ""pymapf"": ""0.8.0""}",2
mapf-scaling,mapf,pymapf,random_obstacles/16x16/n16/d0.15,random_obstacles/d0.15,cbs,,,,4,0,20.0,3072,solved,True,True,0.4101598280030885,134.0,,17,134,138,,,18.91,,,2026-08-20T21:56:13+00:00,0.1.0,62459c293440,3.10.12,Linux 6.8.0-136-generic (x86_64),11th Gen Intel(R) Core(TM) i7-11850H @ 2.50GHz,16,wardn-thinkpad,"{""cuda-planning"": ""not-installed"", ""jupyddl"": ""2.3.0"", ""matplotlib"": ""3.10.9"", ""numpy"": ""2.2.6"", ""openplan-bench"": ""0.1.0"", ""pymapf"": ""0.8.0""}",2
mapf-scaling,mapf,pymapf,random_obstacles/16x16/n16/d0.15,random_obstacles/d0.15,wcbs,,,"{""weight"": 1.5}",0,0,20.0,3072,solved,True,True,0.04858438899827888,186.0,,24,186,11,,,18.91,,,2026-08-20T21:56:13+00:00,0.1.0,62459c293440,3.10.12,Linux 6.8.0-136-generic (x86_64),11th Gen Intel(R) Core(TM) i7-11850H @ 2.50GHz,16,wardn-thinkpad,"{""cuda-planning"": ""not-installed"", ""jupyddl"": ""2.3.0"", ""matplotlib"": ""3.10.9"", ""numpy"": ""2.2.6"", ""openplan-bench"": ""0.1.0"", ""pymapf"": ""0.8.0""}",2
mapf-scaling,mapf,pymapf,random_obstacles/16x16/n16/d0.15,random_obstacles/d0.15,wcbs,,,"{""weight"": 1.5}",1,0,20.0,3072,solved,True,True,0.07340539099823218,176.0,,19,176,25,,,18.91,,,2026-08-20T21:56:13+00:00,0.1.0,62459c293440,3.10.12,Linux 6.8.0-136-generic (x86_64),11th Gen Intel(R) Core(TM) i7-11850H @ 2.50GHz,16,wardn-thinkpad,"{""cuda-planning"": ""not-installed"", ""jupyddl"": ""2.3.0"", ""matplotlib"": ""3.10.9"", ""numpy"": ""2.2.6"", ""openplan-bench"": ""0.1.0"", ""pymapf"": ""0.8.0""}",2
mapf-scaling,mapf,pymapf,random_obstacles/16x16/n16/d0.15,random_obstacles/d0.15,wcbs,,,"{""weight"": 1.5}",2,0,20.0,3072,solved,True,True,0.07167305199982366,165.0,,19,165,18,,,18.91,,,2026-08-20T21:56:13+00:00,0.1.0,62459c293440,3.10.12,Linux 6.8.0-136-generic (x86_64),11th Gen Intel(R) Core(TM) i7-11850H @ 2.50GHz,16,wardn-thinkpad,"{""cuda-planning"": ""not-installed"", ""jupyddl"": ""2.3.0"", ""matplotlib"": ""3.10.9"", ""numpy"": ""2.2.6"", ""openplan-bench"": ""0.1.0"", ""pymapf"": ""0.8.0""}",2
mapf-scaling,mapf,pymapf,random_obstacles/16x16/n16/d0.15,random_obstacles/d0.15,wcbs,,,"{""weight"": 1.5}",3,0,20.0,3072,solved,True,True,0.029402133004623465,170.0,,21,170,9,,,18.91,,,2026-08-20T21:56:13+00:00,0.1.0,62459c293440,3.10.12,Linux 6.8.0-136-generic (x86_64),11th Gen Intel(R) Core(TM) i7-11850H @ 2.50GHz,16,wardn-thinkpad,"{""cuda-planning"": ""not-installed"", ""jupyddl"": ""2.3.0"", ""matplotlib"": ""3.10.9"", ""numpy"": ""2.2.6"", ""openplan-bench"": ""0.1.0"", ""pymapf"": ""0.8.0""}",2
mapf-scaling,mapf,pymapf,random_obstacles/16x16/n16/d0.15,random_obstacles/d0.15,wcbs,,,"{""weight"": 1.5}",4,0,20.0,3072,solved,True,True,0.04685041899938369,140.0,,17,140,15,,,18.91,,,2026-08-20T21:56:13+00:00,0.1.0,62459c293440,3.10.12,Linux 6.8.0-136-generic (x86_64),11th Gen Intel(R) Core(TM) i7-11850H @ 2.50GHz,16,wardn-thinkpad,"{""cuda-planning"": ""not-installed"", ""jupyddl"": ""2.3.0"", ""matplotlib"": ""3.10.9"", ""numpy"": ""2.2.6"", ""openplan-bench"": ""0.1.0"", ""pymapf"": ""0.8.0""}",2
mapf-scaling,mapf,pymapf,random_obstacles/16x16/n16/d0.15,random_obstacles/d0.15,prioritized,,,,0,0,20.0,3072,solved,True,True,0.015071886002260726,181.0,,24,181,16,,,18.91,,,2026-08-20T21:56:13+00:00,0.1.0,62459c293440,3.10.12,Linux 6.8.0-136-generic (x86_64),11th Gen Intel(R) Core(TM) i7-11850H @ 2.50GHz,16,wardn-thinkpad,"{""cuda-planning"": ""not-installed"", ""jupyddl"": ""2.3.0"", ""matplotlib"": ""3.10.9"", ""numpy"": ""2.2.6"", ""openplan-bench"": ""0.1.0"", ""pymapf"": ""0.8.0""}",2
mapf-scaling,mapf,pymapf,random_obstacles/16x16/n16/d0.15,random_obstacles/d0.15,prioritized,,,,1,0,20.0,3072,solved,True,True,0.013815170001180377,177.0,,19,177,16,,,18.91,,,2026-08-20T21:56:13+00:00,0.1.0,62459c293440,3.10.12,Linux 6.8.0-136-generic (x86_64),11th Gen Intel(R) Core(TM) i7-11850H @ 2.50GHz,16,wardn-thinkpad,"{""cuda-planning"": ""not-installed"", ""jupyddl"": ""2.3.0"", ""matplotlib"": ""3.10.9"", ""numpy"": ""2.2.6"", ""openplan-bench"": ""0.1.0"", ""pymapf"": ""0.8.0""}",2
mapf-scaling,mapf,pymapf,random_obstacles/16x16/n16/d0.15,random_obstacles/d0.15,prioritized,,,,2,0,20.0,3072,solved,True,True,0.013423318006971385,165.0,,19,165,16,,,18.91,,,2026-08-20T21:56:13+00:00,0.1.0,62459c293440,3.10.12,Linux 6.8.0-136-generic (x86_64),11th Gen Intel(R) Core(TM) i7-11850H @ 2.50GHz,16,wardn-thinkpad,"{""cuda-planning"": ""not-installed"", ""jupyddl"": ""2.3.0"", ""matplotlib"": ""3.10.9"", ""numpy"": ""2.2.6"", ""openplan-bench"": ""0.1.0"", ""pymapf"": ""0.8.0""}",2
mapf-scaling,mapf,pymapf,random_obstacles/16x16/n16/d0.15,random_obstacles/d0.15,prioritized,,,,3,0,20.0,3072,solved,True,True,0.012976878002518788,170.0,,21,170,16,,,18.91,,,2026-08-20T21:56:13+00:00,0.1.0,62459c293440,3.10.12,Linux 6.8.0-136-generic (x86_64),11th Gen Intel(R) Core(TM) i7-11850H @ 2.50GHz,16,wardn-thinkpad,"{""cuda-planning"": ""not-installed"", ""jupyddl"": ""2.3.0"", ""matplotlib"": ""3.10.9"", ""numpy"": ""2.2.6"", ""openplan-bench"": ""0.1.0"", ""pymapf"": ""0.8.0""}",2
mapf-scaling,mapf,pymapf,random_obstacles/16x16/n16/d0.15,random_obstacles/d0.15,prioritized,,,,4,0,20.0,3072,solved,True,True,0.01087388199812267,137.0,,17,137,16,,,18.91,,,2026-08-20T21:56:13+00:00,0.1.0,62459c293440,3.10.12,Linux 6.8.0-136-generic (x86_64),11th Gen Intel(R) Core(TM) i7-11850H @ 2.50GHz,16,wardn-thinkpad,"{""cuda-planning"": ""not-installed"", ""jupyddl"": ""2.3.0"", ""matplotlib"": ""3.10.9"", ""numpy"": ""2.2.6"", ""openplan-bench"": ""0.1.0"", ""pymapf"": ""0.8.0""}",2
mapf-scaling,mapf,pymapf,random_obstacles/16x16/n16/d0.15,random_obstacles/d0.15,pibt,,,,0,0,20.0,3072,solved,True,True,0.007959018003020901,223.0,,24,223,24,,,18.91,,,2026-08-20T21:56:13+00:00,0.1.0,62459c293440,3.10.12,Linux 6.8.0-136-generic (x86_64),11th Gen Intel(R) Core(TM) i7-11850H @ 2.50GHz,16,wardn-thinkpad,"{""cuda-planning"": ""not-installed"", ""jupyddl"": ""2.3.0"", ""matplotlib"": ""3.10.9"", ""numpy"": ""2.2.6"", ""openplan-bench"": ""0.1.0"", ""pymapf"": ""0.8.0""}",2
mapf-scaling,mapf,pymapf,random_obstacles/16x16/n16/d0.15,random_obstacles/d0.15,pibt,,,,1,0,20.0,3072,solved,True,True,0.007341989999986254,176.0,,19,176,19,,,18.91,,,2026-08-20T21:56:13+00:00,0.1.0,62459c293440,3.10.12,Linux 6.8.0-136-generic (x86_64),11th Gen Intel(R) Core(TM) i7-11850H @ 2.50GHz,16,wardn-thinkpad,"{""cuda-planning"": ""not-installed"", ""jupyddl"": ""2.3.0"", ""matplotlib"": ""3.10.9"", ""numpy"": ""2.2.6"", ""openplan-bench"": ""0.1.0"", ""pymapf"": ""0.8.0""}",2
mapf-scaling,mapf,pymapf,random_obstacles/16x16/n16/d0.15,random_obstacles/d0.15,pibt,,,,2,0,20.0,3072,solved,True,True,0.006997898999543395,191.0,,19,191,19,,,18.91,,,2026-08-20T21:56:13+00:00,0.1.0,62459c293440,3.10.12,Linux 6.8.0-136-generic (x86_64),11th Gen Intel(R) Core(TM) i7-11850H @ 2.50GHz,16,wardn-thinkpad,"{""cuda-planning"": ""not-installed"", ""jupyddl"": ""2.3.0"", ""matplotlib"": ""3.10.9"", ""numpy"": ""2.2.6"", ""openplan-bench"": ""0.1.0"", ""pymapf"": ""0.8.0""}",2
mapf-scaling,mapf,pymapf,random_obstacles/16x16/n16/d0.15,random_obstacles/d0.15,pibt,,,,3,0,20.0,3072,solved,True,True,0.007597324001835659,190.0,,21,190,21,,,18.91,,,2026-08-20T21:56:13+00:00,0.1.0,62459c293440,3.10.12,Linux 6.8.0-136-generic (x86_64),11th Gen Intel(R) Core(TM) i7-11850H @ 2.50GHz,16,wardn-thinkpad,"{""cuda-planning"": ""not-installed"", ""jupyddl"": ""2.3.0"", ""matplotlib"": ""3.10.9"", ""numpy"": ""2.2.6"", ""openplan-bench"": ""0.1.0"", ""pymapf"": ""0.8.0""}",2
mapf-scaling,mapf,pymapf,random_obstacles/16x16/n16/d0.15,random_obstacles/d0.15,pibt,,,,4,0,20.0,3072,solved,True,True,0.006763523000699934,170.0,,17,170,17,,,18.91,,,2026-08-20T21:56:13+00:00,0.1.0,62459c293440,3.10.12,Linux 6.8.0-136-generic (x86_64),11th Gen Intel(R) Core(TM) i7-11850H @ 2.50GHz,16,wardn-thinkpad,"{""cuda-planning"": ""not-installed"", ""jupyddl"": ""2.3.0"", ""matplotlib"": ""3.10.9"", ""numpy"": ""2.2.6"", ""openplan-bench"": ""0.1.0"", ""pymapf"": ""0.8.0""}",2
mapf-scaling,mapf,pymapf,random_obstacles/16x16/n16/d0.15,random_obstacles/d0.15,lacam,,,,0,0,20.0,3072,solved,True,True,0.008545759999833535,223.0,,24,223,24,,,18.91,,,2026-08-20T21:56:13+00:00,0.1.0,62459c293440,3.10.12,Linux 6.8.0-136-generic (x86_64),11th Gen Intel(R) Core(TM) i7-11850H @ 2.50GHz,16,wardn-thinkpad,"{""cuda-planning"": ""not-installed"", ""jupyddl"": ""2.3.0"", ""matplotlib"": ""3.10.9"", ""numpy"": ""2.2.6"", ""openplan-bench"": ""0.1.0"", ""pymapf"": ""0.8.0""}",2
mapf-scaling,mapf,pymapf,random_obstacles/16x16/n16/d0.15,random_obstacles/d0.15,lacam,,,,1,0,20.0,3072,solved,True,True,0.008112201998301316,176.0,,19,176,19,,,18.91,,,2026-08-20T21:56:13+00:00,0.1.0,62459c293440,3.10.12,Linux 6.8.0-136-generic (x86_64),11th Gen Intel(R) Core(TM) i7-11850H @ 2.50GHz,16,wardn-thinkpad,"{""cuda-planning"": ""not-installed"", ""jupyddl"": ""2.3.0"", ""matplotlib"": ""3.10.9"", ""numpy"": ""2.2.6"", ""openplan-bench"": ""0.1.0"", ""pymapf"": ""0.8.0""}",2
mapf-scaling,mapf,pymapf,random_obstacles/16x16/n16/d0.15,random_obstacles/d0.15,lacam,,,,2,0,20.0,3072,solved,True,True,0.007717330998275429,191.0,,19,191,19,,,18.91,,,2026-08-20T21:56:13+00:00,0.1.0,62459c293440,3.10.12,Linux 6.8.0-136-generic (x86_64),11th Gen Intel(R) Core(TM) i7-11850H @ 2.50GHz,16,wardn-thinkpad,"{""cuda-planning"": ""not-installed"", ""jupyddl"": ""2.3.0"", ""matplotlib"": ""3.10.9"", ""numpy"": ""2.2.6"", ""openplan-bench"": ""0.1.0"", ""pymapf"": ""0.8.0""}",2
mapf-scaling,mapf,pymapf,random_obstacles/16x16/n16/d0.15,random_obstacles/d0.15,lacam,,,,3,0,20.0,3072,solved,True,True,0.008212191001803149,190.0,,21,190,21,,,18.91,,,2026-08-20T21:56:13+00:00,0.1.0,62459c293440,3.10.12,Linux 6.8.0-136-generic (x86_64),11th Gen Intel(R) Core(TM) i7-11850H @ 2.50GHz,16,wardn-thinkpad,"{""cuda-planning"": ""not-installed"", ""jupyddl"": ""2.3.0"", ""matplotlib"": ""3.10.9"", ""numpy"": ""2.2.6"", ""openplan-bench"": ""0.1.0"", ""pymapf"": ""0.8.0""}",2
mapf-scaling,mapf,pymapf,random_obstacles/16x16/n16/d0.15,random_obstacles/d0.15,lacam,,,,4,0,20.0,3072,solved,True,True,0.007029587002762128,170.0,,17,170,17,,,18.91,,,2026-08-20T21:56:13+00:00,0.1.0,62459c293440,3.10.12,Linux 6.8.0-136-generic (x86_64),11th Gen Intel(R) Core(TM) i7-11850H @ 2.50GHz,16,wardn-thinkpad,"{""cuda-planning"": ""not-installed"", ""jupyddl"": ""2.3.0"", ""matplotlib"": ""3.10.9"", ""numpy"": ""2.2.6"", ""openplan-bench"": ""0.1.0"", ""pymapf"": ""0.8.0""}",2
mapf-scaling,mapf,pymapf,random_obstacles/16x16/n24/d0.15,random_obstacles/d0.15,cbs,,,,0,0,20.0,3072,solved,True,True,8.892673016998742,261.0,,22,261,1697,,,40.34,,,2026-08-20T21:56:13+00:00,0.1.0,62459c293440,3.10.12,Linux 6.8.0-136-generic (x86_64),11th Gen Intel(R) Core(TM) i7-11850H @ 2.50GHz,16,wardn-thinkpad,"{""cuda-planning"": ""not-installed"", ""jupyddl"": ""2.3.0"", ""matplotlib"": ""3.10.9"", ""numpy"": ""2.2.6"", ""openplan-bench"": ""0.1.0"", ""pymapf"": ""0.8.0""}",2
mapf-scaling,mapf,pymapf,random_obstacles/16x16/n24/d0.15,random_obstacles/d0.15,cbs,,,,1,0,20.0,3072,timeout,False,False,20.022382856004697,,,,,,,,84.71,,time limit (20s) reached after 4626 nodes,2026-08-20T21:56:13+00:00,0.1.0,62459c293440,3.10.12,Linux 6.8.0-136-generic (x86_64),11th Gen Intel(R) Core(TM) i7-11850H @ 2.50GHz,16,wardn-thinkpad,"{""cuda-planning"": ""not-installed"", ""jupyddl"": ""2.3.0"", ""matplotlib"": ""3.10.9"", ""numpy"": ""2.2.6"", ""openplan-bench"": ""0.1.0"", ""pymapf"": ""0.8.0""}",2
mapf-scaling,mapf,pymapf,random_obstacles/16x16/n24/d0.15,random_obstacles/d0.15,cbs,,,,2,0,20.0,3072,timeout,False,False,20.019521661997715,,,,,,,,75.46,,time limit (20s) reached after 4005 nodes,2026-08-20T21:56:13+00:00,0.1.0,62459c293440,3.10.12,Linux 6.8.0-136-generic (x86_64),11th Gen Intel(R) Core(TM) i7-11850H @ 2.50GHz,16,wardn-thinkpad,"{""cuda-planning"": ""not-installed"", ""jupyddl"": ""2.3.0"", ""matplotlib"": ""3.10.9"", ""numpy"": ""2.2.6"", ""openplan-bench"": ""0.1.0"", ""pymapf"": ""0.8.0""}",2
mapf-scaling,mapf,pymapf,random_obstacles/16x16/n24/d0.15,random_obstacles/d0.15,cbs,,,,3,0,20.0,3072,timeout,False,False,20.014933967002435,,,,,,,,63.71,,time limit (20s) reached after 3161 nodes,2026-08-20T21:56:13+00:00,0.1.0,62459c293440,3.10.12,Linux 6.8.0-136-generic (x86_64),11th Gen Intel(R) Core(TM) i7-11850H @ 2.50GHz,16,wardn-thinkpad,"{""cuda-planning"": ""not-installed"", ""jupyddl"": ""2.3.0"", ""matplotlib"": ""3.10.9"", ""numpy"": ""2.2.6"", ""openplan-bench"": ""0.1.0"", ""pymapf"": ""0.8.0""}",2
mapf-scaling,mapf,pymapf,random_obstacles/16x16/n24/d0.15,random_obstacles/d0.15,cbs,,,,4,0,20.0,3072,timeout,False,False,20.02232101000118,,,,,,,,72.09,,time limit (20s) reached after 3699 nodes,2026-08-20T21:56:13+00:00,0.1.0,62459c293440,3.10.12,Linux 6.8.0-136-generic (x86_64),11th Gen Intel(R) Core(TM) i7-11850H @ 2.50GHz,16,wardn-thinkpad,"{""cuda-planning"": ""not-installed"", ""jupyddl"": ""2.3.0"", ""matplotlib"": ""3.10.9"", ""numpy"": ""2.2.6"", ""openplan-bench"": ""0.1.0"", ""pymapf"": ""0.8.0""}",2
mapf-scaling,mapf,pymapf,random_obstacles/16x16/n24/d0.15,random_obstacles/d0.15,wcbs,,,"{""weight"": 1.5}",0,0,20.0,3072,solved,True,True,0.18246503800037317,275.0,,22,275,31,,,18.91,,,2026-08-20T21:56:13+00:00,0.1.0,62459c293440,3.10.12,Linux 6.8.0-136-generic (x86_64),11th Gen Intel(R) Core(TM) i7-11850H @ 2.50GHz,16,wardn-thinkpad,"{""cuda-planning"": ""not-installed"", ""jupyddl"": ""2.3.0"", ""matplotlib"": ""3.10.9"", ""numpy"": ""2.2.6"", ""openplan-bench"": ""0.1.0"", ""pymapf"": ""0.8.0""}",2
mapf-scaling,mapf,pymapf,random_obstacles/16x16/n24/d0.15,random_obstacles/d0.15,wcbs,,,"{""weight"": 1.5}",1,0,20.0,3072,solved,True,True,0.1944270609965315,237.0,,16,237,44,,,18.91,,,2026-08-20T21:56:13+00:00,0.1.0,62459c293440,3.10.12,Linux 6.8.0-136-generic (x86_64),11th Gen Intel(R) Core(TM) i7-11850H @ 2.50GHz,16,wardn-thinkpad,"{""cuda-planning"": ""not-installed"", ""jupyddl"": ""2.3.0"", ""matplotlib"": ""3.10.9"", ""numpy"": ""2.2.6"", ""openplan-bench"": ""0.1.0"", ""pymapf"": ""0.8.0""}",2
mapf-scaling,mapf,pymapf,random_obstacles/16x16/n24/d0.15,random_obstacles/d0.15,wcbs,,,"{""weight"": 1.5}",2,0,20.0,3072,solved,True,True,0.3096625510006561,281.0,,21,281,56,,,18.91,,,2026-08-20T21:56:13+00:00,0.1.0,62459c293440,3.10.12,Linux 6.8.0-136-generic (x86_64),11th Gen Intel(R) Core(TM) i7-11850H @ 2.50GHz,16,wardn-thinkpad,"{""cuda-planning"": ""not-installed"", ""jupyddl"": ""2.3.0"", ""matplotlib"": ""3.10.9"", ""numpy"": ""2.2.6"", ""openplan-bench"": ""0.1.0"", ""pymapf"": ""0.8.0""}",2
mapf-scaling,mapf,pymapf,random_obstacles/16x16/n24/d0.15,random_obstacles/d0.15,wcbs,,,"{""weight"": 1.5}",3,0,20.0,3072,solved,True,True,0.3948609100043541,308.0,,25,308,42,,,18.91,,,2026-08-20T21:56:13+00:00,0.1.0,62459c293440,3.10.12,Linux 6.8.0-136-generic (x86_64),11th Gen Intel(R) Core(TM) i7-11850H @ 2.50GHz,16,wardn-thinkpad,"{""cuda-planning"": ""not-installed"", ""jupyddl"": ""2.3.0"", ""matplotlib"": ""3.10.9"", ""numpy"": ""2.2.6"", ""openplan-bench"": ""0.1.0"", ""pymapf"": ""0.8.0""}",2
mapf-scaling,mapf,pymapf,random_obstacles/16x16/n24/d0.15,random_obstacles/d0.15,wcbs,,,"{""weight"": 1.5}",4,0,20.0,3072,solved,True,True,0.12850568900466897,245.0,,20,245,24,,,18.91,,,2026-08-20T21:56:13+00:00,0.1.0,62459c293440,3.10.12,Linux 6.8.0-136-generic (x86_64),11th Gen Intel(R) Core(TM) i7-11850H @ 2.50GHz,16,wardn-thinkpad,"{""cuda-planning"": ""not-installed"", ""jupyddl"": ""2.3.0"", ""matplotlib"": ""3.10.9"", ""numpy"": ""2.2.6"", ""openplan-bench"": ""0.1.0"", ""pymapf"": ""0.8.0""}",2
mapf-scaling,mapf,pymapf,random_obstacles/16x16/n24/d0.15,random_obstacles/d0.15,prioritized,,,,0,0,20.0,3072,solved,True,True,0.03903990300022997,285.0,,22,285,24,,,18.91,,,2026-08-20T21:56:13+00:00,0.1.0,62459c293440,3.10.12,Linux 6.8.0-136-generic (x86_64),11th Gen Intel(R) Core(TM) i7-11850H @ 2.50GHz,16,wardn-thinkpad,"{""cuda-planning"": ""not-installed"", ""jupyddl"": ""2.3.0"", ""matplotlib"": ""3.10.9"", ""numpy"": ""2.2.6"", ""openplan-bench"": ""0.1.0"", ""pymapf"": ""0.8.0""}",2
mapf-scaling,mapf,pymapf,random_obstacles/16x16/n24/d0.15,random_obstacles/d0.15,prioritized,,,,1,0,20.0,3072,solved,True,True,0.034022954998363275,240.0,,16,240,24,,,18.91,,,2026-08-20T21:56:13+00:00,0.1.0,62459c293440,3.10.12,Linux 6.8.0-136-generic (x86_64),11th Gen Intel(R) Core(TM) i7-11850H @ 2.50GHz,16,wardn-thinkpad,"{""cuda-planning"": ""not-installed"", ""jupyddl"": ""2.3.0"", ""matplotlib"": ""3.10.9"", ""numpy"": ""2.2.6"", ""openplan-bench"": ""0.1.0"", ""pymapf"": ""0.8.0""}",2
mapf-scaling,mapf,pymapf,random_obstacles/16x16/n24/d0.15,random_obstacles/d0.15,prioritized,,,,2,0,20.0,3072,solved,True,True,0.035423378001723904,282.0,,21,282,24,,,18.91,,,2026-08-20T21:56:13+00:00,0.1.0,62459c293440,3.10.12,Linux 6.8.0-136-generic (x86_64),11th Gen Intel(R) Core(TM) i7-11850H @ 2.50GHz,16,wardn-thinkpad,"{""cuda-planning"": ""not-installed"", ""jupyddl"": ""2.3.0"", ""matplotlib"": ""3.10.9"", ""numpy"": ""2.2.6"", ""openplan-bench"": ""0.1.0"", ""pymapf"": ""0.8.0""}",2
mapf-scaling,mapf,pymapf,random_obstacles/16x16/n24/d0.15,random_obstacles/d0.15,prioritized,,,,3,0,20.0,3072,unsolved,False,False,0.3345576479987358,,,,,,,,27.12,,agent 'a9' has no path under the reservations of the 9 higher-priority agents,2026-08-20T21:56:13+00:00,0.1.0,62459c293440,3.10.12,Linux 6.8.0-136-generic (x86_64),11th Gen Intel(R) Core(TM) i7-11850H @ 2.50GHz,16,wardn-thinkpad,"{""cuda-planning"": ""not-installed"", ""jupyddl"": ""2.3.0"", ""matplotlib"": ""3.10.9"", ""numpy"": ""2.2.6"", ""openplan-bench"": ""0.1.0"", ""pymapf"": ""0.8.0""}",2
mapf-scaling,mapf,pymapf,random_obstacles/16x16/n24/d0.15,random_obstacles/d0.15,prioritized,,,,4,0,20.0,3072,solved,True,True,0.03451428200060036,264.0,,20,264,24,,,18.91,,,2026-08-20T21:56:13+00:00,0.1.0,62459c293440,3.10.12,Linux 6.8.0-136-generic (x86_64),11th Gen Intel(R) Core(TM) i7-11850H @ 2.50GHz,16,wardn-thinkpad,"{""cuda-planning"": ""not-installed"", ""jupyddl"": ""2.3.0"", ""matplotlib"": ""3.10.9"", ""numpy"": ""2.2.6"", ""openplan-bench"": ""0.1.0"", ""pymapf"": ""0.8.0""}",2
mapf-scaling,mapf,pymapf,random_obstacles/16x16/n24/d0.15,random_obstacles/d0.15,pibt,,,,0,0,20.0,3072,solved,True,True,0.011895634001120925,365.0,,22,365,22,,,18.91,,,2026-08-20T21:56:13+00:00,0.1.0,62459c293440,3.10.12,Linux 6.8.0-136-generic (x86_64),11th Gen Intel(R) Core(TM) i7-11850H @ 2.50GHz,16,wardn-thinkpad,"{""cuda-planning"": ""not-installed"", ""jupyddl"": ""2.3.0"", ""matplotlib"": ""3.10.9"", ""numpy"": ""2.2.6"", ""openplan-bench"": ""0.1.0"", ""pymapf"": ""0.8.0""}",2
mapf-scaling,mapf,pymapf,random_obstacles/16x16/n24/d0.15,random_obstacles/d0.15,pibt,,,,1,0,20.0,3072,solved,True,True,0.011101834003056865,277.0,,17,277,17,,,18.91,,,2026-08-20T21:56:13+00:00,0.1.0,62459c293440,3.10.12,Linux 6.8.0-136-generic (x86_64),11th Gen Intel(R) Core(TM) i7-11850H @ 2.50GHz,16,wardn-thinkpad,"{""cuda-planning"": ""not-installed"", ""jupyddl"": ""2.3.0"", ""matplotlib"": ""3.10.9"", ""numpy"": ""2.2.6"", ""openplan-bench"": ""0.1.0"", ""pymapf"": ""0.8.0""}",2
mapf-scaling,mapf,pymapf,random_obstacles/16x16/n24/d0.15,random_obstacles/d0.15,pibt,,,,2,0,20.0,3072,solved,True,True,0.011606584004766773,335.0,,27,335,27,,,18.91,,,2026-08-20T21:56:13+00:00,0.1.0,62459c293440,3.10.12,Linux 6.8.0-136-generic (x86_64),11th Gen Intel(R) Core(TM) i7-11850H @ 2.50GHz,16,wardn-thinkpad,"{""cuda-planning"": ""not-installed"", ""jupyddl"": ""2.3.0"", ""matplotlib"": ""3.10.9"", ""numpy"": ""2.2.6"", ""openplan-bench"": ""0.1.0"", ""pymapf"": ""0.8.0""}",2
mapf-scaling,mapf,pymapf,random_obstacles/16x16/n24/d0.15,random_obstacles/d0.15,pibt,,,,3,0,20.0,3072,solved,True,True,0.01241039800515864,434.0,,26,434,26,,,18.91,,,2026-08-20T21:56:13+00:00,0.1.0,62459c293440,3.10.12,Linux 6.8.0-136-generic (x86_64),11th Gen Intel(R) Core(TM) i7-11850H @ 2.50GHz,16,wardn-thinkpad,"{""cuda-planning"": ""not-installed"", ""jupyddl"": ""2.3.0"", ""matplotlib"": ""3.10.9"", ""numpy"": ""2.2.6"", ""openplan-bench"": ""0.1.0"", ""pymapf"": ""0.8.0""}",2
mapf-scaling,mapf,pymapf,random_obstacles/16x16/n24/d0.15,random_obstacles/d0.15,pibt,,,,4,0,20.0,3072,solved,True,True,0.011723631003405899,291.0,,23,291,23,,,18.91,,,2026-08-20T21:56:13+00:00,0.1.0,62459c293440,3.10.12,Linux 6.8.0-136-generic (x86_64),11th Gen Intel(R) Core(TM) i7-11850H @ 2.50GHz,16,wardn-thinkpad,"{""cuda-planning"": ""not-installed"", ""jupyddl"": ""2.3.0"", ""matplotlib"": ""3.10.9"", ""numpy"": ""2.2.6"", ""openplan-bench"": ""0.1.0"", ""pymapf"": ""0.8.0""}",2
mapf-scaling,mapf,pymapf,random_obstacles/16x16/n24/d0.15,random_obstacles/d0.15,lacam,,,,0,0,20.0,3072,solved,True,True,0.013021539998590015,365.0,,22,365,22,,,18.91,,,2026-08-20T21:56:13+00:00,0.1.0,62459c293440,3.10.12,Linux 6.8.0-136-generic (x86_64),11th Gen Intel(R) Core(TM) i7-11850H @ 2.50GHz,16,wardn-thinkpad,"{""cuda-planning"": ""not-installed"", ""jupyddl"": ""2.3.0"", ""matplotlib"": ""3.10.9"", ""numpy"": ""2.2.6"", ""openplan-bench"": ""0.1.0"", ""pymapf"": ""0.8.0""}",2
mapf-scaling,mapf,pymapf,random_obstacles/16x16/n24/d0.15,random_obstacles/d0.15,lacam,,,,1,0,20.0,3072,solved,True,True,0.0118179359997157,277.0,,17,277,17,,,18.91,,,2026-08-20T21:56:13+00:00,0.1.0,62459c293440,3.10.12,Linux 6.8.0-136-generic (x86_64),11th Gen Intel(R) Core(TM) i7-11850H @ 2.50GHz,16,wardn-thinkpad,"{""cuda-planning"": ""not-installed"", ""jupyddl"": ""2.3.0"", ""matplotlib"": ""3.10.9"", ""numpy"": ""2.2.6"", ""openplan-bench"": ""0.1.0"", ""pymapf"": ""0.8.0""}",2
mapf-scaling,mapf,pymapf,random_obstacles/16x16/n24/d0.15,random_obstacles/d0.15,lacam,,,,2,0,20.0,3072,solved,True,True,0.01507646800018847,335.0,,27,335,27,,,18.91,,,2026-08-20T21:56:13+00:00,0.1.0,62459c293440,3.10.12,Linux 6.8.0-136-generic (x86_64),11th Gen Intel(R) Core(TM) i7-11850H @ 2.50GHz,16,wardn-thinkpad,"{""cuda-planning"": ""not-installed"", ""jupyddl"": ""2.3.0"", ""matplotlib"": ""3.10.9"", ""numpy"": ""2.2.6"", ""openplan-bench"": ""0.1.0"", ""pymapf"": ""0.8.0""}",2
mapf-scaling,mapf,pymapf,random_obstacles/16x16/n24/d0.15,random_obstacles/d0.15,lacam,,,,3,0,20.0,3072,solved,True,True,0.01462723599979654,434.0,,26,434,26,,,18.91,,,2026-08-20T21:56:13+00:00,0.1.0,62459c293440,3.10.12,Linux 6.8.0-136-generic (x86_64),11th Gen Intel(R) Core(TM) i7-11850H @ 2.50GHz,16,wardn-thinkpad,"{""cuda-planning"": ""not-installed"", ""jupyddl"": ""2.3.0"", ""matplotlib"": ""3.10.9"", ""numpy"": ""2.2.6"", ""openplan-bench"": ""0.1.0"", ""pymapf"": ""0.8.0""}",2
mapf-scaling,mapf,pymapf,random_obstacles/16x16/n24/d0.15,random_obstacles/d0.15,lacam,,,,4,0,20.0,3072,solved,True,True,0.014314484003989492,291.0,,23,291,23,,,18.91,,,2026-08-20T21:56:13+00:00,0.1.0,62459c293440,3.10.12,Linux 6.8.0-136-generic (x86_64),11th Gen Intel(R) Core(TM) i7-11850H @ 2.50GHz,16,wardn-thinkpad,"{""cuda-planning"": ""not-installed"", ""jupyddl"": ""2.3.0"", ""matplotlib"": ""3.10.9"", ""numpy"": ""2.2.6"", ""openplan-bench"": ""0.1.0"", ""pymapf"": ""0.8.0""}",2
mapf-scaling,mapf,pymapf,random_obstacles/16x16/n32/d0.15,random_obstacles/d0.15,cbs,,,,0,0,20.0,3072,timeout,False,False,20.016588049998973,,,,,,,,69.84,,time limit (20s) reached after 2933 nodes,2026-08-20T21:56:13+00:00,0.1.0,62459c293440,3.10.12,Linux 6.8.0-136-generic (x86_64),11th Gen Intel(R) Core(TM) i7-11850H @ 2.50GHz,16,wardn-thinkpad,"{""cuda-planning"": ""not-installed"", ""jupyddl"": ""2.3.0"", ""matplotlib"": ""3.10.9"", ""numpy"": ""2.2.6"", ""openplan-bench"": ""0.1.0"", ""pymapf"": ""0.8.0""}",2
mapf-scaling,mapf,pymapf,random_obstacles/16x16/n32/d0.15,random_obstacles/d0.15,cbs,,,,1,0,20.0,3072,timeout,False,False,20.01390689999971,,,,,,,,66.71,,time limit (20s) reached after 2763 nodes,2026-08-20T21:56:13+00:00,0.1.0,62459c293440,3.10.12,Linux 6.8.0-136-generic (x86_64),11th Gen Intel(R) Core(TM) i7-11850H @ 2.50GHz,16,wardn-thinkpad,"{""cuda-planning"": ""not-installed"", ""jupyddl"": ""2.3.0"", ""matplotlib"": ""3.10.9"", ""numpy"": ""2.2.6"", ""openplan-bench"": ""0.1.0"", ""pymapf"": ""0.8.0""}",2
mapf-scaling,mapf,pymapf,random_obstacles/16x16/n32/d0.15,random_obstacles/d0.15,cbs,,,,2,0,20.0,3072,timeout,False,False,20.01463542300189,,,,,,,,57.59,,time limit (20s) reached after 2308 nodes,2026-08-20T21:56:13+00:00,0.1.0,62459c293440,3.10.12,Linux 6.8.0-136-generic (x86_64),11th Gen Intel(R) Core(TM) i7-11850H @ 2.50GHz,16,wardn-thinkpad,"{""cuda-planning"": ""not-installed"", ""jupyddl"": ""2.3.0"", ""matplotlib"": ""3.10.9"", ""numpy"": ""2.2.6"", ""openplan-bench"": ""0.1.0"", ""pymapf"": ""0.8.0""}",2
mapf-scaling,mapf,pymapf,random_obstacles/16x16/n32/d0.15,random_obstacles/d0.15,cbs,,,,3,0,20.0,3072,timeout,False,False,20.015966254002706,,,,,,,,51.34,,time limit (20s) reached after 1978 nodes,2026-08-20T21:56:13+00:00,0.1.0,62459c293440,3.10.12,Linux 6.8.0-136-generic (x86_64),11th Gen Intel(R) Core(TM) i7-11850H @ 2.50GHz,16,wardn-thinkpad,"{""cuda-planning"": ""not-installed"", ""jupyddl"": ""2.3.0"", ""matplotlib"": ""3.10.9"", ""numpy"": ""2.2.6"", ""openplan-bench"": ""0.1.0"", ""pymapf"": ""0.8.0""}",2
mapf-scaling,mapf,pymapf,random_obstacles/16x16/n32/d0.15,random_obstacles/d0.15,cbs,,,,4,0,20.0,3072,timeout,False,False,20.01351486200292,,,,,,,,53.0,,time limit (20s) reached after 2073 nodes,2026-08-20T21:56:13+00:00,0.1.0,62459c293440,3.10.12,Linux 6.8.0-136-generic (x86_64),11th Gen Intel(R) Core(TM) i7-11850H @ 2.50GHz,16,wardn-thinkpad,"{""cuda-planning"": ""not-installed"", ""jupyddl"": ""2.3.0"", ""matplotlib"": ""3.10.9"", ""numpy"": ""2.2.6"", ""openplan-bench"": ""0.1.0"", ""pymapf"": ""0.8.0""}",2
mapf-scaling,mapf,pymapf,random_obstacles/16x16/n32/d0.15,random_obstacles/d0.15,wcbs,,,"{""weight"": 1.5}",0,0,20.0,3072,solved,True,True,0.9060964279997279,332.0,,17,332,107,,,18.91,,,2026-08-20T21:56:13+00:00,0.1.0,62459c293440,3.10.12,Linux 6.8.0-136-generic (x86_64),11th Gen Intel(R) Core(TM) i7-11850H @ 2.50GHz,16,wardn-thinkpad,"{""cuda-planning"": ""not-installed"", ""jupyddl"": ""2.3.0"", ""matplotlib"": ""3.10.9"", ""numpy"": ""2.2.6"", ""openplan-bench"": ""0.1.0"", ""pymapf"": ""0.8.0""}",2
mapf-scaling,mapf,pymapf,random_obstacles/16x16/n32/d0.15,random_obstacles/d0.15,wcbs,,,"{""weight"": 1.5}",1,0,20.0,3072,solved,True,True,0.7989548570039915,328.0,,18,328,89,,,18.91,,,2026-08-20T21:56:13+00:00,0.1.0,62459c293440,3.10.12,Linux 6.8.0-136-generic (x86_64),11th Gen Intel(R) Core(TM) i7-11850H @ 2.50GHz,16,wardn-thinkpad,"{""cuda-planning"": ""not-installed"", ""jupyddl"": ""2.3.0"", ""matplotlib"": ""3.10.9"", ""numpy"": ""2.2.6"", ""openplan-bench"": ""0.1.0"", ""pymapf"": ""0.8.0""}",2
mapf-scaling,mapf,pymapf,random_obstacles/16x16/n32/d0.15,random_obstacles/d0.15,wcbs,,,"{""weight"": 1.5}",2,0,20.0,3072,solved,True,True,11.572323495995079,407.0,,23,407,980,,,52.75,,,2026-08-20T21:56:13+00:00,0.1.0,62459c293440,3.10.12,Linux 6.8.0-136-generic (x86_64),11th Gen Intel(R) Core(TM) i7-11850H @ 2.50GHz,16,wardn-thinkpad,"{""cuda-planning"": ""not-installed"", ""jupyddl"": ""2.3.0"", ""matplotlib"": ""3.10.9"", ""numpy"": ""2.2.6"", ""openplan-bench"": ""0.1.0"", ""pymapf"": ""0.8.0""}",2
mapf-scaling,mapf,pymapf,random_obstacles/16x16/n32/d0.15,random_obstacles/d0.15,wcbs,,,"{""weight"": 1.5}",3,0,20.0,3072,solved,True,True,0.7098856829979923,399.0,,23,399,70,,,18.91,,,2026-08-20T21:56:13+00:00,0.1.0,62459c293440,3.10.12,Linux 6.8.0-136-generic (x86_64),11th Gen Intel(R) Core(TM) i7-11850H @ 2.50GHz,16,wardn-thinkpad,"{""cuda-planning"": ""not-installed"", ""jupyddl"": ""2.3.0"", ""matplotlib"": ""3.10.9"", ""numpy"": ""2.2.6"", ""openplan-bench"": ""0.1.0"", ""pymapf"": ""0.8.0""}",2
mapf-scaling,mapf,pymapf,random_obstacles/16x16/n32/d0.15,random_obstacles/d0.15,wcbs,,,"{""weight"": 1.5}",4,0,20.0,3072,solved,True,True,1.1853945570037467,372.0,,23,372,103,,,18.91,,,2026-08-20T21:56:13+00:00,0.1.0,62459c293440,3.10.12,Linux 6.8.0-136-generic (x86_64),11th Gen Intel(R) Core(TM) i7-11850H @ 2.50GHz,16,wardn-thinkpad,"{""cuda-planning"": ""not-installed"", ""jupyddl"": ""2.3.0"", ""matplotlib"": ""3.10.9"", ""numpy"": ""2.2.6"", ""openplan-bench"": ""0.1.0"", ""pymapf"": ""0.8.0""}",2
mapf-scaling,mapf,pymapf,random_obstacles/16x16/n32/d0.15,random_obstacles/d0.15,prioritized,,,,0,0,20.0,3072,unsolved,False,False,0.5692023410010734,,,,,,,,33.91,,agent 'a28' has no path under the reservations of the 28 higher-priority agents,2026-08-20T21:56:13+00:00,0.1.0,62459c293440,3.10.12,Linux 6.8.0-136-generic (x86_64),11th Gen Intel(R) Core(TM) i7-11850H @ 2.50GHz,16,wardn-thinkpad,"{""cuda-planning"": ""not-installed"", ""jupyddl"": ""2.3.0"", ""matplotlib"": ""3.10.9"", ""numpy"": ""2.2.6"", ""openplan-bench"": ""0.1.0"", ""pymapf"": ""0.8.0""}",2
mapf-scaling,mapf,pymapf,random_obstacles/16x16/n32/d0.15,random_obstacles/d0.15,prioritized,,,,1,0,20.0,3072,solved,True,True,0.06921895299456082,353.0,,19,353,32,,,18.91,,,2026-08-20T21:56:13+00:00,0.1.0,62459c293440,3.10.12,Linux 6.8.0-136-generic (x86_64),11th Gen Intel(R) Core(TM) i7-11850H @ 2.50GHz,16,wardn-thinkpad,"{""cuda-planning"": ""not-installed"", ""jupyddl"": ""2.3.0"", ""matplotlib"": ""3.10.9"", ""numpy"": ""2.2.6"", ""openplan-bench"": ""0.1.0"", ""pymapf"": ""0.8.0""}",2
mapf-scaling,mapf,pymapf,random_obstacles/16x16/n32/d0.15,random_obstacles/d0.15,prioritized,,,,2,0,20.0,3072,unsolved,False,False,0.38604475800093496,,,,,,,,29.46,,agent 'a13' has no path under the reservations of the 13 higher-priority agents,2026-08-20T21:56:13+00:00,0.1.0,62459c293440,3.10.12,Linux 6.8.0-136-generic (x86_64),11th Gen Intel(R) Core(TM) i7-11850H @ 2.50GHz,16,wardn-thinkpad,"{""cuda-planning"": ""not-installed"", ""jupyddl"": ""2.3.0"", ""matplotlib"": ""3.10.9"", ""numpy"": ""2.2.6"", ""openplan-bench"": ""0.1.0"", ""pymapf"": ""0.8.0""}",2
mapf-scaling,mapf,pymapf,random_obstacles/16x16/n32/d0.15,random_obstacles/d0.15,prioritized,,,,3,0,20.0,3072,solved,True,True,0.07628874199872371,385.0,,23,385,32,,,18.91,,,2026-08-20T21:56:13+00:00,0.1.0,62459c293440,3.10.12,Linux 6.8.0-136-generic (x86_64),11th Gen Intel(R) Core(TM) i7-11850H @ 2.50GHz,16,wardn-thinkpad,"{""cuda-planning"": ""not-installed"", ""jupyddl"": ""2.3.0"", ""matplotlib"": ""3.10.9"", ""numpy"": ""2.2.6"", ""openplan-bench"": ""0.1.0"", ""pymapf"": ""0.8.0""}",2
mapf-scaling,mapf,pymapf,random_obstacles/16x16/n32/d0.15,random_obstacles/d0.15,prioritized,,,,4,0,20.0,3072,unsolved,False,False,0.5362459079988184,,,,,,,,34.31,,agent 'a28' has no path under the reservations of the 28 higher-priority agents,2026-08-20T21:56:13+00:00,0.1.0,62459c293440,3.10.12,Linux 6.8.0-136-generic (x86_64),11th Gen Intel(R) Core(TM) i7-11850H @ 2.50GHz,16,wardn-thinkpad,"{""cuda-planning"": ""not-installed"", ""jupyddl"": ""2.3.0"", ""matplotlib"": ""3.10.9"", ""numpy"": ""2.2.6"", ""openplan-bench"": ""0.1.0"", ""pymapf"": ""0.8.0""}",2
mapf-scaling,mapf,pymapf,random_obstacles/16x16/n32/d0.15,random_obstacles/d0.15,pibt,,,,0,0,20.0,3072,solved,True,True,0.016752700998040382,465.0,,29,465,29,,,18.91,,,2026-08-20T21:56:13+00:00,0.1.0,62459c293440,3.10.12,Linux 6.8.0-136-generic (x86_64),11th Gen Intel(R) Core(TM) i7-11850H @ 2.50GHz,16,wardn-thinkpad,"{""cuda-planning"": ""not-installed"", ""jupyddl"": ""2.3.0"", ""matplotlib"": ""3.10.9"", ""numpy"": ""2.2.6"", ""openplan-bench"": ""0.1.0"", ""pymapf"": ""0.8.0""}",2
mapf-scaling,mapf,pymapf,random_obstacles/16x16/n32/d0.15,random_obstacles/d0.15,pibt,,,,1,0,20.0,3072,solved,True,True,0.015004125001723878,425.0,,22,425,22,,,18.91,,,2026-08-20T21:56:13+00:00,0.1.0,62459c293440,3.10.12,Linux 6.8.0-136-generic (x86_64),11th Gen Intel(R) Core(TM) i7-11850H @ 2.50GHz,16,wardn-thinkpad,"{""cuda-planning"": ""not-installed"", ""jupyddl"": ""2.3.0"", ""matplotlib"": ""3.10.9"", ""numpy"": ""2.2.6"", ""openplan-bench"": ""0.1.0"", ""pymapf"": ""0.8.0""}",2
mapf-scaling,mapf,pymapf,random_obstacles/16x16/n32/d0.15,random_obstacles/d0.15,pibt,,,,2,0,20.0,3072,unsolved,False,False,0.06325925300188828,,,,,,,,18.91,,livelock: 301 timesteps without reaching the goals,2026-08-20T21:56:13+00:00,0.1.0,62459c293440,3.10.12,Linux 6.8.0-136-generic (x86_64),11th Gen Intel(R) Core(TM) i7-11850H @ 2.50GHz,16,wardn-thinkpad,"{""cuda-planning"": ""not-installed"", ""jupyddl"": ""2.3.0"", ""matplotlib"": ""3.10.9"", ""numpy"": ""2.2.6"", ""openplan-bench"": ""0.1.0"", ""pymapf"": ""0.8.0""}",2
mapf-scaling,mapf,pymapf,random_obstacles/16x16/n32/d0.15,random_obstacles/d0.15,pibt,,,,3,0,20.0,3072,solved,True,True,0.01673880599992117,539.0,,29,539,29,,,18.91,,,2026-08-20T21:56:13+00:00,0.1.0,62459c293440,3.10.12,Linux 6.8.0-136-generic (x86_64),11th Gen Intel(R) Core(TM) i7-11850H @ 2.50GHz,16,wardn-thinkpad,"{""cuda-planning"": ""not-installed"", ""jupyddl"": ""2.3.0"", ""matplotlib"": ""3.10.9"", ""numpy"": ""2.2.6"", ""openplan-bench"": ""0.1.0"", ""pymapf"": ""0.8.0""}",2
mapf-scaling,mapf,pymapf,random_obstacles/16x16/n32/d0.15,random_obstacles/d0.15,pibt,,,,4,0,20.0,3072,solved,True,True,0.015672998000809457,520.0,,26,520,26,,,18.91,,,2026-08-20T21:56:13+00:00,0.1.0,62459c293440,3.10.12,Linux 6.8.0-136-generic (x86_64),11th Gen Intel(R) Core(TM) i7-11850H @ 2.50GHz,16,wardn-thinkpad,"{""cuda-planning"": ""not-installed"", ""jupyddl"": ""2.3.0"", ""matplotlib"": ""3.10.9"", ""numpy"": ""2.2.6"", ""openplan-bench"": ""0.1.0"", ""pymapf"": ""0.8.0""}",2
mapf-scaling,mapf,pymapf,random_obstacles/16x16/n32/d0.15,random_obstacles/d0.15,lacam,,,,0,0,20.0,3072,solved,True,True,0.020159117004368454,489.0,,33,489,37,,,18.91,,,2026-08-20T21:56:13+00:00,0.1.0,62459c293440,3.10.12,Linux 6.8.0-136-generic (x86_64),11th Gen Intel(R) Core(TM) i7-11850H @ 2.50GHz,16,wardn-thinkpad,"{""cuda-planning"": ""not-installed"", ""jupyddl"": ""2.3.0"", ""matplotlib"": ""3.10.9"", ""numpy"": ""2.2.6"", ""openplan-bench"": ""0.1.0"", ""pymapf"": ""0.8.0""}",2
mapf-scaling,mapf,pymapf,random_obstacles/16x16/n32/d0.15,random_obstacles/d0.15,lacam,,,,1,0,20.0,3072,solved,True,True,0.016192795003007632,425.0,,22,425,22,,,18.91,,,2026-08-20T21:56:13+00:00,0.1.0,62459c293440,3.10.12,Linux 6.8.0-136-generic (x86_64),11th Gen Intel(R) Core(TM) i7-11850H @ 2.50GHz,16,wardn-thinkpad,"{""cuda-planning"": ""not-installed"", ""jupyddl"": ""2.3.0"", ""matplotlib"": ""3.10.9"", ""numpy"": ""2.2.6"", ""openplan-bench"": ""0.1.0"", ""pymapf"": ""0.8.0""}",2
mapf-scaling,mapf,pymapf,random_obstacles/16x16/n32/d0.15,random_obstacles/d0.15,lacam,,,,2,0,20.0,3072,solved,True,True,0.020320684001490008,679.0,,41,679,44,,,18.91,,,2026-08-20T21:56:13+00:00,0.1.0,62459c293440,3.10.12,Linux 6.8.0-136-generic (x86_64),11th Gen Intel(R) Core(TM) i7-11850H @ 2.50GHz,16,wardn-thinkpad,"{""cuda-planning"": ""not-installed"", ""jupyddl"": ""2.3.0"", ""matplotlib"": ""3.10.9"", ""numpy"": ""2.2.6"", ""openplan-bench"": ""0.1.0"", ""pymapf"": ""0.8.0""}",2
mapf-scaling,mapf,pymapf,random_obstacles/16x16/n32/d0.15,random_obstacles/d0.15,lacam,,,,3,0,20.0,3072,solved,True,True,0.021940384998742957,539.0,,29,539,29,,,18.91,,,2026-08-20T21:56:13+00:00,0.1.0,62459c293440,3.10.12,Linux 6.8.0-136-generic (x86_64),11th Gen Intel(R) Core(TM) i7-11850H @ 2.50GHz,16,wardn-thinkpad,"{""cuda-planning"": ""not-installed"", ""jupyddl"": ""2.3.0"", ""matplotlib"": ""3.10.9"", ""numpy"": ""2.2.6"", ""openplan-bench"": ""0.1.0"", ""pymapf"": ""0.8.0""}",2
mapf-scaling,mapf,pymapf,random_obstacles/16x16/n32/d0.15,random_obstacles/d0.15,lacam,,,,4,0,20.0,3072,solved,True,True,0.016438508006103802,520.0,,26,520,26,,,18.91,,,2026-08-20T21:56:13+00:00,0.1.0,62459c293440,3.10.12,Linux 6.8.0-136-generic (x86_64),11th Gen Intel(R) Core(TM) i7-11850H @ 2.50GHz,16,wardn-thinkpad,"{""cuda-planning"": ""not-installed"", ""jupyddl"": ""2.3.0"", ""matplotlib"": ""3.10.9"", ""numpy"": ""2.2.6"", ""openplan-bench"": ""0.1.0"", ""pymapf"": ""0.8.0""}",2
mapf-scaling,mapf,pymapf,random_obstacles/24x24/n4/d0.15,random_obstacles/d0.15,cbs,,,,0,0,20.0,3072,solved,True,True,0.0029073460027575493,98.0,,32,98,1,,,18.91,,,2026-08-20T21:56:13+00:00,0.1.0,62459c293440,3.10.12,Linux 6.8.0-136-generic (x86_64),11th Gen Intel(R) Core(TM) i7-11850H @ 2.50GHz,16,wardn-thinkpad,"{""cuda-planning"": ""not-installed"", ""jupyddl"": ""2.3.0"", ""matplotlib"": ""3.10.9"", ""numpy"": ""2.2.6"", ""openplan-bench"": ""0.1.0"", ""pymapf"": ""0.8.0""}",2
mapf-scaling,mapf,pymapf,random_obstacles/24x24/n4/d0.15,random_obstacles/d0.15,cbs,,,,1,0,20.0,3072,solved,True,True,0.01853614900028333,77.0,,26,77,4,,,18.91,,,2026-08-20T21:56:13+00:00,0.1.0,62459c293440,3.10.12,Linux 6.8.0-136-generic (x86_64),11th Gen Intel(R) Core(TM) i7-11850H @ 2.50GHz,16,wardn-thinkpad,"{""cuda-planning"": ""not-installed"", ""jupyddl"": ""2.3.0"", ""matplotlib"": ""3.10.9"", ""numpy"": ""2.2.6"", ""openplan-bench"": ""0.1.0"", ""pymapf"": ""0.8.0""}",2
mapf-scaling,mapf,pymapf,random_obstacles/24x24/n4/d0.15,random_obstacles/d0.15,cbs,,,,2,0,20.0,3072,solved,True,True,0.007421620000968687,86.0,,26,86,2,,,18.91,,,2026-08-20T21:56:13+00:00,0.1.0,62459c293440,3.10.12,Linux 6.8.0-136-generic (x86_64),11th Gen Intel(R) Core(TM) i7-11850H @ 2.50GHz,16,wardn-thinkpad,"{""cuda-planning"": ""not-installed"", ""jupyddl"": ""2.3.0"", ""matplotlib"": ""3.10.9"", ""numpy"": ""2.2.6"", ""openplan-bench"": ""0.1.0"", ""pymapf"": ""0.8.0""}",2
mapf-scaling,mapf,pymapf,random_obstacles/24x24/n4/d0.15,random_obstacles/d0.15,cbs,,,,3,0,20.0,3072,solved,True,True,0.002072038005280774,51.0,,16,51,1,,,18.91,,,2026-08-20T21:56:13+00:00,0.1.0,62459c293440,3.10.12,Linux 6.8.0-136-generic (x86_64),11th Gen Intel(R) Core(TM) i7-11850H @ 2.50GHz,16,wardn-thinkpad,"{""cuda-planning"": ""not-installed"", ""jupyddl"": ""2.3.0"", ""matplotlib"": ""3.10.9"", ""numpy"": ""2.2.6"", ""openplan-bench"": ""0.1.0"", ""pymapf"": ""0.8.0""}",2
mapf-scaling,mapf,pymapf,random_obstacles/24x24/n4/d0.15,random_obstacles/d0.15,cbs,,,,4,0,20.0,3072,solved,True,True,0.0006664229949819855,42.0,,19,42,1,,,18.91,,,2026-08-20T21:56:13+00:00,0.1.0,62459c293440,3.10.12,Linux 6.8.0-136-generic (x86_64),11th Gen Intel(R) Core(TM) i7-11850H @ 2.50GHz,16,wardn-thinkpad,"{""cuda-planning"": ""not-installed"", ""jupyddl"": ""2.3.0"", ""matplotlib"": ""3.10.9"", ""numpy"": ""2.2.6"", ""openplan-bench"": ""0.1.0"", ""pymapf"": ""0.8.0""}",2
mapf-scaling,mapf,pymapf,random_obstacles/24x24/n4/d0.15,random_obstacles/d0.15,wcbs,,,"{""weight"": 1.5}",0,0,20.0,3072,solved,True,True,0.0029616979954880662,98.0,,32,98,1,,,18.91,,,2026-08-20T21:56:13+00:00,0.1.0,62459c293440,3.10.12,Linux 6.8.0-136-generic (x86_64),11th Gen Intel(R) Core(TM) i7-11850H @ 2.50GHz,16,wardn-thinkpad,"{""cuda-planning"": ""not-installed"", ""jupyddl"": ""2.3.0"", ""matplotlib"": ""3.10.9"", ""numpy"": ""2.2.6"", ""openplan-bench"": ""0.1.0"", ""pymapf"": ""0.8.0""}",2
mapf-scaling,mapf,pymapf,random_obstacles/24x24/n4/d0.15,random_obstacles/d0.15,wcbs,,,"{""weight"": 1.5}",1,0,20.0,3072,solved,True,True,0.018091910998919047,77.0,,26,77,4,,,18.91,,,2026-08-20T21:56:13+00:00,0.1.0,62459c293440,3.10.12,Linux 6.8.0-136-generic (x86_64),11th Gen Intel(R) Core(TM) i7-11850H @ 2.50GHz,16,wardn-thinkpad,"{""cuda-planning"": ""not-installed"", ""jupyddl"": ""2.3.0"", ""matplotlib"": ""3.10.9"", ""numpy"": ""2.2.6"", ""openplan-bench"": ""0.1.0"", ""pymapf"": ""0.8.0""}",2
mapf-scaling,mapf,pymapf,random_obstacles/24x24/n4/d0.15,random_obstacles/d0.15,wcbs,,,"{""weight"": 1.5}",2,0,20.0,3072,solved,True,True,0.007142275004298426,86.0,,26,86,2,,,18.91,,,2026-08-20T21:56:13+00:00,0.1.0,62459c293440,3.10.12,Linux 6.8.0-136-generic (x86_64),11th Gen Intel(R) Core(TM) i7-11850H @ 2.50GHz,16,wardn-thinkpad,"{""cuda-planning"": ""not-installed"", ""jupyddl"": ""2.3.0"", ""matplotlib"": ""3.10.9"", ""numpy"": ""2.2.6"", ""openplan-bench"": ""0.1.0"", ""pymapf"": ""0.8.0""}",2
mapf-scaling,mapf,pymapf,random_obstacles/24x24/n4/d0.15,random_obstacles/d0.15,wcbs,,,"{""weight"": 1.5}",3,0,20.0,3072,solved,True,True,0.0020189550050417893,51.0,,16,51,1,,,18.91,,,2026-08-20T21:56:13+00:00,0.1.0,62459c293440,3.10.12,Linux 6.8.0-136-generic (x86_64),11th Gen Intel(R) Core(TM) i7-11850H @ 2.50GHz,16,wardn-thinkpad,"{""cuda-planning"": ""not-installed"", ""jupyddl"": ""2.3.0"", ""matplotlib"": ""3.10.9"", ""numpy"": ""2.2.6"", ""openplan-bench"": ""0.1.0"", ""pymapf"": ""0.8.0""}",2
mapf-scaling,mapf,pymapf,random_obstacles/24x24/n4/d0.15,random_obstacles/d0.15,wcbs,,,"{""weight"": 1.5}",4,0,20.0,3072,solved,True,True,0.0006866750045446679,42.0,,19,42,1,,,18.91,,,2026-08-20T21:56:13+00:00,0.1.0,62459c293440,3.10.12,Linux 6.8.0-136-generic (x86_64),11th Gen Intel(R) Core(TM) i7-11850H @ 2.50GHz,16,wardn-thinkpad,"{""cuda-planning"": ""not-installed"", ""jupyddl"": ""2.3.0"", ""matplotlib"": ""3.10.9"", ""numpy"": ""2.2.6"", ""openplan-bench"": ""0.1.0"", ""pymapf"": ""0.8.0""}",2
mapf-scaling,mapf,pymapf,random_obstacles/24x24/n4/d0.15,random_obstacles/d0.15,prioritized,,,,0,0,20.0,3072,solved,True,True,0.0034730469997157343,98.0,,32,98,4,,,18.91,,,2026-08-20T21:56:13+00:00,0.1.0,62459c293440,3.10.12,Linux 6.8.0-136-generic (x86_64),11th Gen Intel(R) Core(TM) i7-11850H @ 2.50GHz,16,wardn-thinkpad,"{""cuda-planning"": ""not-installed"", ""jupyddl"": ""2.3.0"", ""matplotlib"": ""3.10.9"", ""numpy"": ""2.2.6"", ""openplan-bench"": ""0.1.0"", ""pymapf"": ""0.8.0""}",2
mapf-scaling,mapf,pymapf,random_obstacles/24x24/n4/d0.15,random_obstacles/d0.15,prioritized,,,,1,0,20.0,3072,solved,True,True,0.004068299000209663,77.0,,26,77,4,,,18.91,,,2026-08-20T21:56:13+00:00,0.1.0,62459c293440,3.10.12,Linux 6.8.0-136-generic (x86_64),11th Gen Intel(R) Core(TM) i7-11850H @ 2.50GHz,16,wardn-thinkpad,"{""cuda-planning"": ""not-installed"", ""jupyddl"": ""2.3.0"", ""matplotlib"": ""3.10.9"", ""numpy"": ""2.2.6"", ""openplan-bench"": ""0.1.0"", ""pymapf"": ""0.8.0""}",2
mapf-scaling,mapf,pymapf,random_obstacles/24x24/n4/d0.15,random_obstacles/d0.15,prioritized,,,,2,0,20.0,3072,solved,True,True,0.004346223002357874,86.0,,26,86,4,,,18.91,,,2026-08-20T21:56:13+00:00,0.1.0,62459c293440,3.10.12,Linux 6.8.0-136-generic (x86_64),11th Gen Intel(R) Core(TM) i7-11850H @ 2.50GHz,16,wardn-thinkpad,"{""cuda-planning"": ""not-installed"", ""jupyddl"": ""2.3.0"", ""matplotlib"": ""3.10.9"", ""numpy"": ""2.2.6"", ""openplan-bench"": ""0.1.0"", ""pymapf"": ""0.8.0""}",2
mapf-scaling,mapf,pymapf,random_obstacles/24x24/n4/d0.15,random_obstacles/d0.15,prioritized,,,,3,0,20.0,3072,solved,True,True,0.002534105005906895,51.0,,16,51,4,,,18.91,,,2026-08-20T21:56:13+00:00,0.1.0,62459c293440,3.10.12,Linux 6.8.0-136-generic (x86_64),11th Gen Intel(R) Core(TM) i7-11850H @ 2.50GHz,16,wardn-thinkpad,"{""cuda-planning"": ""not-installed"", ""jupyddl"": ""2.3.0"", ""matplotlib"": ""3.10.9"", ""numpy"": ""2.2.6"", ""openplan-bench"": ""0.1.0"", ""pymapf"": ""0.8.0""}",2
mapf-scaling,mapf,pymapf,random_obstacles/24x24/n4/d0.15,random_obstacles/d0.15,prioritized,,,,4,0,20.0,3072,solved,True,True,0.0012284549957257695,42.0,,19,42,4,,,18.91,,,2026-08-20T21:56:13+00:00,0.1.0,62459c293440,3.10.12,Linux 6.8.0-136-generic (x86_64),11th Gen Intel(R) Core(TM) i7-11850H @ 2.50GHz,16,wardn-thinkpad,"{""cuda-planning"": ""not-installed"", ""jupyddl"": ""2.3.0"", ""matplotlib"": ""3.10.9"", ""numpy"": ""2.2.6"", ""openplan-bench"": ""0.1.0"", ""pymapf"": ""0.8.0""}",2
mapf-scaling,mapf,pymapf,random_obstacles/24x24/n4/d0.15,random_obstacles/d0.15,pibt,,,,0,0,20.0,3072,solved,True,True,0.00449678299628431,98.0,,32,98,32,,,18.91,,,2026-08-20T21:56:13+00:00,0.1.0,62459c293440,3.10.12,Linux 6.8.0-136-generic (x86_64),11th Gen Intel(R) Core(TM) i7-11850H @ 2.50GHz,16,wardn-thinkpad,"{""cuda-planning"": ""not-installed"", ""jupyddl"": ""2.3.0"", ""matplotlib"": ""3.10.9"", ""numpy"": ""2.2.6"", ""openplan-bench"": ""0.1.0"", ""pymapf"": ""0.8.0""}",2
mapf-scaling,mapf,pymapf,random_obstacles/24x24/n4/d0.15,random_obstacles/d0.15,pibt,,,,1,0,20.0,3072,solved,True,True,0.0044657050020759925,87.0,,24,87,24,,,18.91,,,2026-08-20T21:56:13+00:00,0.1.0,62459c293440,3.10.12,Linux 6.8.0-136-generic (x86_64),11th Gen Intel(R) Core(TM) i7-11850H @ 2.50GHz,16,wardn-thinkpad,"{""cuda-planning"": ""not-installed"", ""jupyddl"": ""2.3.0"", ""matplotlib"": ""3.10.9"", ""numpy"": ""2.2.6"", ""openplan-bench"": ""0.1.0"", ""pymapf"": ""0.8.0""}",2
mapf-scaling,mapf,pymapf,random_obstacles/24x24/n4/d0.15,random_obstacles/d0.15,pibt,,,,2,0,20.0,3072,solved,True,True,0.004577492996759247,86.0,,26,86,26,,,18.91,,,2026-08-20T21:56:13+00:00,0.1.0,62459c293440,3.10.12,Linux 6.8.0-136-generic (x86_64),11th Gen Intel(R) Core(TM) i7-11850H @ 2.50GHz,16,wardn-thinkpad,"{""cuda-planning"": ""not-installed"", ""jupyddl"": ""2.3.0"", ""matplotlib"": ""3.10.9"", ""numpy"": ""2.2.6"", ""openplan-bench"": ""0.1.0"", ""pymapf"": ""0.8.0""}",2
mapf-scaling,mapf,pymapf,random_obstacles/24x24/n4/d0.15,random_obstacles/d0.15,pibt,,,,3,0,20.0,3072,solved,True,True,0.0045871949987486005,51.0,,16,51,16,,,18.91,,,2026-08-20T21:56:13+00:00,0.1.0,62459c293440,3.10.12,Linux 6.8.0-136-generic (x86_64),11th Gen Intel(R) Core(TM) i7-11850H @ 2.50GHz,16,wardn-thinkpad,"{""cuda-planning"": ""not-installed"", ""jupyddl"": ""2.3.0"", ""matplotlib"": ""3.10.9"", ""numpy"": ""2.2.6"", ""openplan-bench"": ""0.1.0"", ""pymapf"": ""0.8.0""}",2
mapf-scaling,mapf,pymapf,random_obstacles/24x24/n4/d0.15,random_obstacles/d0.15,pibt,,,,4,0,20.0,3072,solved,True,True,0.004306358001485933,42.0,,19,42,19,,,18.91,,,2026-08-20T21:56:13+00:00,0.1.0,62459c293440,3.10.12,Linux 6.8.0-136-generic (x86_64),11th Gen Intel(R) Core(TM) i7-11850H @ 2.50GHz,16,wardn-thinkpad,"{""cuda-planning"": ""not-installed"", ""jupyddl"": ""2.3.0"", ""matplotlib"": ""3.10.9"", ""numpy"": ""2.2.6"", ""openplan-bench"": ""0.1.0"", ""pymapf"": ""0.8.0""}",2
mapf-scaling,mapf,pymapf,random_obstacles/24x24/n4/d0.15,random_obstacles/d0.15,lacam,,,,0,0,20.0,3072,solved,True,True,0.0054995200043777,98.0,,32,98,32,,,18.91,,,2026-08-20T21:56:13+00:00,0.1.0,62459c293440,3.10.12,Linux 6.8.0-136-generic (x86_64),11th Gen Intel(R) Core(TM) i7-11850H @ 2.50GHz,16,wardn-thinkpad,"{""cuda-planning"": ""not-installed"", ""jupyddl"": ""2.3.0"", ""matplotlib"": ""3.10.9"", ""numpy"": ""2.2.6"", ""openplan-bench"": ""0.1.0"", ""pymapf"": ""0.8.0""}",2
mapf-scaling,mapf,pymapf,random_obstacles/24x24/n4/d0.15,random_obstacles/d0.15,lacam,,,,1,0,20.0,3072,solved,True,True,0.005233937001321465,87.0,,24,87,24,,,18.91,,,2026-08-20T21:56:13+00:00,0.1.0,62459c293440,3.10.12,Linux 6.8.0-136-generic (x86_64),11th Gen Intel(R) Core(TM) i7-11850H @ 2.50GHz,16,wardn-thinkpad,"{""cuda-planning"": ""not-installed"", ""jupyddl"": ""2.3.0"", ""matplotlib"": ""3.10.9"", ""numpy"": ""2.2.6"", ""openplan-bench"": ""0.1.0"", ""pymapf"": ""0.8.0""}",2
mapf-scaling,mapf,pymapf,random_obstacles/24x24/n4/d0.15,random_obstacles/d0.15,lacam,,,,2,0,20.0,3072,solved,True,True,0.006238656002096832,86.0,,26,86,26,,,18.91,,,2026-08-20T21:56:13+00:00,0.1.0,62459c293440,3.10.12,Linux 6.8.0-136-generic (x86_64),11th Gen Intel(R) Core(TM) i7-11850H @ 2.50GHz,16,wardn-thinkpad,"{""cuda-planning"": ""not-installed"", ""jupyddl"": ""2.3.0"", ""matplotlib"": ""3.10.9"", ""numpy"": ""2.2.6"", ""openplan-bench"": ""0.1.0"", ""pymapf"": ""0.8.0""}",2
mapf-scaling,mapf,pymapf,random_obstacles/24x24/n4/d0.15,random_obstacles/d0.15,lacam,,,,3,0,20.0,3072,solved,True,True,0.004726253995613661,51.0,,16,51,16,,,18.91,,,2026-08-20T21:56:13+00:00,0.1.0,62459c293440,3.10.12,Linux 6.8.0-136-generic (x86_64),11th Gen Intel(R) Core(TM) i7-11850H @ 2.50GHz,16,wardn-thinkpad,"{""cuda-planning"": ""not-installed"", ""jupyddl"": ""2.3.0"", ""matplotlib"": ""3.10.9"", ""numpy"": ""2.2.6"", ""openplan-bench"": ""0.1.0"", ""pymapf"": ""0.8.0""}",2
mapf-scaling,mapf,pymapf,random_obstacles/24x24/n4/d0.15,random_obstacles/d0.15,lacam,,,,4,0,20.0,3072,solved,True,True,0.004832359001738951,42.0,,19,42,19,,,18.91,,,2026-08-20T21:56:13+00:00,0.1.0,62459c293440,3.10.12,Linux 6.8.0-136-generic (x86_64),11th Gen Intel(R) Core(TM) i7-11850H @ 2.50GHz,16,wardn-thinkpad,"{""cuda-planning"": ""not-installed"", ""jupyddl"": ""2.3.0"", ""matplotlib"": ""3.10.9"", ""numpy"": ""2.2.6"", ""openplan-bench"": ""0.1.0"", ""pymapf"": ""0.8.0""}",2
mapf-scaling,mapf,pymapf,random_obstacles/24x24/n8/d0.15,random_obstacles/d0.15,cbs,,,,0,0,20.0,3072,solved,True,True,0.37134990699996706,153.0,,25,153,211,,,18.91,,,2026-08-20T21:56:13+00:00,0.1.0,62459c293440,3.10.12,Linux 6.8.0-136-generic (x86_64),11th Gen Intel(R) Core(TM) i7-11850H @ 2.50GHz,16,wardn-thinkpad,"{""cuda-planning"": ""not-installed"", ""jupyddl"": ""2.3.0"", ""matplotlib"": ""3.10.9"", ""numpy"": ""2.2.6"", ""openplan-bench"": ""0.1.0"", ""pymapf"": ""0.8.0""}",2
mapf-scaling,mapf,pymapf,random_obstacles/24x24/n8/d0.15,random_obstacles/d0.15,cbs,,,,1,0,20.0,3072,solved,True,True,0.005394293002609629,144.0,,25,144,2,,,18.91,,,2026-08-20T21:56:13+00:00,0.1.0,62459c293440,3.10.12,Linux 6.8.0-136-generic (x86_64),11th Gen Intel(R) Core(TM) i7-11850H @ 2.50GHz,16,wardn-thinkpad,"{""cuda-planning"": ""not-installed"", ""jupyddl"": ""2.3.0"", ""matplotlib"": ""3.10.9"", ""numpy"": ""2.2.6"", ""openplan-bench"": ""0.1.0"", ""pymapf"": ""0.8.0""}",2
mapf-scaling,mapf,pymapf,random_obstacles/24x24/n8/d0.15,random_obstacles/d0.15,cbs,,,,2,0,20.0,3072,solved,True,True,0.0030809730014880188,128.0,,20,128,1,,,18.91,,,2026-08-20T21:56:13+00:00,0.1.0,62459c293440,3.10.12,Linux 6.8.0-136-generic (x86_64),11th Gen Intel(R) Core(TM) i7-11850H @ 2.50GHz,16,wardn-thinkpad,"{""cuda-planning"": ""not-installed"", ""jupyddl"": ""2.3.0"", ""matplotlib"": ""3.10.9"", ""numpy"": ""2.2.6"", ""openplan-bench"": ""0.1.0"", ""pymapf"": ""0.8.0""}",2
mapf-scaling,mapf,pymapf,random_obstacles/24x24/n8/d0.15,random_obstacles/d0.15,cbs,,,,3,0,20.0,3072,solved,True,True,0.030436297005508095,94.0,,34,94,10,,,18.91,,,2026-08-20T21:56:13+00:00,0.1.0,62459c293440,3.10.12,Linux 6.8.0-136-generic (x86_64),11th Gen Intel(R) Core(TM) i7-11850H @ 2.50GHz,16,wardn-thinkpad,"{""cuda-planning"": ""not-installed"", ""jupyddl"": ""2.3.0"", ""matplotlib"": ""3.10.9"", ""numpy"": ""2.2.6"", ""openplan-bench"": ""0.1.0"", ""pymapf"": ""0.8.0""}",2
mapf-scaling,mapf,pymapf,random_obstacles/24x24/n8/d0.15,random_obstacles/d0.15,cbs,,,,4,0,20.0,3072,solved,True,True,0.005316996997862589,113.0,,27,113,3,,,18.91,,,2026-08-20T21:56:13+00:00,0.1.0,62459c293440,3.10.12,Linux 6.8.0-136-generic (x86_64),11th Gen Intel(R) Core(TM) i7-11850H @ 2.50GHz,16,wardn-thinkpad,"{""cuda-planning"": ""not-installed"", ""jupyddl"": ""2.3.0"", ""matplotlib"": ""3.10.9"", ""numpy"": ""2.2.6"", ""openplan-bench"": ""0.1.0"", ""pymapf"": ""0.8.0""}",2
mapf-scaling,mapf,pymapf,random_obstacles/24x24/n8/d0.15,random_obstacles/d0.15,wcbs,,,"{""weight"": 1.5}",0,0,20.0,3072,solved,True,True,0.011474881001049653,154.0,,26,154,6,,,18.91,,,2026-08-20T21:56:13+00:00,0.1.0,62459c293440,3.10.12,Linux 6.8.0-136-generic (x86_64),11th Gen Intel(R) Core(TM) i7-11850H @ 2.50GHz,16,wardn-thinkpad,"{""cuda-planning"": ""not-installed"", ""jupyddl"": ""2.3.0"", ""matplotlib"": ""3.10.9"", ""numpy"": ""2.2.6"", ""openplan-bench"": ""0.1.0"", ""pymapf"": ""0.8.0""}",2
mapf-scaling,mapf,pymapf,random_obstacles/24x24/n8/d0.15,random_obstacles/d0.15,wcbs,,,"{""weight"": 1.5}",1,0,20.0,3072,solved,True,True,0.005332962995453272,144.0,,25,144,2,,,18.91,,,2026-08-20T21:56:13+00:00,0.1.0,62459c293440,3.10.12,Linux 6.8.0-136-generic (x86_64),11th Gen Intel(R) Core(TM) i7-11850H @ 2.50GHz,16,wardn-thinkpad,"{""cuda-planning"": ""not-installed"", ""jupyddl"": ""2.3.0"", ""matplotlib"": ""3.10.9"", ""numpy"": ""2.2.6"", ""openplan-bench"": ""0.1.0"", ""pymapf"": ""0.8.0""}",2
mapf-scaling,mapf,pymapf,random_obstacles/24x24/n8/d0.15,random_obstacles/d0.15,wcbs,,,"{""weight"": 1.5}",2,0,20.0,3072,solved,True,True,0.003409115997783374,128.0,,20,128,1,,,18.91,,,2026-08-20T21:56:13+00:00,0.1.0,62459c293440,3.10.12,Linux 6.8.0-136-generic (x86_64),11th Gen Intel(R) Core(TM) i7-11850H @ 2.50GHz,16,wardn-thinkpad,"{""cuda-planning"": ""not-installed"", ""jupyddl"": ""2.3.0"", ""matplotlib"": ""3.10.9"", ""numpy"": ""2.2.6"", ""openplan-bench"": ""0.1.0"", ""pymapf"": ""0.8.0""}",2
mapf-scaling,mapf,pymapf,random_obstacles/24x24/n8/d0.15,random_obstacles/d0.15,wcbs,,,"{""weight"": 1.5}",3,0,20.0,3072,solved,True,True,0.02300829900195822,95.0,,32,95,6,,,18.91,,,2026-08-20T21:56:13+00:00,0.1.0,62459c293440,3.10.12,Linux 6.8.0-136-generic (x86_64),11th Gen Intel(R) Core(TM) i7-11850H @ 2.50GHz,16,wardn-thinkpad,"{""cuda-planning"": ""not-installed"", ""jupyddl"": ""2.3.0"", ""matplotlib"": ""3.10.9"", ""numpy"": ""2.2.6"", ""openplan-bench"": ""0.1.0"", ""pymapf"": ""0.8.0""}",2
mapf-scaling,mapf,pymapf,random_obstacles/24x24/n8/d0.15,random_obstacles/d0.15,wcbs,,,"{""weight"": 1.5}",4,0,20.0,3072,solved,True,True,0.0057792820007307455,113.0,,27,113,3,,,18.91,,,2026-08-20T21:56:13+00:00,0.1.0,62459c293440,3.10.12,Linux 6.8.0-136-generic (x86_64),11th Gen Intel(R) Core(TM) i7-11850H @ 2.50GHz,16,wardn-thinkpad,"{""cuda-planning"": ""not-installed"", ""jupyddl"": ""2.3.0"", ""matplotlib"": ""3.10.9"", ""numpy"": ""2.2.6"", ""openplan-bench"": ""0.1.0"", ""pymapf"": ""0.8.0""}",2
mapf-scaling,mapf,pymapf,random_obstacles/24x24/n8/d0.15,random_obstacles/d0.15,prioritized,,,,0,0,20.0,3072,solved,True,True,0.008521488998667337,156.0,,26,156,8,,,18.91,,,2026-08-20T21:56:13+00:00,0.1.0,62459c293440,3.10.12,Linux 6.8.0-136-generic (x86_64),11th Gen Intel(R) Core(TM) i7-11850H @ 2.50GHz,16,wardn-thinkpad,"{""cuda-planning"": ""not-installed"", ""jupyddl"": ""2.3.0"", ""matplotlib"": ""3.10.9"", ""numpy"": ""2.2.6"", ""openplan-bench"": ""0.1.0"", ""pymapf"": ""0.8.0""}",2
mapf-scaling,mapf,pymapf,random_obstacles/24x24/n8/d0.15,random_obstacles/d0.15,prioritized,,,,1,0,20.0,3072,solved,True,True,0.008526735997293144,144.0,,25,144,8,,,18.91,,,2026-08-20T21:56:13+00:00,0.1.0,62459c293440,3.10.12,Linux 6.8.0-136-generic (x86_64),11th Gen Intel(R) Core(TM) i7-11850H @ 2.50GHz,16,wardn-thinkpad,"{""cuda-planning"": ""not-installed"", ""jupyddl"": ""2.3.0"", ""matplotlib"": ""3.10.9"", ""numpy"": ""2.2.6"", ""openplan-bench"": ""0.1.0"", ""pymapf"": ""0.8.0""}",2
mapf-scaling,mapf,pymapf,random_obstacles/24x24/n8/d0.15,random_obstacles/d0.15,prioritized,,,,2,0,20.0,3072,solved,True,True,0.007404474003124051,128.0,,20,128,8,,,18.91,,,2026-08-20T21:56:13+00:00,0.1.0,62459c293440,3.10.12,Linux 6.8.0-136-generic (x86_64),11th Gen Intel(R) Core(TM) i7-11850H @ 2.50GHz,16,wardn-thinkpad,"{""cuda-planning"": ""not-installed"", ""jupyddl"": ""2.3.0"", ""matplotlib"": ""3.10.9"", ""numpy"": ""2.2.6"", ""openplan-bench"": ""0.1.0"", ""pymapf"": ""0.8.0""}",2
mapf-scaling,mapf,pymapf,random_obstacles/24x24/n8/d0.15,random_obstacles/d0.15,prioritized,,,,3,0,20.0,3072,solved,True,True,0.00862059999781195,94.0,,34,94,8,,,18.91,,,2026-08-20T21:56:13+00:00,0.1.0,62459c293440,3.10.12,Linux 6.8.0-136-generic (x86_64),11th Gen Intel(R) Core(TM) i7-11850H @ 2.50GHz,16,wardn-thinkpad,"{""cuda-planning"": ""not-installed"", ""jupyddl"": ""2.3.0"", ""matplotlib"": ""3.10.9"", ""numpy"": ""2.2.6"", ""openplan-bench"": ""0.1.0"", ""pymapf"": ""0.8.0""}",2
mapf-scaling,mapf,pymapf,random_obstacles/24x24/n8/d0.15,random_obstacles/d0.15,prioritized,,,,4,0,20.0,3072,solved,True,True,0.007722599999397062,115.0,,27,115,8,,,18.91,,,2026-08-20T21:56:13+00:00,0.1.0,62459c293440,3.10.12,Linux 6.8.0-136-generic (x86_64),11th Gen Intel(R) Core(TM) i7-11850H @ 2.50GHz,16,wardn-thinkpad,"{""cuda-planning"": ""not-installed"", ""jupyddl"": ""2.3.0"", ""matplotlib"": ""3.10.9"", ""numpy"": ""2.2.6"", ""openplan-bench"": ""0.1.0"", ""pymapf"": ""0.8.0""}",2
mapf-scaling,mapf,pymapf,random_obstacles/24x24/n8/d0.15,random_obstacles/d0.15,pibt,,,,0,0,20.0,3072,solved,True,True,0.010214670997811481,174.0,,27,174,27,,,18.91,,,2026-08-20T21:56:13+00:00,0.1.0,62459c293440,3.10.12,Linux 6.8.0-136-generic (x86_64),11th Gen Intel(R) Core(TM) i7-11850H @ 2.50GHz,16,wardn-thinkpad,"{""cuda-planning"": ""not-installed"", ""jupyddl"": ""2.3.0"", ""matplotlib"": ""3.10.9"", ""numpy"": ""2.2.6"", ""openplan-bench"": ""0.1.0"", ""pymapf"": ""0.8.0""}",2
mapf-scaling,mapf,pymapf,random_obstacles/24x24/n8/d0.15,random_obstacles/d0.15,pibt,,,,1,0,20.0,3072,solved,True,True,0.01042010299715912,146.0,,25,146,25,,,18.91,,,2026-08-20T21:56:13+00:00,0.1.0,62459c293440,3.10.12,Linux 6.8.0-136-generic (x86_64),11th Gen Intel(R) Core(TM) i7-11850H @ 2.50GHz,16,wardn-thinkpad,"{""cuda-planning"": ""not-installed"", ""jupyddl"": ""2.3.0"", ""matplotlib"": ""3.10.9"", ""numpy"": ""2.2.6"", ""openplan-bench"": ""0.1.0"", ""pymapf"": ""0.8.0""}",2
mapf-scaling,mapf,pymapf,random_obstacles/24x24/n8/d0.15,random_obstacles/d0.15,pibt,,,,2,0,20.0,3072,solved,True,True,0.009897880001517478,128.0,,20,128,20,,,18.91,,,2026-08-20T21:56:13+00:00,0.1.0,62459c293440,3.10.12,Linux 6.8.0-136-generic (x86_64),11th Gen Intel(R) Core(TM) i7-11850H @ 2.50GHz,16,wardn-thinkpad,"{""cuda-planning"": ""not-installed"", ""jupyddl"": ""2.3.0"", ""matplotlib"": ""3.10.9"", ""numpy"": ""2.2.6"", ""openplan-bench"": ""0.1.0"", ""pymapf"": ""0.8.0""}",2
mapf-scaling,mapf,pymapf,random_obstacles/24x24/n8/d0.15,random_obstacles/d0.15,pibt,,,,3,0,20.0,3072,solved,True,True,0.01055187300516991,95.0,,32,95,32,,,18.91,,,2026-08-20T21:56:13+00:00,0.1.0,62459c293440,3.10.12,Linux 6.8.0-136-generic (x86_64),11th Gen Intel(R) Core(TM) i7-11850H @ 2.50GHz,16,wardn-thinkpad,"{""cuda-planning"": ""not-installed"", ""jupyddl"": ""2.3.0"", ""matplotlib"": ""3.10.9"", ""numpy"": ""2.2.6"", ""openplan-bench"": ""0.1.0"", ""pymapf"": ""0.8.0""}",2
mapf-scaling,mapf,pymapf,random_obstacles/24x24/n8/d0.15,random_obstacles/d0.15,pibt,,,,4,0,20.0,3072,solved,True,True,0.01038589800009504,119.0,,30,119,30,,,18.91,,,2026-08-20T21:56:13+00:00,0.1.0,62459c293440,3.10.12,Linux 6.8.0-136-generic (x86_64),11th Gen Intel(R) Core(TM) i7-11850H @ 2.50GHz,16,wardn-thinkpad,"{""cuda-planning"": ""not-installed"", ""jupyddl"": ""2.3.0"", ""matplotlib"": ""3.10.9"", ""numpy"": ""2.2.6"", ""openplan-bench"": ""0.1.0"", ""pymapf"": ""0.8.0""}",2
mapf-scaling,mapf,pymapf,random_obstacles/24x24/n8/d0.15,random_obstacles/d0.15,lacam,,,,0,0,20.0,3072,solved,True,True,0.01116511199506931,174.0,,27,174,27,,,18.91,,,2026-08-20T21:56:13+00:00,0.1.0,62459c293440,3.10.12,Linux 6.8.0-136-generic (x86_64),11th Gen Intel(R) Core(TM) i7-11850H @ 2.50GHz,16,wardn-thinkpad,"{""cuda-planning"": ""not-installed"", ""jupyddl"": ""2.3.0"", ""matplotlib"": ""3.10.9"", ""numpy"": ""2.2.6"", ""openplan-bench"": ""0.1.0"", ""pymapf"": ""0.8.0""}",2
mapf-scaling,mapf,pymapf,random_obstacles/24x24/n8/d0.15,random_obstacles/d0.15,lacam,,,,1,0,20.0,3072,solved,True,True,0.011221259999729227,146.0,,25,146,25,,,18.91,,,2026-08-20T21:56:13+00:00,0.1.0,62459c293440,3.10.12,Linux 6.8.0-136-generic (x86_64),11th Gen Intel(R) Core(TM) i7-11850H @ 2.50GHz,16,wardn-thinkpad,"{""cuda-planning"": ""not-installed"", ""jupyddl"": ""2.3.0"", ""matplotlib"": ""3.10.9"", ""numpy"": ""2.2.6"", ""openplan-bench"": ""0.1.0"", ""pymapf"": ""0.8.0""}",2
mapf-scaling,mapf,pymapf,random_obstacles/24x24/n8/d0.15,random_obstacles/d0.15,lacam,,,,2,0,20.0,3072,solved,True,True,0.011213526995561551,128.0,,20,128,20,,,18.91,,,2026-08-20T21:56:13+00:00,0.1.0,62459c293440,3.10.12,Linux 6.8.0-136-generic (x86_64),11th Gen Intel(R) Core(TM) i7-11850H @ 2.50GHz,16,wardn-thinkpad,"{""cuda-planning"": ""not-installed"", ""jupyddl"": ""2.3.0"", ""matplotlib"": ""3.10.9"", ""numpy"": ""2.2.6"", ""openplan-bench"": ""0.1.0"", ""pymapf"": ""0.8.0""}",2
mapf-scaling,mapf,pymapf,random_obstacles/24x24/n8/d0.15,random_obstacles/d0.15,lacam,,,,3,0,20.0,3072,solved,True,True,0.012232267996296287,95.0,,32,95,32,,,18.91,,,2026-08-20T21:56:13+00:00,0.1.0,62459c293440,3.10.12,Linux 6.8.0-136-generic (x86_64),11th Gen Intel(R) Core(TM) i7-11850H @ 2.50GHz,16,wardn-thinkpad,"{""cuda-planning"": ""not-installed"", ""jupyddl"": ""2.3.0"", ""matplotlib"": ""3.10.9"", ""numpy"": ""2.2.6"", ""openplan-bench"": ""0.1.0"", ""pymapf"": ""0.8.0""}",2
mapf-scaling,mapf,pymapf,random_obstacles/24x24/n8/d0.15,random_obstacles/d0.15,lacam,,,,4,0,20.0,3072,solved,True,True,0.011589585003093816,119.0,,30,119,30,,,18.91,,,2026-08-20T21:56:13+00:00,0.1.0,62459c293440,3.10.12,Linux 6.8.0-136-generic (x86_64),11th Gen Intel(R) Core(TM) i7-11850H @ 2.50GHz,16,wardn-thinkpad,"{""cuda-planning"": ""not-installed"", ""jupyddl"": ""2.3.0"", ""matplotlib"": ""3.10.9"", ""numpy"": ""2.2.6"", ""openplan-bench"": ""0.1.0"", ""pymapf"": ""0.8.0""}",2
mapf-scaling,mapf,pymapf,random_obstacles/24x24/n16/d0.15,random_obstacles/d0.15,cbs,,,,0,0,20.0,3072,solved,True,True,0.1388810169955832,278.0,,30,278,26,,,18.91,,,2026-08-20T21:56:13+00:00,0.1.0,62459c293440,3.10.12,Linux 6.8.0-136-generic (x86_64),11th Gen Intel(R) Core(TM) i7-11850H @ 2.50GHz,16,wardn-thinkpad,"{""cuda-planning"": ""not-installed"", ""jupyddl"": ""2.3.0"", ""matplotlib"": ""3.10.9"", ""numpy"": ""2.2.6"", ""openplan-bench"": ""0.1.0"", ""pymapf"": ""0.8.0""}",2
mapf-scaling,mapf,pymapf,random_obstacles/24x24/n16/d0.15,random_obstacles/d0.15,cbs,,,,1,0,20.0,3072,solved,True,True,1.723750081997423,280.0,,38,280,209,,,18.91,,,2026-08-20T21:56:13+00:00,0.1.0,62459c293440,3.10.12,Linux 6.8.0-136-generic (x86_64),11th Gen Intel(R) Core(TM) i7-11850H @ 2.50GHz,16,wardn-thinkpad,"{""cuda-planning"": ""not-installed"", ""jupyddl"": ""2.3.0"", ""matplotlib"": ""3.10.9"", ""numpy"": ""2.2.6"", ""openplan-bench"": ""0.1.0"", ""pymapf"": ""0.8.0""}",2
mapf-scaling,mapf,pymapf,random_obstacles/24x24/n16/d0.15,random_obstacles/d0.15,cbs,,,,2,0,20.0,3072,solved,True,True,0.0423419639992062,234.0,,25,234,9,,,18.91,,,2026-08-20T21:56:13+00:00,0.1.0,62459c293440,3.10.12,Linux 6.8.0-136-generic (x86_64),11th Gen Intel(R) Core(TM) i7-11850H @ 2.50GHz,16,wardn-thinkpad,"{""cuda-planning"": ""not-installed"", ""jupyddl"": ""2.3.0"", ""matplotlib"": ""3.10.9"", ""numpy"": ""2.2.6"", ""openplan-bench"": ""0.1.0"", ""pymapf"": ""0.8.0""}",2
mapf-scaling,mapf,pymapf,random_obstacles/24x24/n16/d0.15,random_obstacles/d0.15,cbs,,,,3,0,20.0,3072,solved,True,True,0.06492503300250974,275.0,,34,275,5,,,18.91,,,2026-08-20T21:56:13+00:00,0.1.0,62459c293440,3.10.12,Linux 6.8.0-136-generic (x86_64),11th Gen Intel(R) Core(TM) i7-11850H @ 2.50GHz,16,wardn-thinkpad,"{""cuda-planning"": ""not-installed"", ""jupyddl"": ""2.3.0"", ""matplotlib"": ""3.10.9"", ""numpy"": ""2.2.6"", ""openplan-bench"": ""0.1.0"", ""pymapf"": ""0.8.0""}",2
mapf-scaling,mapf,pymapf,random_obstacles/24x24/n16/d0.15,random_obstacles/d0.15,cbs,,,,4,0,20.0,3072,solved,True,True,0.08180701999663142,227.0,,27,227,24,,,18.91,,,2026-08-20T21:56:13+00:00,0.1.0,62459c293440,3.10.12,Linux 6.8.0-136-generic (x86_64),11th Gen Intel(R) Core(TM) i7-11850H @ 2.50GHz,16,wardn-thinkpad,"{""cuda-planning"": ""not-installed"", ""jupyddl"": ""2.3.0"", ""matplotlib"": ""3.10.9"", ""numpy"": ""2.2.6"", ""openplan-bench"": ""0.1.0"", ""pymapf"": ""0.8.0""}",2
mapf-scaling,mapf,pymapf,random_obstacles/24x24/n16/d0.15,random_obstacles/d0.15,wcbs,,,"{""weight"": 1.5}",0,0,20.0,3072,solved,True,True,0.102428730999236,279.0,,30,279,18,,,18.91,,,2026-08-20T21:56:13+00:00,0.1.0,62459c293440,3.10.12,Linux 6.8.0-136-generic (x86_64),11th Gen Intel(R) Core(TM) i7-11850H @ 2.50GHz,16,wardn-thinkpad,"{""cuda-planning"": ""not-installed"", ""jupyddl"": ""2.3.0"", ""matplotlib"": ""3.10.9"", ""numpy"": ""2.2.6"", ""openplan-bench"": ""0.1.0"", ""pymapf"": ""0.8.0""}",2
mapf-scaling,mapf,pymapf,random_obstacles/24x24/n16/d0.15,random_obstacles/d0.15,wcbs,,,"{""weight"": 1.5}",1,0,20.0,3072,solved,True,True,0.05462410399923101,288.0,,38,288,9,,,18.91,,,2026-08-20T21:56:13+00:00,0.1.0,62459c293440,3.10.12,Linux 6.8.0-136-generic (x86_64),11th Gen Intel(R) Core(TM) i7-11850H @ 2.50GHz,16,wardn-thinkpad,"{""cuda-planning"": ""not-installed"", ""jupyddl"": ""2.3.0"", ""matplotlib"": ""3.10.9"", ""numpy"": ""2.2.6"", ""openplan-bench"": ""0.1.0"", ""pymapf"": ""0.8.0""}",2
mapf-scaling,mapf,pymapf,random_obstacles/24x24/n16/d0.15,random_obstacles/d0.15,wcbs,,,"{""weight"": 1.5}",2,0,20.0,3072,solved,True,True,0.038241005000600126,234.0,,25,234,9,,,18.91,,,2026-08-20T21:56:13+00:00,0.1.0,62459c293440,3.10.12,Linux 6.8.0-136-generic (x86_64),11th Gen Intel(R) Core(TM) i7-11850H @ 2.50GHz,16,wardn-thinkpad,"{""cuda-planning"": ""not-installed"", ""jupyddl"": ""2.3.0"", ""matplotlib"": ""3.10.9"", ""numpy"": ""2.2.6"", ""openplan-bench"": ""0.1.0"", ""pymapf"": ""0.8.0""}",2
mapf-scaling,mapf,pymapf,random_obstacles/24x24/n16/d0.15,random_obstacles/d0.15,wcbs,,,"{""weight"": 1.5}",3,0,20.0,3072,solved,True,True,0.06082007400254952,275.0,,34,275,5,,,18.91,,,2026-08-20T21:56:13+00:00,0.1.0,62459c293440,3.10.12,Linux 6.8.0-136-generic (x86_64),11th Gen Intel(R) Core(TM) i7-11850H @ 2.50GHz,16,wardn-thinkpad,"{""cuda-planning"": ""not-installed"", ""jupyddl"": ""2.3.0"", ""matplotlib"": ""3.10.9"", ""numpy"": ""2.2.6"", ""openplan-bench"": ""0.1.0"", ""pymapf"": ""0.8.0""}",2
mapf-scaling,mapf,pymapf,random_obstacles/24x24/n16/d0.15,random_obstacles/d0.15,wcbs,,,"{""weight"": 1.5}",4,0,20.0,3072,solved,True,True,0.04745438400277635,227.0,,27,227,15,,,18.91,,,2026-08-20T21:56:13+00:00,0.1.0,62459c293440,3.10.12,Linux 6.8.0-136-generic (x86_64),11th Gen Intel(R) Core(TM) i7-11850H @ 2.50GHz,16,wardn-thinkpad,"{""cuda-planning"": ""not-installed"", ""jupyddl"": ""2.3.0"", ""matplotlib"": ""3.10.9"", ""numpy"": ""2.2.6"", ""openplan-bench"": ""0.1.0"", ""pymapf"": ""0.8.0""}",2
mapf-scaling,mapf,pymapf,random_obstacles/24x24/n16/d0.15,random_obstacles/d0.15,prioritized,,,,0,0,20.0,3072,solved,True,True,0.03957398500642739,301.0,,30,301,16,,,18.91,,,2026-08-20T21:56:13+00:00,0.1.0,62459c293440,3.10.12,Linux 6.8.0-136-generic (x86_64),11th Gen Intel(R) Core(TM) i7-11850H @ 2.50GHz,16,wardn-thinkpad,"{""cuda-planning"": ""not-installed"", ""jupyddl"": ""2.3.0"", ""matplotlib"": ""3.10.9"", ""numpy"": ""2.2.6"", ""openplan-bench"": ""0.1.0"", ""pymapf"": ""0.8.0""}",2
mapf-scaling,mapf,pymapf,random_obstacles/24x24/n16/d0.15,random_obstacles/d0.15,prioritized,,,,1,0,20.0,3072,solved,True,True,0.03393953100021463,291.0,,40,291,16,,,18.91,,,2026-08-20T21:56:13+00:00,0.1.0,62459c293440,3.10.12,Linux 6.8.0-136-generic (x86_64),11th Gen Intel(R) Core(TM) i7-11850H @ 2.50GHz,16,wardn-thinkpad,"{""cuda-planning"": ""not-installed"", ""jupyddl"": ""2.3.0"", ""matplotlib"": ""3.10.9"", ""numpy"": ""2.2.6"", ""openplan-bench"": ""0.1.0"", ""pymapf"": ""0.8.0""}",2
mapf-scaling,mapf,pymapf,random_obstacles/24x24/n16/d0.15,random_obstacles/d0.15,prioritized,,,,2,0,20.0,3072,solved,True,True,0.03261824500077637,244.0,,25,244,16,,,18.91,,,2026-08-20T21:56:13+00:00,0.1.0,62459c293440,3.10.12,Linux 6.8.0-136-generic (x86_64),11th Gen Intel(R) Core(TM) i7-11850H @ 2.50GHz,16,wardn-thinkpad,"{""cuda-planning"": ""not-installed"", ""jupyddl"": ""2.3.0"", ""matplotlib"": ""3.10.9"", ""numpy"": ""2.2.6"", ""openplan-bench"": ""0.1.0"", ""pymapf"": ""0.8.0""}",2
mapf-scaling,mapf,pymapf,random_obstacles/24x24/n16/d0.15,random_obstacles/d0.15,prioritized,,,,3,0,20.0,3072,solved,True,True,0.034662916004890576,275.0,,34,275,16,,,18.91,,,2026-08-20T21:56:13+00:00,0.1.0,62459c293440,3.10.12,Linux 6.8.0-136-generic (x86_64),11th Gen Intel(R) Core(TM) i7-11850H @ 2.50GHz,16,wardn-thinkpad,"{""cuda-planning"": ""not-installed"", ""jupyddl"": ""2.3.0"", ""matplotlib"": ""3.10.9"", ""numpy"": ""2.2.6"", ""openplan-bench"": ""0.1.0"", ""pymapf"": ""0.8.0""}",2
mapf-scaling,mapf,pymapf,random_obstacles/24x24/n16/d0.15,random_obstacles/d0.15,prioritized,,,,4,0,20.0,3072,solved,True,True,0.027326438001182396,231.0,,27,231,16,,,18.91,,,2026-08-20T21:56:13+00:00,0.1.0,62459c293440,3.10.12,Linux 6.8.0-136-generic (x86_64),11th Gen Intel(R) Core(TM) i7-11850H @ 2.50GHz,16,wardn-thinkpad,"{""cuda-planning"": ""not-installed"", ""jupyddl"": ""2.3.0"", ""matplotlib"": ""3.10.9"", ""numpy"": ""2.2.6"", ""openplan-bench"": ""0.1.0"", ""pymapf"": ""0.8.0""}",2
mapf-scaling,mapf,pymapf,random_obstacles/24x24/n16/d0.15,random_obstacles/d0.15,pibt,,,,0,0,20.0,3072,solved,True,True,0.02047786999901291,286.0,,32,286,32,,,18.91,,,2026-08-20T21:56:13+00:00,0.1.0,62459c293440,3.10.12,Linux 6.8.0-136-generic (x86_64),11th Gen Intel(R) Core(TM) i7-11850H @ 2.50GHz,16,wardn-thinkpad,"{""cuda-planning"": ""not-installed"", ""jupyddl"": ""2.3.0"", ""matplotlib"": ""3.10.9"", ""numpy"": ""2.2.6"", ""openplan-bench"": ""0.1.0"", ""pymapf"": ""0.8.0""}",2
mapf-scaling,mapf,pymapf,random_obstacles/24x24/n16/d0.15,random_obstacles/d0.15,pibt,,,,1,0,20.0,3072,solved,True,True,0.019518503999279346,317.0,,38,317,38,,,18.91,,,2026-08-20T21:56:13+00:00,0.1.0,62459c293440,3.10.12,Linux 6.8.0-136-generic (x86_64),11th Gen Intel(R) Core(TM) i7-11850H @ 2.50GHz,16,wardn-thinkpad,"{""cuda-planning"": ""not-installed"", ""jupyddl"": ""2.3.0"", ""matplotlib"": ""3.10.9"", ""numpy"": ""2.2.6"", ""openplan-bench"": ""0.1.0"", ""pymapf"": ""0.8.0""}",2
mapf-scaling,mapf,pymapf,random_obstacles/24x24/n16/d0.15,random_obstacles/d0.15,pibt,,,,2,0,20.0,3072,solved,True,True,0.018950539000798017,247.0,,26,247,26,,,18.91,,,2026-08-20T21:56:13+00:00,0.1.0,62459c293440,3.10.12,Linux 6.8.0-136-generic (x86_64),11th Gen Intel(R) Core(TM) i7-11850H @ 2.50GHz,16,wardn-thinkpad,"{""cuda-planning"": ""not-installed"", ""jupyddl"": ""2.3.0"", ""matplotlib"": ""3.10.9"", ""numpy"": ""2.2.6"", ""openplan-bench"": ""0.1.0"", ""pymapf"": ""0.8.0""}",2
mapf-scaling,mapf,pymapf,random_obstacles/24x24/n16/d0.15,random_obstacles/d0.15,pibt,,,,3,0,20.0,3072,solved,True,True,0.01917970499926014,318.0,,34,318,34,,,18.91,,,2026-08-20T21:56:13+00:00,0.1.0,62459c293440,3.10.12,Linux 6.8.0-136-generic (x86_64),11th Gen Intel(R) Core(TM) i7-11850H @ 2.50GHz,16,wardn-thinkpad,"{""cuda-planning"": ""not-installed"", ""jupyddl"": ""2.3.0"", ""matplotlib"": ""3.10.9"", ""numpy"": ""2.2.6"", ""openplan-bench"": ""0.1.0"", ""pymapf"": ""0.8.0""}",2
mapf-scaling,mapf,pymapf,random_obstacles/24x24/n16/d0.15,random_obstacles/d0.15,pibt,,,,4,0,20.0,3072,solved,True,True,0.01779890699981479,250.0,,27,250,27,,,18.91,,,2026-08-20T21:56:13+00:00,0.1.0,62459c293440,3.10.12,Linux 6.8.0-136-generic (x86_64),11th Gen Intel(R) Core(TM) i7-11850H @ 2.50GHz,16,wardn-thinkpad,"{""cuda-planning"": ""not-installed"", ""jupyddl"": ""2.3.0"", ""matplotlib"": ""3.10.9"", ""numpy"": ""2.2.6"", ""openplan-bench"": ""0.1.0"", ""pymapf"": ""0.8.0""}",2
mapf-scaling,mapf,pymapf,random_obstacles/24x24/n16/d0.15,random_obstacles/d0.15,lacam,,,,0,0,20.0,3072,solved,True,True,0.019420532997173723,286.0,,32,286,32,,,18.91,,,2026-08-20T21:56:13+00:00,0.1.0,62459c293440,3.10.12,Linux 6.8.0-136-generic (x86_64),11th Gen Intel(R) Core(TM) i7-11850H @ 2.50GHz,16,wardn-thinkpad,"{""cuda-planning"": ""not-installed"", ""jupyddl"": ""2.3.0"", ""matplotlib"": ""3.10.9"", ""numpy"": ""2.2.6"", ""openplan-bench"": ""0.1.0"", ""pymapf"": ""0.8.0""}",2
mapf-scaling,mapf,pymapf,random_obstacles/24x24/n16/d0.15,random_obstacles/d0.15,lacam,,,,1,0,20.0,3072,solved,True,True,0.020948806995875202,317.0,,38,317,38,,,18.91,,,2026-08-20T21:56:13+00:00,0.1.0,62459c293440,3.10.12,Linux 6.8.0-136-generic (x86_64),11th Gen Intel(R) Core(TM) i7-11850H @ 2.50GHz,16,wardn-thinkpad,"{""cuda-planning"": ""not-installed"", ""jupyddl"": ""2.3.0"", ""matplotlib"": ""3.10.9"", ""numpy"": ""2.2.6"", ""openplan-bench"": ""0.1.0"", ""pymapf"": ""0.8.0""}",2
mapf-scaling,mapf,pymapf,random_obstacles/24x24/n16/d0.15,random_obstacles/d0.15,lacam,,,,2,0,20.0,3072,solved,True,True,0.0195559330022661,247.0,,26,247,26,,,18.91,,,2026-08-20T21:56:13+00:00,0.1.0,62459c293440,3.10.12,Linux 6.8.0-136-generic (x86_64),11th Gen Intel(R) Core(TM) i7-11850H @ 2.50GHz,16,wardn-thinkpad,"{""cuda-planning"": ""not-installed"", ""jupyddl"": ""2.3.0"", ""matplotlib"": ""3.10.9"", ""numpy"": ""2.2.6"", ""openplan-bench"": ""0.1.0"", ""pymapf"": ""0.8.0""}",2
mapf-scaling,mapf,pymapf,random_obstacles/24x24/n16/d0.15,random_obstacles/d0.15,lacam,,,,3,0,20.0,3072,solved,True,True,0.020939666996127926,318.0,,34,318,34,,,18.91,,,2026-08-20T21:56:13+00:00,0.1.0,62459c293440,3.10.12,Linux 6.8.0-136-generic (x86_64),11th Gen Intel(R) Core(TM) i7-11850H @ 2.50GHz,16,wardn-thinkpad,"{""cuda-planning"": ""not-installed"", ""jupyddl"": ""2.3.0"", ""matplotlib"": ""3.10.9"", ""numpy"": ""2.2.6"", ""openplan-bench"": ""0.1.0"", ""pymapf"": ""0.8.0""}",2
mapf-scaling,mapf,pymapf,random_obstacles/24x24/n16/d0.15,random_obstacles/d0.15,lacam,,,,4,0,20.0,3072,solved,True,True,0.019323642998642754,250.0,,27,250,27,,,18.91,,,2026-08-20T21:56:13+00:00,0.1.0,62459c293440,3.10.12,Linux 6.8.0-136-generic (x86_64),11th Gen Intel(R) Core(TM) i7-11850H @ 2.50GHz,16,wardn-thinkpad,"{""cuda-planning"": ""not-installed"", ""jupyddl"": ""2.3.0"", ""matplotlib"": ""3.10.9"", ""numpy"": ""2.2.6"", ""openplan-bench"": ""0.1.0"", ""pymapf"": ""0.8.0""}",2
mapf-scaling,mapf,pymapf,random_obstacles/24x24/n24/d0.15,random_obstacles/d0.15,cbs,,,,0,0,20.0,3072,timeout,False,False,20.01794363699446,,,,,,,,53.88,,time limit (20s) reached after 2441 nodes,2026-08-20T21:56:13+00:00,0.1.0,62459c293440,3.10.12,Linux 6.8.0-136-generic (x86_64),11th Gen Intel(R) Core(TM) i7-11850H @ 2.50GHz,16,wardn-thinkpad,"{""cuda-planning"": ""not-installed"", ""jupyddl"": ""2.3.0"", ""matplotlib"": ""3.10.9"", ""numpy"": ""2.2.6"", ""openplan-bench"": ""0.1.0"", ""pymapf"": ""0.8.0""}",2
mapf-scaling,mapf,pymapf,random_obstacles/24x24/n24/d0.15,random_obstacles/d0.15,cbs,,,,1,0,20.0,3072,timeout,False,False,20.015562810003757,,,,,,,,52.96,,time limit (20s) reached after 2427 nodes,2026-08-20T21:56:13+00:00,0.1.0,62459c293440,3.10.12,Linux 6.8.0-136-generic (x86_64),11th Gen Intel(R) Core(TM) i7-11850H @ 2.50GHz,16,wardn-thinkpad,"{""cuda-planning"": ""not-installed"", ""jupyddl"": ""2.3.0"", ""matplotlib"": ""3.10.9"", ""numpy"": ""2.2.6"", ""openplan-bench"": ""0.1.0"", ""pymapf"": ""0.8.0""}",2
mapf-scaling,mapf,pymapf,random_obstacles/24x24/n24/d0.15,random_obstacles/d0.15,cbs,,,,2,0,20.0,3072,solved,True,True,0.43093052900076145,351.0,,25,351,69,,,18.91,,,2026-08-20T21:56:13+00:00,0.1.0,62459c293440,3.10.12,Linux 6.8.0-136-generic (x86_64),11th Gen Intel(R) Core(TM) i7-11850H @ 2.50GHz,16,wardn-thinkpad,"{""cuda-planning"": ""not-installed"", ""jupyddl"": ""2.3.0"", ""matplotlib"": ""3.10.9"", ""numpy"": ""2.2.6"", ""openplan-bench"": ""0.1.0"", ""pymapf"": ""0.8.0""}",2
mapf-scaling,mapf,pymapf,random_obstacles/24x24/n24/d0.15,random_obstacles/d0.15,cbs,,,,3,0,20.0,3072,solved,True,True,1.6133382650004933,351.0,,31,351,199,,,18.91,,,2026-08-20T21:56:13+00:00,0.1.0,62459c293440,3.10.12,Linux 6.8.0-136-generic (x86_64),11th Gen Intel(R) Core(TM) i7-11850H @ 2.50GHz,16,wardn-thinkpad,"{""cuda-planning"": ""not-installed"", ""jupyddl"": ""2.3.0"", ""matplotlib"": ""3.10.9"", ""numpy"": ""2.2.6"", ""openplan-bench"": ""0.1.0"", ""pymapf"": ""0.8.0""}",2
mapf-scaling,mapf,pymapf,random_obstacles/24x24/n24/d0.15,random_obstacles/d0.15,cbs,,,,4,0,20.0,3072,timeout,False,False,20.01551231600024,,,,,,,,55.88,,time limit (20s) reached after 2626 nodes,2026-08-20T21:56:13+00:00,0.1.0,62459c293440,3.10.12,Linux 6.8.0-136-generic (x86_64),11th Gen Intel(R) Core(TM) i7-11850H @ 2.50GHz,16,wardn-thinkpad,"{""cuda-planning"": ""not-installed"", ""jupyddl"": ""2.3.0"", ""matplotlib"": ""3.10.9"", ""numpy"": ""2.2.6"", ""openplan-bench"": ""0.1.0"", ""pymapf"": ""0.8.0""}",2
mapf-scaling,mapf,pymapf,random_obstacles/24x24/n24/d0.15,random_obstacles/d0.15,wcbs,,,"{""weight"": 1.5}",0,0,20.0,3072,solved,True,True,0.29646188599872403,442.0,,33,442,24,,,18.91,,,2026-08-20T21:56:13+00:00,0.1.0,62459c293440,3.10.12,Linux 6.8.0-136-generic (x86_64),11th Gen Intel(R) Core(TM) i7-11850H @ 2.50GHz,16,wardn-thinkpad,"{""cuda-planning"": ""not-installed"", ""jupyddl"": ""2.3.0"", ""matplotlib"": ""3.10.9"", ""numpy"": ""2.2.6"", ""openplan-bench"": ""0.1.0"", ""pymapf"": ""0.8.0""}",2
mapf-scaling,mapf,pymapf,random_obstacles/24x24/n24/d0.15,random_obstacles/d0.15,wcbs,,,"{""weight"": 1.5}",1,0,20.0,3072,solved,True,True,0.36111161499866284,369.0,,31,369,33,,,18.91,,,2026-08-20T21:56:13+00:00,0.1.0,62459c293440,3.10.12,Linux 6.8.0-136-generic (x86_64),11th Gen Intel(R) Core(TM) i7-11850H @ 2.50GHz,16,wardn-thinkpad,"{""cuda-planning"": ""not-installed"", ""jupyddl"": ""2.3.0"", ""matplotlib"": ""3.10.9"", ""numpy"": ""2.2.6"", ""openplan-bench"": ""0.1.0"", ""pymapf"": ""0.8.0""}",2
mapf-scaling,mapf,pymapf,random_obstacles/24x24/n24/d0.15,random_obstacles/d0.15,wcbs,,,"{""weight"": 1.5}",2,0,20.0,3072,solved,True,True,0.14180915600445587,358.0,,25,358,19,,,18.91,,,2026-08-20T21:56:13+00:00,0.1.0,62459c293440,3.10.12,Linux 6.8.0-136-generic (x86_64),11th Gen Intel(R) Core(TM) i7-11850H @ 2.50GHz,16,wardn-thinkpad,"{""cuda-planning"": ""not-installed"", ""jupyddl"": ""2.3.0"", ""matplotlib"": ""3.10.9"", ""numpy"": ""2.2.6"", ""openplan-bench"": ""0.1.0"", ""pymapf"": ""0.8.0""}",2
mapf-scaling,mapf,pymapf,random_obstacles/24x24/n24/d0.15,random_obstacles/d0.15,wcbs,,,"{""weight"": 1.5}",3,0,20.0,3072,solved,True,True,0.12827139099681517,359.0,,31,359,14,,,18.91,,,2026-08-20T21:56:13+00:00,0.1.0,62459c293440,3.10.12,Linux 6.8.0-136-generic (x86_64),11th Gen Intel(R) Core(TM) i7-11850H @ 2.50GHz,16,wardn-thinkpad,"{""cuda-planning"": ""not-installed"", ""jupyddl"": ""2.3.0"", ""matplotlib"": ""3.10.9"", ""numpy"": ""2.2.6"", ""openplan-bench"": ""0.1.0"", ""pymapf"": ""0.8.0""}",2
mapf-scaling,mapf,pymapf,random_obstacles/24x24/n24/d0.15,random_obstacles/d0.15,wcbs,,,"{""weight"": 1.5}",4,0,20.0,3072,solved,True,True,0.19841776399698574,361.0,,25,361,21,,,18.91,,,2026-08-20T21:56:13+00:00,0.1.0,62459c293440,3.10.12,Linux 6.8.0-136-generic (x86_64),11th Gen Intel(R) Core(TM) i7-11850H @ 2.50GHz,16,wardn-thinkpad,"{""cuda-planning"": ""not-installed"", ""jupyddl"": ""2.3.0"", ""matplotlib"": ""3.10.9"", ""numpy"": ""2.2.6"", ""openplan-bench"": ""0.1.0"", ""pymapf"": ""0.8.0""}",2
mapf-scaling,mapf,pymapf,random_obstacles/24x24/n24/d0.15,random_obstacles/d0.15,prioritized,,,,0,0,20.0,3072,solved,True,True,0.1307301839988213,462.0,,33,462,24,,,19.39,,,2026-08-20T21:56:13+00:00,0.1.0,62459c293440,3.10.12,Linux 6.8.0-136-generic (x86_64),11th Gen Intel(R) Core(TM) i7-11850H @ 2.50GHz,16,wardn-thinkpad,"{""cuda-planning"": ""not-installed"", ""jupyddl"": ""2.3.0"", ""matplotlib"": ""3.10.9"", ""numpy"": ""2.2.6"", ""openplan-bench"": ""0.1.0"", ""pymapf"": ""0.8.0""}",2
mapf-scaling,mapf,pymapf,random_obstacles/24x24/n24/d0.15,random_obstacles/d0.15,prioritized,,,,1,0,20.0,3072,solved,True,True,0.09329133600112982,363.0,,31,363,24,,,18.91,,,2026-08-20T21:56:13+00:00,0.1.0,62459c293440,3.10.12,Linux 6.8.0-136-generic (x86_64),11th Gen Intel(R) Core(TM) i7-11850H @ 2.50GHz,16,wardn-thinkpad,"{""cuda-planning"": ""not-installed"", ""jupyddl"": ""2.3.0"", ""matplotlib"": ""3.10.9"", ""numpy"": ""2.2.6"", ""openplan-bench"": ""0.1.0"", ""pymapf"": ""0.8.0""}",2
mapf-scaling,mapf,pymapf,random_obstacles/24x24/n24/d0.15,random_obstacles/d0.15,prioritized,,,,2,0,20.0,3072,solved,True,True,0.07959072399535216,358.0,,25,358,24,,,18.91,,,2026-08-20T21:56:13+00:00,0.1.0,62459c293440,3.10.12,Linux 6.8.0-136-generic (x86_64),11th Gen Intel(R) Core(TM) i7-11850H @ 2.50GHz,16,wardn-thinkpad,"{""cuda-planning"": ""not-installed"", ""jupyddl"": ""2.3.0"", ""matplotlib"": ""3.10.9"", ""numpy"": ""2.2.6"", ""openplan-bench"": ""0.1.0"", ""pymapf"": ""0.8.0""}",2
mapf-scaling,mapf,pymapf,random_obstacles/24x24/n24/d0.15,random_obstacles/d0.15,prioritized,,,,3,0,20.0,3072,solved,True,True,0.0986331770036486,379.0,,31,379,24,,,18.91,,,2026-08-20T21:56:13+00:00,0.1.0,62459c293440,3.10.12,Linux 6.8.0-136-generic (x86_64),11th Gen Intel(R) Core(TM) i7-11850H @ 2.50GHz,16,wardn-thinkpad,"{""cuda-planning"": ""not-installed"", ""jupyddl"": ""2.3.0"", ""matplotlib"": ""3.10.9"", ""numpy"": ""2.2.6"", ""openplan-bench"": ""0.1.0"", ""pymapf"": ""0.8.0""}",2
mapf-scaling,mapf,pymapf,random_obstacles/24x24/n24/d0.15,random_obstacles/d0.15,prioritized,,,,4,0,20.0,3072,solved,True,True,0.08341562499845168,379.0,,26,379,24,,,18.91,,,2026-08-20T21:56:13+00:00,0.1.0,62459c293440,3.10.12,Linux 6.8.0-136-generic (x86_64),11th Gen Intel(R) Core(TM) i7-11850H @ 2.50GHz,16,wardn-thinkpad,"{""cuda-planning"": ""not-installed"", ""jupyddl"": ""2.3.0"", ""matplotlib"": ""3.10.9"", ""numpy"": ""2.2.6"", ""openplan-bench"": ""0.1.0"", ""pymapf"": ""0.8.0""}",2
mapf-scaling,mapf,pymapf,random_obstacles/24x24/n24/d0.15,random_obstacles/d0.15,pibt,,,,0,0,20.0,3072,solved,True,True,0.030624432001786772,517.0,,39,517,39,,,18.91,,,2026-08-20T21:56:13+00:00,0.1.0,62459c293440,3.10.12,Linux 6.8.0-136-generic (x86_64),11th Gen Intel(R) Core(TM) i7-11850H @ 2.50GHz,16,wardn-thinkpad,"{""cuda-planning"": ""not-installed"", ""jupyddl"": ""2.3.0"", ""matplotlib"": ""3.10.9"", ""numpy"": ""2.2.6"", ""openplan-bench"": ""0.1.0"", ""pymapf"": ""0.8.0""}",2
mapf-scaling,mapf,pymapf,random_obstacles/24x24/n24/d0.15,random_obstacles/d0.15,pibt,,,,1,0,20.0,3072,solved,True,True,0.029525123005441856,408.0,,32,408,32,,,18.91,,,2026-08-20T21:56:13+00:00,0.1.0,62459c293440,3.10.12,Linux 6.8.0-136-generic (x86_64),11th Gen Intel(R) Core(TM) i7-11850H @ 2.50GHz,16,wardn-thinkpad,"{""cuda-planning"": ""not-installed"", ""jupyddl"": ""2.3.0"", ""matplotlib"": ""3.10.9"", ""numpy"": ""2.2.6"", ""openplan-bench"": ""0.1.0"", ""pymapf"": ""0.8.0""}",2
mapf-scaling,mapf,pymapf,random_obstacles/24x24/n24/d0.15,random_obstacles/d0.15,pibt,,,,2,0,20.0,3072,solved,True,True,0.028004739004245494,389.0,,25,389,25,,,18.91,,,2026-08-20T21:56:13+00:00,0.1.0,62459c293440,3.10.12,Linux 6.8.0-136-generic (x86_64),11th Gen Intel(R) Core(TM) i7-11850H @ 2.50GHz,16,wardn-thinkpad,"{""cuda-planning"": ""not-installed"", ""jupyddl"": ""2.3.0"", ""matplotlib"": ""3.10.9"", ""numpy"": ""2.2.6"", ""openplan-bench"": ""0.1.0"", ""pymapf"": ""0.8.0""}",2
mapf-scaling,mapf,pymapf,random_obstacles/24x24/n24/d0.15,random_obstacles/d0.15,pibt,,,,3,0,20.0,3072,solved,True,True,0.027399427999625914,389.0,,31,389,31,,,18.91,,,2026-08-20T21:56:13+00:00,0.1.0,62459c293440,3.10.12,Linux 6.8.0-136-generic (x86_64),11th Gen Intel(R) Core(TM) i7-11850H @ 2.50GHz,16,wardn-thinkpad,"{""cuda-planning"": ""not-installed"", ""jupyddl"": ""2.3.0"", ""matplotlib"": ""3.10.9"", ""numpy"": ""2.2.6"", ""openplan-bench"": ""0.1.0"", ""pymapf"": ""0.8.0""}",2
mapf-scaling,mapf,pymapf,random_obstacles/24x24/n24/d0.15,random_obstacles/d0.15,pibt,,,,4,0,20.0,3072,solved,True,True,0.025618041996494867,405.0,,25,405,25,,,18.91,,,2026-08-20T21:56:13+00:00,0.1.0,62459c293440,3.10.12,Linux 6.8.0-136-generic (x86_64),11th Gen Intel(R) Core(TM) i7-11850H @ 2.50GHz,16,wardn-thinkpad,"{""cuda-planning"": ""not-installed"", ""jupyddl"": ""2.3.0"", ""matplotlib"": ""3.10.9"", ""numpy"": ""2.2.6"", ""openplan-bench"": ""0.1.0"", ""pymapf"": ""0.8.0""}",2
mapf-scaling,mapf,pymapf,random_obstacles/24x24/n24/d0.15,random_obstacles/d0.15,lacam,,,,0,0,20.0,3072,solved,True,True,0.029311251993931364,517.0,,39,517,39,,,18.91,,,2026-08-20T21:56:13+00:00,0.1.0,62459c293440,3.10.12,Linux 6.8.0-136-generic (x86_64),11th Gen Intel(R) Core(TM) i7-11850H @ 2.50GHz,16,wardn-thinkpad,"{""cuda-planning"": ""not-installed"", ""jupyddl"": ""2.3.0"", ""matplotlib"": ""3.10.9"", ""numpy"": ""2.2.6"", ""openplan-bench"": ""0.1.0"", ""pymapf"": ""0.8.0""}",2
mapf-scaling,mapf,pymapf,random_obstacles/24x24/n24/d0.15,random_obstacles/d0.15,lacam,,,,1,0,20.0,3072,solved,True,True,0.028027355001540855,408.0,,32,408,32,,,18.91,,,2026-08-20T21:56:13+00:00,0.1.0,62459c293440,3.10.12,Linux 6.8.0-136-generic (x86_64),11th Gen Intel(R) Core(TM) i7-11850H @ 2.50GHz,16,wardn-thinkpad,"{""cuda-planning"": ""not-installed"", ""jupyddl"": ""2.3.0"", ""matplotlib"": ""3.10.9"", ""numpy"": ""2.2.6"", ""openplan-bench"": ""0.1.0"", ""pymapf"": ""0.8.0""}",2
mapf-scaling,mapf,pymapf,random_obstacles/24x24/n24/d0.15,random_obstacles/d0.15,lacam,,,,2,0,20.0,3072,solved,True,True,0.026841177001188044,389.0,,25,389,25,,,18.91,,,2026-08-20T21:56:13+00:00,0.1.0,62459c293440,3.10.12,Linux 6.8.0-136-generic (x86_64),11th Gen Intel(R) Core(TM) i7-11850H @ 2.50GHz,16,wardn-thinkpad,"{""cuda-planning"": ""not-installed"", ""jupyddl"": ""2.3.0"", ""matplotlib"": ""3.10.9"", ""numpy"": ""2.2.6"", ""openplan-bench"": ""0.1.0"", ""pymapf"": ""0.8.0""}",2
mapf-scaling,mapf,pymapf,random_obstacles/24x24/n24/d0.15,random_obstacles/d0.15,lacam,,,,3,0,20.0,3072,solved,True,True,0.028824651999457274,389.0,,31,389,31,,,18.91,,,2026-08-20T21:56:13+00:00,0.1.0,62459c293440,3.10.12,Linux 6.8.0-136-generic (x86_64),11th Gen Intel(R) Core(TM) i7-11850H @ 2.50GHz,16,wardn-thinkpad,"{""cuda-planning"": ""not-installed"", ""jupyddl"": ""2.3.0"", ""matplotlib"": ""3.10.9"", ""numpy"": ""2.2.6"", ""openplan-bench"": ""0.1.0"", ""pymapf"": ""0.8.0""}",2
mapf-scaling,mapf,pymapf,random_obstacles/24x24/n24/d0.15,random_obstacles/d0.15,lacam,,,,4,0,20.0,3072,solved,True,True,0.027037373998609837,405.0,,25,405,25,,,18.91,,,2026-08-20T21:56:13+00:00,0.1.0,62459c293440,3.10.12,Linux 6.8.0-136-generic (x86_64),11th Gen Intel(R) Core(TM) i7-11850H @ 2.50GHz,16,wardn-thinkpad,"{""cuda-planning"": ""not-installed"", ""jupyddl"": ""2.3.0"", ""matplotlib"": ""3.10.9"", ""numpy"": ""2.2.6"", ""openplan-bench"": ""0.1.0"", ""pymapf"": ""0.8.0""}",2
mapf-scaling,mapf,pymapf,random_obstacles/24x24/n32/d0.15,random_obstacles/d0.15,cbs,,,,0,0,20.0,3072,timeout,False,False,20.016223539001658,,,,,,,,46.21,,time limit (20s) reached after 1592 nodes,2026-08-20T21:56:13+00:00,0.1.0,62459c293440,3.10.12,Linux 6.8.0-136-generic (x86_64),11th Gen Intel(R) Core(TM) i7-11850H @ 2.50GHz,16,wardn-thinkpad,"{""cuda-planning"": ""not-installed"", ""jupyddl"": ""2.3.0"", ""matplotlib"": ""3.10.9"", ""numpy"": ""2.2.6"", ""openplan-bench"": ""0.1.0"", ""pymapf"": ""0.8.0""}",2
mapf-scaling,mapf,pymapf,random_obstacles/24x24/n32/d0.15,random_obstacles/d0.15,cbs,,,,1,0,20.0,3072,timeout,False,False,20.01047124699835,,,,,,,,47.09,,time limit (20s) reached after 1645 nodes,2026-08-20T21:56:13+00:00,0.1.0,62459c293440,3.10.12,Linux 6.8.0-136-generic (x86_64),11th Gen Intel(R) Core(TM) i7-11850H @ 2.50GHz,16,wardn-thinkpad,"{""cuda-planning"": ""not-installed"", ""jupyddl"": ""2.3.0"", ""matplotlib"": ""3.10.9"", ""numpy"": ""2.2.6"", ""openplan-bench"": ""0.1.0"", ""pymapf"": ""0.8.0""}",2
mapf-scaling,mapf,pymapf,random_obstacles/24x24/n32/d0.15,random_obstacles/d0.15,cbs,,,,2,0,20.0,3072,timeout,False,False,20.017293195000093,,,,,,,,42.2,,time limit (20s) reached after 1473 nodes,2026-08-20T21:56:13+00:00,0.1.0,62459c293440,3.10.12,Linux 6.8.0-136-generic (x86_64),11th Gen Intel(R) Core(TM) i7-11850H @ 2.50GHz,16,wardn-thinkpad,"{""cuda-planning"": ""not-installed"", ""jupyddl"": ""2.3.0"", ""matplotlib"": ""3.10.9"", ""numpy"": ""2.2.6"", ""openplan-bench"": ""0.1.0"", ""pymapf"": ""0.8.0""}",2
mapf-scaling,mapf,pymapf,random_obstacles/24x24/n32/d0.15,random_obstacles/d0.15,cbs,,,,3,0,20.0,3072,solved,True,True,3.524056524001935,490.0,,29,490,265,,,18.91,,,2026-08-20T21:56:13+00:00,0.1.0,62459c293440,3.10.12,Linux 6.8.0-136-generic (x86_64),11th Gen Intel(R) Core(TM) i7-11850H @ 2.50GHz,16,wardn-thinkpad,"{""cuda-planning"": ""not-installed"", ""jupyddl"": ""2.3.0"", ""matplotlib"": ""3.10.9"", ""numpy"": ""2.2.6"", ""openplan-bench"": ""0.1.0"", ""pymapf"": ""0.8.0""}",2
mapf-scaling,mapf,pymapf,random_obstacles/24x24/n32/d0.15,random_obstacles/d0.15,cbs,,,,4,0,20.0,3072,timeout,False,False,20.01541136799642,,,,,,,,44.09,,time limit (20s) reached after 1502 nodes,2026-08-20T21:56:13+00:00,0.1.0,62459c293440,3.10.12,Linux 6.8.0-136-generic (x86_64),11th Gen Intel(R) Core(TM) i7-11850H @ 2.50GHz,16,wardn-thinkpad,"{""cuda-planning"": ""not-installed"", ""jupyddl"": ""2.3.0"", ""matplotlib"": ""3.10.9"", ""numpy"": ""2.2.6"", ""openplan-bench"": ""0.1.0"", ""pymapf"": ""0.8.0""}",2
mapf-scaling,mapf,pymapf,random_obstacles/24x24/n32/d0.15,random_obstacles/d0.15,wcbs,,,"{""weight"": 1.5}",0,0,20.0,3072,solved,True,True,0.9673396930011222,491.0,,28,491,41,,,18.91,,,2026-08-20T21:56:13+00:00,0.1.0,62459c293440,3.10.12,Linux 6.8.0-136-generic (x86_64),11th Gen Intel(R) Core(TM) i7-11850H @ 2.50GHz,16,wardn-thinkpad,"{""cuda-planning"": ""not-installed"", ""jupyddl"": ""2.3.0"", ""matplotlib"": ""3.10.9"", ""numpy"": ""2.2.6"", ""openplan-bench"": ""0.1.0"", ""pymapf"": ""0.8.0""}",2
mapf-scaling,mapf,pymapf,random_obstacles/24x24/n32/d0.15,random_obstacles/d0.15,wcbs,,,"{""weight"": 1.5}",1,0,20.0,3072,solved,True,True,0.7784379349977826,498.0,,29,498,38,,,18.91,,,2026-08-20T21:56:13+00:00,0.1.0,62459c293440,3.10.12,Linux 6.8.0-136-generic (x86_64),11th Gen Intel(R) Core(TM) i7-11850H @ 2.50GHz,16,wardn-thinkpad,"{""cuda-planning"": ""not-installed"", ""jupyddl"": ""2.3.0"", ""matplotlib"": ""3.10.9"", ""numpy"": ""2.2.6"", ""openplan-bench"": ""0.1.0"", ""pymapf"": ""0.8.0""}",2
mapf-scaling,mapf,pymapf,random_obstacles/24x24/n32/d0.15,random_obstacles/d0.15,wcbs,,,"{""weight"": 1.5}",2,0,20.0,3072,solved,True,True,0.6196004390003509,528.0,,30,528,35,,,18.91,,,2026-08-20T21:56:13+00:00,0.1.0,62459c293440,3.10.12,Linux 6.8.0-136-generic (x86_64),11th Gen Intel(R) Core(TM) i7-11850H @ 2.50GHz,16,wardn-thinkpad,"{""cuda-planning"": ""not-installed"", ""jupyddl"": ""2.3.0"", ""matplotlib"": ""3.10.9"", ""numpy"": ""2.2.6"", ""openplan-bench"": ""0.1.0"", ""pymapf"": ""0.8.0""}",2
mapf-scaling,mapf,pymapf,random_obstacles/24x24/n32/d0.15,random_obstacles/d0.15,wcbs,,,"{""weight"": 1.5}",3,0,20.0,3072,solved,True,True,0.5541893459958374,497.0,,29,497,33,,,18.91,,,2026-08-20T21:56:13+00:00,0.1.0,62459c293440,3.10.12,Linux 6.8.0-136-generic (x86_64),11th Gen Intel(R) Core(TM) i7-11850H @ 2.50GHz,16,wardn-thinkpad,"{""cuda-planning"": ""not-installed"", ""jupyddl"": ""2.3.0"", ""matplotlib"": ""3.10.9"", ""numpy"": ""2.2.6"", ""openplan-bench"": ""0.1.0"", ""pymapf"": ""0.8.0""}",2
mapf-scaling,mapf,pymapf,random_obstacles/24x24/n32/d0.15,random_obstacles/d0.15,wcbs,,,"{""weight"": 1.5}",4,0,20.0,3072,solved,True,True,1.1014517029980198,575.0,,31,575,66,,,18.91,,,2026-08-20T21:56:13+00:00,0.1.0,62459c293440,3.10.12,Linux 6.8.0-136-generic (x86_64),11th Gen Intel(R) Core(TM) i7-11850H @ 2.50GHz,16,wardn-thinkpad,"{""cuda-planning"": ""not-installed"", ""jupyddl"": ""2.3.0"", ""matplotlib"": ""3.10.9"", ""numpy"": ""2.2.6"", ""openplan-bench"": ""0.1.0"", ""pymapf"": ""0.8.0""}",2
mapf-scaling,mapf,pymapf,random_obstacles/24x24/n32/d0.15,random_obstacles/d0.15,prioritized,,,,0,0,20.0,3072,solved,True,True,0.1777149250046932,511.0,,28,511,32,,,22.82,,,2026-08-20T21:56:13+00:00,0.1.0,62459c293440,3.10.12,Linux 6.8.0-136-generic (x86_64),11th Gen Intel(R) Core(TM) i7-11850H @ 2.50GHz,16,wardn-thinkpad,"{""cuda-planning"": ""not-installed"", ""jupyddl"": ""2.3.0"", ""matplotlib"": ""3.10.9"", ""numpy"": ""2.2.6"", ""openplan-bench"": ""0.1.0"", ""pymapf"": ""0.8.0""}",2
mapf-scaling,mapf,pymapf,random_obstacles/24x24/n32/d0.15,random_obstacles/d0.15,prioritized,,,,1,0,20.0,3072,solved,True,True,0.19629762499971548,510.0,,29,510,32,,,22.64,,,2026-08-20T21:56:13+00:00,0.1.0,62459c293440,3.10.12,Linux 6.8.0-136-generic (x86_64),11th Gen Intel(R) Core(TM) i7-11850H @ 2.50GHz,16,wardn-thinkpad,"{""cuda-planning"": ""not-installed"", ""jupyddl"": ""2.3.0"", ""matplotlib"": ""3.10.9"", ""numpy"": ""2.2.6"", ""openplan-bench"": ""0.1.0"", ""pymapf"": ""0.8.0""}",2
mapf-scaling,mapf,pymapf,random_obstacles/24x24/n32/d0.15,random_obstacles/d0.15,prioritized,,,,2,0,20.0,3072,solved,True,True,0.23004993599897716,545.0,,32,545,32,,,22.93,,,2026-08-20T21:56:13+00:00,0.1.0,62459c293440,3.10.12,Linux 6.8.0-136-generic (x86_64),11th Gen Intel(R) Core(TM) i7-11850H @ 2.50GHz,16,wardn-thinkpad,"{""cuda-planning"": ""not-installed"", ""jupyddl"": ""2.3.0"", ""matplotlib"": ""3.10.9"", ""numpy"": ""2.2.6"", ""openplan-bench"": ""0.1.0"", ""pymapf"": ""0.8.0""}",2
mapf-scaling,mapf,pymapf,random_obstacles/24x24/n32/d0.15,random_obstacles/d0.15,prioritized,,,,3,0,20.0,3072,solved,True,True,0.1865537600024254,502.0,,31,502,32,,,22.67,,,2026-08-20T21:56:13+00:00,0.1.0,62459c293440,3.10.12,Linux 6.8.0-136-generic (x86_64),11th Gen Intel(R) Core(TM) i7-11850H @ 2.50GHz,16,wardn-thinkpad,"{""cuda-planning"": ""not-installed"", ""jupyddl"": ""2.3.0"", ""matplotlib"": ""3.10.9"", ""numpy"": ""2.2.6"", ""openplan-bench"": ""0.1.0"", ""pymapf"": ""0.8.0""}",2
mapf-scaling,mapf,pymapf,random_obstacles/24x24/n32/d0.15,random_obstacles/d0.15,prioritized,,,,4,0,20.0,3072,solved,True,True,0.18609392100188415,569.0,,29,569,32,,,22.93,,,2026-08-20T21:56:13+00:00,0.1.0,62459c293440,3.10.12,Linux 6.8.0-136-generic (x86_64),11th Gen Intel(R) Core(TM) i7-11850H @ 2.50GHz,16,wardn-thinkpad,"{""cuda-planning"": ""not-installed"", ""jupyddl"": ""2.3.0"", ""matplotlib"": ""3.10.9"", ""numpy"": ""2.2.6"", ""openplan-bench"": ""0.1.0"", ""pymapf"": ""0.8.0""}",2
mapf-scaling,mapf,pymapf,random_obstacles/24x24/n32/d0.15,random_obstacles/d0.15,pibt,,,,0,0,20.0,3072,solved,True,True,0.038897960002941545,597.0,,28,597,28,,,18.91,,,2026-08-20T21:56:13+00:00,0.1.0,62459c293440,3.10.12,Linux 6.8.0-136-generic (x86_64),11th Gen Intel(R) Core(TM) i7-11850H @ 2.50GHz,16,wardn-thinkpad,"{""cuda-planning"": ""not-installed"", ""jupyddl"": ""2.3.0"", ""matplotlib"": ""3.10.9"", ""numpy"": ""2.2.6"", ""openplan-bench"": ""0.1.0"", ""pymapf"": ""0.8.0""}",2
mapf-scaling,mapf,pymapf,random_obstacles/24x24/n32/d0.15,random_obstacles/d0.15,pibt,,,,1,0,20.0,3072,solved,True,True,0.037811358997714706,590.0,,30,590,30,,,18.91,,,2026-08-20T21:56:13+00:00,0.1.0,62459c293440,3.10.12,Linux 6.8.0-136-generic (x86_64),11th Gen Intel(R) Core(TM) i7-11850H @ 2.50GHz,16,wardn-thinkpad,"{""cuda-planning"": ""not-installed"", ""jupyddl"": ""2.3.0"", ""matplotlib"": ""3.10.9"", ""numpy"": ""2.2.6"", ""openplan-bench"": ""0.1.0"", ""pymapf"": ""0.8.0""}",2
mapf-scaling,mapf,pymapf,random_obstacles/24x24/n32/d0.15,random_obstacles/d0.15,pibt,,,,2,0,20.0,3072,solved,True,True,0.03875847200106364,573.0,,34,573,34,,,18.91,,,2026-08-20T21:56:13+00:00,0.1.0,62459c293440,3.10.12,Linux 6.8.0-136-generic (x86_64),11th Gen Intel(R) Core(TM) i7-11850H @ 2.50GHz,16,wardn-thinkpad,"{""cuda-planning"": ""not-installed"", ""jupyddl"": ""2.3.0"", ""matplotlib"": ""3.10.9"", ""numpy"": ""2.2.6"", ""openplan-bench"": ""0.1.0"", ""pymapf"": ""0.8.0""}",2
mapf-scaling,mapf,pymapf,random_obstacles/24x24/n32/d0.15,random_obstacles/d0.15,pibt,,,,3,0,20.0,3072,solved,True,True,0.03869070100336103,567.0,,31,567,31,,,18.91,,,2026-08-20T21:56:13+00:00,0.1.0,62459c293440,3.10.12,Linux 6.8.0-136-generic (x86_64),11th Gen Intel(R) Core(TM) i7-11850H @ 2.50GHz,16,wardn-thinkpad,"{""cuda-planning"": ""not-installed"", ""jupyddl"": ""2.3.0"", ""matplotlib"": ""3.10.9"", ""numpy"": ""2.2.6"", ""openplan-bench"": ""0.1.0"", ""pymapf"": ""0.8.0""}",2
mapf-scaling,mapf,pymapf,random_obstacles/24x24/n32/d0.15,random_obstacles/d0.15,pibt,,,,4,0,20.0,3072,solved,True,True,0.03915076400153339,701.0,,34,701,34,,,18.91,,,2026-08-20T21:56:13+00:00,0.1.0,62459c293440,3.10.12,Linux 6.8.0-136-generic (x86_64),11th Gen Intel(R) Core(TM) i7-11850H @ 2.50GHz,16,wardn-thinkpad,"{""cuda-planning"": ""not-installed"", ""jupyddl"": ""2.3.0"", ""matplotlib"": ""3.10.9"", ""numpy"": ""2.2.6"", ""openplan-bench"": ""0.1.0"", ""pymapf"": ""0.8.0""}",2
mapf-scaling,mapf,pymapf,random_obstacles/24x24/n32/d0.15,random_obstacles/d0.15,lacam,,,,0,0,20.0,3072,solved,True,True,0.04100017600285355,597.0,,28,597,28,,,18.91,,,2026-08-20T21:56:13+00:00,0.1.0,62459c293440,3.10.12,Linux 6.8.0-136-generic (x86_64),11th Gen Intel(R) Core(TM) i7-11850H @ 2.50GHz,16,wardn-thinkpad,"{""cuda-planning"": ""not-installed"", ""jupyddl"": ""2.3.0"", ""matplotlib"": ""3.10.9"", ""numpy"": ""2.2.6"", ""openplan-bench"": ""0.1.0"", ""pymapf"": ""0.8.0""}",2
mapf-scaling,mapf,pymapf,random_obstacles/24x24/n32/d0.15,random_obstacles/d0.15,lacam,,,,1,0,20.0,3072,solved,True,True,0.042734930000733584,590.0,,30,590,30,,,18.91,,,2026-08-20T21:56:13+00:00,0.1.0,62459c293440,3.10.12,Linux 6.8.0-136-generic (x86_64),11th Gen Intel(R) Core(TM) i7-11850H @ 2.50GHz,16,wardn-thinkpad,"{""cuda-planning"": ""not-installed"", ""jupyddl"": ""2.3.0"", ""matplotlib"": ""3.10.9"", ""numpy"": ""2.2.6"", ""openplan-bench"": ""0.1.0"", ""pymapf"": ""0.8.0""}",2
mapf-scaling,mapf,pymapf,random_obstacles/24x24/n32/d0.15,random_obstacles/d0.15,lacam,,,,2,0,20.0,3072,solved,True,True,0.04046375300094951,573.0,,34,573,34,,,18.91,,,2026-08-20T21:56:13+00:00,0.1.0,62459c293440,3.10.12,Linux 6.8.0-136-generic (x86_64),11th Gen Intel(R) Core(TM) i7-11850H @ 2.50GHz,16,wardn-thinkpad,"{""cuda-planning"": ""not-installed"", ""jupyddl"": ""2.3.0"", ""matplotlib"": ""3.10.9"", ""numpy"": ""2.2.6"", ""openplan-bench"": ""0.1.0"", ""pymapf"": ""0.8.0""}",2
mapf-scaling,mapf,pymapf,random_obstacles/24x24/n32/d0.15,random_obstacles/d0.15,lacam,,,,3,0,20.0,3072,solved,True,True,0.040307537994522136,567.0,,31,567,31,,,18.91,,,2026-08-20T21:56:13+00:00,0.1.0,62459c293440,3.10.12,Linux 6.8.0-136-generic (x86_64),11th Gen Intel(R) Core(TM) i7-11850H @ 2.50GHz,16,wardn-thinkpad,"{""cuda-planning"": ""not-installed"", ""jupyddl"": ""2.3.0"", ""matplotlib"": ""3.10.9"", ""numpy"": ""2.2.6"", ""openplan-bench"": ""0.1.0"", ""pymapf"": ""0.8.0""}",2
mapf-scaling,mapf,pymapf,random_obstacles/24x24/n32/d0.15,random_obstacles/d0.15,lacam,,,,4,0,20.0,3072,solved,True,True,0.04011056499439292,701.0,,34,701,34,,,18.91,,,2026-08-20T21:56:13+00:00,0.1.0,62459c293440,3.10.12,Linux 6.8.0-136-generic (x86_64),11th Gen Intel(R) Core(TM) i7-11850H @ 2.50GHz,16,wardn-thinkpad,"{""cuda-planning"": ""not-installed"", ""jupyddl"": ""2.3.0"", ""matplotlib"": ""3.10.9"", ""numpy"": ""2.2.6"", ""openplan-bench"": ""0.1.0"", ""pymapf"": ""0.8.0""}",2
mapf-scaling,mapf,cuplan,random_obstacles/16x16/n4/d0.15,random_obstacles/d0.15,prioritized,,cpu,"{""backend"": ""cpu""}",0,0,20.0,3072,not-installed,False,False,0.0,,,,,,,,,,cuplan is not importable (ModuleNotFoundError: No module named 'cuplan'). Install with: pip install 'cuda-planning @ git+https://github.com/openplan-labs/cuda-planning',2026-08-20T21:56:13+00:00,0.1.0,62459c293440,3.10.12,Linux 6.8.0-136-generic (x86_64),11th Gen Intel(R) Core(TM) i7-11850H @ 2.50GHz,16,wardn-thinkpad,"{""cuda-planning"": ""not-installed"", ""jupyddl"": ""2.3.0"", ""matplotlib"": ""3.10.9"", ""numpy"": ""2.2.6"", ""openplan-bench"": ""0.1.0"", ""pymapf"": ""0.8.0""}",2
mapf-scaling,mapf,cuplan,random_obstacles/16x16/n4/d0.15,random_obstacles/d0.15,prioritized,,cpu,"{""backend"": ""cpu""}",1,0,20.0,3072,not-installed,False,False,0.0,,,,,,,,,,cuplan is not importable (ModuleNotFoundError: No module named 'cuplan'). Install with: pip install 'cuda-planning @ git+https://github.com/openplan-labs/cuda-planning',2026-08-20T21:56:13+00:00,0.1.0,62459c293440,3.10.12,Linux 6.8.0-136-generic (x86_64),11th Gen Intel(R) Core(TM) i7-11850H @ 2.50GHz,16,wardn-thinkpad,"{""cuda-planning"": ""not-installed"", ""jupyddl"": ""2.3.0"", ""matplotlib"": ""3.10.9"", ""numpy"": ""2.2.6"", ""openplan-bench"": ""0.1.0"", ""pymapf"": ""0.8.0""}",2
mapf-scaling,mapf,cuplan,random_obstacles/16x16/n4/d0.15,random_obstacles/d0.15,prioritized,,cpu,"{""backend"": ""cpu""}",2,0,20.0,3072,not-installed,False,False,0.0,,,,,,,,,,cuplan is not importable (ModuleNotFoundError: No module named 'cuplan'). Install with: pip install 'cuda-planning @ git+https://github.com/openplan-labs/cuda-planning',2026-08-20T21:56:13+00:00,0.1.0,62459c293440,3.10.12,Linux 6.8.0-136-generic (x86_64),11th Gen Intel(R) Core(TM) i7-11850H @ 2.50GHz,16,wardn-thinkpad,"{""cuda-planning"": ""not-installed"", ""jupyddl"": ""2.3.0"", ""matplotlib"": ""3.10.9"", ""numpy"": ""2.2.6"", ""openplan-bench"": ""0.1.0"", ""pymapf"": ""0.8.0""}",2
mapf-scaling,mapf,cuplan,random_obstacles/16x16/n4/d0.15,random_obstacles/d0.15,prioritized,,cpu,"{""backend"": ""cpu""}",3,0,20.0,3072,not-installed,False,False,0.0,,,,,,,,,,cuplan is not importable (ModuleNotFoundError: No module named 'cuplan'). Install with: pip install 'cuda-planning @ git+https://github.com/openplan-labs/cuda-planning',2026-08-20T21:56:13+00:00,0.1.0,62459c293440,3.10.12,Linux 6.8.0-136-generic (x86_64),11th Gen Intel(R) Core(TM) i7-11850H @ 2.50GHz,16,wardn-thinkpad,"{""cuda-planning"": ""not-installed"", ""jupyddl"": ""2.3.0"", ""matplotlib"": ""3.10.9"", ""numpy"": ""2.2.6"", ""openplan-bench"": ""0.1.0"", ""pymapf"": ""0.8.0""}",2
mapf-scaling,mapf,cuplan,random_obstacles/16x16/n4/d0.15,random_obstacles/d0.15,prioritized,,cpu,"{""backend"": ""cpu""}",4,0,20.0,3072,not-installed,False,False,0.0,,,,,,,,,,cuplan is not importable (ModuleNotFoundError: No module named 'cuplan'). Install with: pip install 'cuda-planning @ git+https://github.com/openplan-labs/cuda-planning',2026-08-20T21:56:13+00:00,0.1.0,62459c293440,3.10.12,Linux 6.8.0-136-generic (x86_64),11th Gen Intel(R) Core(TM) i7-11850H @ 2.50GHz,16,wardn-thinkpad,"{""cuda-planning"": ""not-installed"", ""jupyddl"": ""2.3.0"", ""matplotlib"": ""3.10.9"", ""numpy"": ""2.2.6"", ""openplan-bench"": ""0.1.0"", ""pymapf"": ""0.8.0""}",2
mapf-scaling,mapf,cuplan,random_obstacles/16x16/n4/d0.15,random_obstacles/d0.15,pibt,,cpu,"{""backend"": ""cpu""}",0,0,20.0,3072,not-installed,False,False,0.0,,,,,,,,,,cuplan is not importable (ModuleNotFoundError: No module named 'cuplan'). Install with: pip install 'cuda-planning @ git+https://github.com/openplan-labs/cuda-planning',2026-08-20T21:56:13+00:00,0.1.0,62459c293440,3.10.12,Linux 6.8.0-136-generic (x86_64),11th Gen Intel(R) Core(TM) i7-11850H @ 2.50GHz,16,wardn-thinkpad,"{""cuda-planning"": ""not-installed"", ""jupyddl"": ""2.3.0"", ""matplotlib"": ""3.10.9"", ""numpy"": ""2.2.6"", ""openplan-bench"": ""0.1.0"", ""pymapf"": ""0.8.0""}",2
mapf-scaling,mapf,cuplan,random_obstacles/16x16/n4/d0.15,random_obstacles/d0.15,pibt,,cpu,"{""backend"": ""cpu""}",1,0,20.0,3072,not-installed,False,False,0.0,,,,,,,,,,cuplan is not importable (ModuleNotFoundError: No module named 'cuplan'). Install with: pip install 'cuda-planning @ git+https://github.com/openplan-labs/cuda-planning',2026-08-20T21:56:13+00:00,0.1.0,62459c293440,3.10.12,Linux 6.8.0-136-generic (x86_64),11th Gen Intel(R) Core(TM) i7-11850H @ 2.50GHz,16,wardn-thinkpad,"{""cuda-planning"": ""not-installed"", ""jupyddl"": ""2.3.0"", ""matplotlib"": ""3.10.9"", ""numpy"": ""2.2.6"", ""openplan-bench"": ""0.1.0"", ""pymapf"": ""0.8.0""}",2
mapf-scaling,mapf,cuplan,random_obstacles/16x16/n4/d0.15,random_obstacles/d0.15,pibt,,cpu,"{""backend"": ""cpu""}",2,0,20.0,3072,not-installed,False,False,0.0,,,,,,,,,,cuplan is not importable (ModuleNotFoundError: No module named 'cuplan'). Install with: pip install 'cuda-planning @ git+https://github.com/openplan-labs/cuda-planning',2026-08-20T21:56:13+00:00,0.1.0,62459c293440,3.10.12,Linux 6.8.0-136-generic (x86_64),11th Gen Intel(R) Core(TM) i7-11850H @ 2.50GHz,16,wardn-thinkpad,"{""cuda-planning"": ""not-installed"", ""jupyddl"": ""2.3.0"", ""matplotlib"": ""3.10.9"", ""numpy"": ""2.2.6"", ""openplan-bench"": ""0.1.0"", ""pymapf"": ""0.8.0""}",2
mapf-scaling,mapf,cuplan,random_obstacles/16x16/n4/d0.15,random_obstacles/d0.15,pibt,,cpu,"{""backend"": ""cpu""}",3,0,20.0,3072,not-installed,False,False,0.0,,,,,,,,,,cuplan is not importable (ModuleNotFoundError: No module named 'cuplan'). Install with: pip install 'cuda-planning @ git+https://github.com/openplan-labs/cuda-planning',2026-08-20T21:56:13+00:00,0.1.0,62459c293440,3.10.12,Linux 6.8.0-136-generic (x86_64),11th Gen Intel(R) Core(TM) i7-11850H @ 2.50GHz,16,wardn-thinkpad,"{""cuda-planning"": ""not-installed"", ""jupyddl"": ""2.3.0"", ""matplotlib"": ""3.10.9"", ""numpy"": ""2.2.6"", ""openplan-bench"": ""0.1.0"", ""pymapf"": ""0.8.0""}",2
mapf-scaling,mapf,cuplan,random_obstacles/16x16/n4/d0.15,random_obstacles/d0.15,pibt,,cpu,"{""backend"": ""cpu""}",4,0,20.0,3072,not-installed,False,False,0.0,,,,,,,,,,cuplan is not importable (ModuleNotFoundError: No module named 'cuplan'). Install with: pip install 'cuda-planning @ git+https://github.com/openplan-labs/cuda-planning',2026-08-20T21:56:13+00:00,0.1.0,62459c293440,3.10.12,Linux 6.8.0-136-generic (x86_64),11th Gen Intel(R) Core(TM) i7-11850H @ 2.50GHz,16,wardn-thinkpad,"{""cuda-planning"": ""not-installed"", ""jupyddl"": ""2.3.0"", ""matplotlib"": ""3.10.9"", ""numpy"": ""2.2.6"", ""openplan-bench"": ""0.1.0"", ""pymapf"": ""0.8.0""}",2
mapf-scaling,mapf,cuplan,random_obstacles/16x16/n4/d0.15,random_obstacles/d0.15,pibt,,cuda,"{""backend"": ""cuda""}",0,0,20.0,3072,not-installed,False,False,0.0,,,,,,,,,,cuplan is not importable (ModuleNotFoundError: No module named 'cuplan'). Install with: pip install 'cuda-planning @ git+https://github.com/openplan-labs/cuda-planning',2026-08-20T21:56:13+00:00,0.1.0,62459c293440,3.10.12,Linux 6.8.0-136-generic (x86_64),11th Gen Intel(R) Core(TM) i7-11850H @ 2.50GHz,16,wardn-thinkpad,"{""cuda-planning"": ""not-installed"", ""jupyddl"": ""2.3.0"", ""matplotlib"": ""3.10.9"", ""numpy"": ""2.2.6"", ""openplan-bench"": ""0.1.0"", ""pymapf"": ""0.8.0""}",2
mapf-scaling,mapf,cuplan,random_obstacles/16x16/n4/d0.15,random_obstacles/d0.15,pibt,,cuda,"{""backend"": ""cuda""}",1,0,20.0,3072,not-installed,False,False,0.0,,,,,,,,,,cuplan is not importable (ModuleNotFoundError: No module named 'cuplan'). Install with: pip install 'cuda-planning @ git+https://github.com/openplan-labs/cuda-planning',2026-08-20T21:56:13+00:00,0.1.0,62459c293440,3.10.12,Linux 6.8.0-136-generic (x86_64),11th Gen Intel(R) Core(TM) i7-11850H @ 2.50GHz,16,wardn-thinkpad,"{""cuda-planning"": ""not-installed"", ""jupyddl"": ""2.3.0"", ""matplotlib"": ""3.10.9"", ""numpy"": ""2.2.6"", ""openplan-bench"": ""0.1.0"", ""pymapf"": ""0.8.0""}",2
mapf-scaling,mapf,cuplan,random_obstacles/16x16/n4/d0.15,random_obstacles/d0.15,pibt,,cuda,"{""backend"": ""cuda""}",2,0,20.0,3072,not-installed,False,False,0.0,,,,,,,,,,cuplan is not importable (ModuleNotFoundError: No module named 'cuplan'). Install with: pip install 'cuda-planning @ git+https://github.com/openplan-labs/cuda-planning',2026-08-20T21:56:13+00:00,0.1.0,62459c293440,3.10.12,Linux 6.8.0-136-generic (x86_64),11th Gen Intel(R) Core(TM) i7-11850H @ 2.50GHz,16,wardn-thinkpad,"{""cuda-planning"": ""not-installed"", ""jupyddl"": ""2.3.0"", ""matplotlib"": ""3.10.9"", ""numpy"": ""2.2.6"", ""openplan-bench"": ""0.1.0"", ""pymapf"": ""0.8.0""}",2
mapf-scaling,mapf,cuplan,random_obstacles/16x16/n4/d0.15,random_obstacles/d0.15,pibt,,cuda,"{""backend"": ""cuda""}",3,0,20.0,3072,not-installed,False,False,0.0,,,,,,,,,,cuplan is not importable (ModuleNotFoundError: No module named 'cuplan'). Install with: pip install 'cuda-planning @ git+https://github.com/openplan-labs/cuda-planning',2026-08-20T21:56:13+00:00,0.1.0,62459c293440,3.10.12,Linux 6.8.0-136-generic (x86_64),11th Gen Intel(R) Core(TM) i7-11850H @ 2.50GHz,16,wardn-thinkpad,"{""cuda-planning"": ""not-installed"", ""jupyddl"": ""2.3.0"", ""matplotlib"": ""3.10.9"", ""numpy"": ""2.2.6"", ""openplan-bench"": ""0.1.0"", ""pymapf"": ""0.8.0""}",2
mapf-scaling,mapf,cuplan,random_obstacles/16x16/n4/d0.15,random_obstacles/d0.15,pibt,,cuda,"{""backend"": ""cuda""}",4,0,20.0,3072,not-installed,False,False,0.0,,,,,,,,,,cuplan is not importable (ModuleNotFoundError: No module named 'cuplan'). Install with: pip install 'cuda-planning @ git+https://github.com/openplan-labs/cuda-planning',2026-08-20T21:56:13+00:00,0.1.0,62459c293440,3.10.12,Linux 6.8.0-136-generic (x86_64),11th Gen Intel(R) Core(TM) i7-11850H @ 2.50GHz,16,wardn-thinkpad,"{""cuda-planning"": ""not-installed"", ""jupyddl"": ""2.3.0"", ""matplotlib"": ""3.10.9"", ""numpy"": ""2.2.6"", ""openplan-bench"": ""0.1.0"", ""pymapf"": ""0.8.0""}",2
mapf-scaling,mapf,cuplan,random_obstacles/16x16/n8/d0.15,random_obstacles/d0.15,prioritized,,cpu,"{""backend"": ""cpu""}",0,0,20.0,3072,not-installed,False,False,0.0,,,,,,,,,,cuplan is not importable (ModuleNotFoundError: No module named 'cuplan'). Install with: pip install 'cuda-planning @ git+https://github.com/openplan-labs/cuda-planning',2026-08-20T21:56:13+00:00,0.1.0,62459c293440,3.10.12,Linux 6.8.0-136-generic (x86_64),11th Gen Intel(R) Core(TM) i7-11850H @ 2.50GHz,16,wardn-thinkpad,"{""cuda-planning"": ""not-installed"", ""jupyddl"": ""2.3.0"", ""matplotlib"": ""3.10.9"", ""numpy"": ""2.2.6"", ""openplan-bench"": ""0.1.0"", ""pymapf"": ""0.8.0""}",2
mapf-scaling,mapf,cuplan,random_obstacles/16x16/n8/d0.15,random_obstacles/d0.15,prioritized,,cpu,"{""backend"": ""cpu""}",1,0,20.0,3072,not-installed,False,False,0.0,,,,,,,,,,cuplan is not importable (ModuleNotFoundError: No module named 'cuplan'). Install with: pip install 'cuda-planning @ git+https://github.com/openplan-labs/cuda-planning',2026-08-20T21:56:13+00:00,0.1.0,62459c293440,3.10.12,Linux 6.8.0-136-generic (x86_64),11th Gen Intel(R) Core(TM) i7-11850H @ 2.50GHz,16,wardn-thinkpad,"{""cuda-planning"": ""not-installed"", ""jupyddl"": ""2.3.0"", ""matplotlib"": ""3.10.9"", ""numpy"": ""2.2.6"", ""openplan-bench"": ""0.1.0"", ""pymapf"": ""0.8.0""}",2
mapf-scaling,mapf,cuplan,random_obstacles/16x16/n8/d0.15,random_obstacles/d0.15,prioritized,,cpu,"{""backend"": ""cpu""}",2,0,20.0,3072,not-installed,False,False,0.0,,,,,,,,,,cuplan is not importable (ModuleNotFoundError: No module named 'cuplan'). Install with: pip install 'cuda-planning @ git+https://github.com/openplan-labs/cuda-planning',2026-08-20T21:56:13+00:00,0.1.0,62459c293440,3.10.12,Linux 6.8.0-136-generic (x86_64),11th Gen Intel(R) Core(TM) i7-11850H @ 2.50GHz,16,wardn-thinkpad,"{""cuda-planning"": ""not-installed"", ""jupyddl"": ""2.3.0"", ""matplotlib"": ""3.10.9"", ""numpy"": ""2.2.6"", ""openplan-bench"": ""0.1.0"", ""pymapf"": ""0.8.0""}",2
mapf-scaling,mapf,cuplan,random_obstacles/16x16/n8/d0.15,random_obstacles/d0.15,prioritized,,cpu,"{""backend"": ""cpu""}",3,0,20.0,3072,not-installed,False,False,0.0,,,,,,,,,,cuplan is not importable (ModuleNotFoundError: No module named 'cuplan'). Install with: pip install 'cuda-planning @ git+https://github.com/openplan-labs/cuda-planning',2026-08-20T21:56:13+00:00,0.1.0,62459c293440,3.10.12,Linux 6.8.0-136-generic (x86_64),11th Gen Intel(R) Core(TM) i7-11850H @ 2.50GHz,16,wardn-thinkpad,"{""cuda-planning"": ""not-installed"", ""jupyddl"": ""2.3.0"", ""matplotlib"": ""3.10.9"", ""numpy"": ""2.2.6"", ""openplan-bench"": ""0.1.0"", ""pymapf"": ""0.8.0""}",2
mapf-scaling,mapf,cuplan,random_obstacles/16x16/n8/d0.15,random_obstacles/d0.15,prioritized,,cpu,"{""backend"": ""cpu""}",4,0,20.0,3072,not-installed,False,False,0.0,,,,,,,,,,cuplan is not importable (ModuleNotFoundError: No module named 'cuplan'). Install with: pip install 'cuda-planning @ git+https://github.com/openplan-labs/cuda-planning',2026-08-20T21:56:13+00:00,0.1.0,62459c293440,3.10.12,Linux 6.8.0-136-generic (x86_64),11th Gen Intel(R) Core(TM) i7-11850H @ 2.50GHz,16,wardn-thinkpad,"{""cuda-planning"": ""not-installed"", ""jupyddl"": ""2.3.0"", ""matplotlib"": ""3.10.9"", ""numpy"": ""2.2.6"", ""openplan-bench"": ""0.1.0"", ""pymapf"": ""0.8.0""}",2
mapf-scaling,mapf,cuplan,random_obstacles/16x16/n8/d0.15,random_obstacles/d0.15,pibt,,cpu,"{""backend"": ""cpu""}",0,0,20.0,3072,not-installed,False,False,0.0,,,,,,,,,,cuplan is not importable (ModuleNotFoundError: No module named 'cuplan'). Install with: pip install 'cuda-planning @ git+https://github.com/openplan-labs/cuda-planning',2026-08-20T21:56:13+00:00,0.1.0,62459c293440,3.10.12,Linux 6.8.0-136-generic (x86_64),11th Gen Intel(R) Core(TM) i7-11850H @ 2.50GHz,16,wardn-thinkpad,"{""cuda-planning"": ""not-installed"", ""jupyddl"": ""2.3.0"", ""matplotlib"": ""3.10.9"", ""numpy"": ""2.2.6"", ""openplan-bench"": ""0.1.0"", ""pymapf"": ""0.8.0""}",2
mapf-scaling,mapf,cuplan,random_obstacles/16x16/n8/d0.15,random_obstacles/d0.15,pibt,,cpu,"{""backend"": ""cpu""}",1,0,20.0,3072,not-installed,False,False,0.0,,,,,,,,,,cuplan is not importable (ModuleNotFoundError: No module named 'cuplan'). Install with: pip install 'cuda-planning @ git+https://github.com/openplan-labs/cuda-planning',2026-08-20T21:56:13+00:00,0.1.0,62459c293440,3.10.12,Linux 6.8.0-136-generic (x86_64),11th Gen Intel(R) Core(TM) i7-11850H @ 2.50GHz,16,wardn-thinkpad,"{""cuda-planning"": ""not-installed"", ""jupyddl"": ""2.3.0"", ""matplotlib"": ""3.10.9"", ""numpy"": ""2.2.6"", ""openplan-bench"": ""0.1.0"", ""pymapf"": ""0.8.0""}",2
mapf-scaling,mapf,cuplan,random_obstacles/16x16/n8/d0.15,random_obstacles/d0.15,pibt,,cpu,"{""backend"": ""cpu""}",2,0,20.0,3072,not-installed,False,False,0.0,,,,,,,,,,cuplan is not importable (ModuleNotFoundError: No module named 'cuplan'). Install with: pip install 'cuda-planning @ git+https://github.com/openplan-labs/cuda-planning',2026-08-20T21:56:13+00:00,0.1.0,62459c293440,3.10.12,Linux 6.8.0-136-generic (x86_64),11th Gen Intel(R) Core(TM) i7-11850H @ 2.50GHz,16,wardn-thinkpad,"{""cuda-planning"": ""not-installed"", ""jupyddl"": ""2.3.0"", ""matplotlib"": ""3.10.9"", ""numpy"": ""2.2.6"", ""openplan-bench"": ""0.1.0"", ""pymapf"": ""0.8.0""}",2
mapf-scaling,mapf,cuplan,random_obstacles/16x16/n8/d0.15,random_obstacles/d0.15,pibt,,cpu,"{""backend"": ""cpu""}",3,0,20.0,3072,not-installed,False,False,0.0,,,,,,,,,,cuplan is not importable (ModuleNotFoundError: No module named 'cuplan'). Install with: pip install 'cuda-planning @ git+https://github.com/openplan-labs/cuda-planning',2026-08-20T21:56:13+00:00,0.1.0,62459c293440,3.10.12,Linux 6.8.0-136-generic (x86_64),11th Gen Intel(R) Core(TM) i7-11850H @ 2.50GHz,16,wardn-thinkpad,"{""cuda-planning"": ""not-installed"", ""jupyddl"": ""2.3.0"", ""matplotlib"": ""3.10.9"", ""numpy"": ""2.2.6"", ""openplan-bench"": ""0.1.0"", ""pymapf"": ""0.8.0""}",2
mapf-scaling,mapf,cuplan,random_obstacles/16x16/n8/d0.15,random_obstacles/d0.15,pibt,,cpu,"{""backend"": ""cpu""}",4,0,20.0,3072,not-installed,False,False,0.0,,,,,,,,,,cuplan is not importable (ModuleNotFoundError: No module named 'cuplan'). Install with: pip install 'cuda-planning @ git+https://github.com/openplan-labs/cuda-planning',2026-08-20T21:56:13+00:00,0.1.0,62459c293440,3.10.12,Linux 6.8.0-136-generic (x86_64),11th Gen Intel(R) Core(TM) i7-11850H @ 2.50GHz,16,wardn-thinkpad,"{""cuda-planning"": ""not-installed"", ""jupyddl"": ""2.3.0"", ""matplotlib"": ""3.10.9"", ""numpy"": ""2.2.6"", ""openplan-bench"": ""0.1.0"", ""pymapf"": ""0.8.0""}",2
mapf-scaling,mapf,cuplan,random_obstacles/16x16/n8/d0.15,random_obstacles/d0.15,pibt,,cuda,"{""backend"": ""cuda""}",0,0,20.0,3072,not-installed,False,False,0.0,,,,,,,,,,cuplan is not importable (ModuleNotFoundError: No module named 'cuplan'). Install with: pip install 'cuda-planning @ git+https://github.com/openplan-labs/cuda-planning',2026-08-20T21:56:13+00:00,0.1.0,62459c293440,3.10.12,Linux 6.8.0-136-generic (x86_64),11th Gen Intel(R) Core(TM) i7-11850H @ 2.50GHz,16,wardn-thinkpad,"{""cuda-planning"": ""not-installed"", ""jupyddl"": ""2.3.0"", ""matplotlib"": ""3.10.9"", ""numpy"": ""2.2.6"", ""openplan-bench"": ""0.1.0"", ""pymapf"": ""0.8.0""}",2
mapf-scaling,mapf,cuplan,random_obstacles/16x16/n8/d0.15,random_obstacles/d0.15,pibt,,cuda,"{""backend"": ""cuda""}",1,0,20.0,3072,not-installed,False,False,0.0,,,,,,,,,,cuplan is not importable (ModuleNotFoundError: No module named 'cuplan'). Install with: pip install 'cuda-planning @ git+https://github.com/openplan-labs/cuda-planning',2026-08-20T21:56:13+00:00,0.1.0,62459c293440,3.10.12,Linux 6.8.0-136-generic (x86_64),11th Gen Intel(R) Core(TM) i7-11850H @ 2.50GHz,16,wardn-thinkpad,"{""cuda-planning"": ""not-installed"", ""jupyddl"": ""2.3.0"", ""matplotlib"": ""3.10.9"", ""numpy"": ""2.2.6"", ""openplan-bench"": ""0.1.0"", ""pymapf"": ""0.8.0""}",2
mapf-scaling,mapf,cuplan,random_obstacles/16x16/n8/d0.15,random_obstacles/d0.15,pibt,,cuda,"{""backend"": ""cuda""}",2,0,20.0,3072,not-installed,False,False,0.0,,,,,,,,,,cuplan is not importable (ModuleNotFoundError: No module named 'cuplan'). Install with: pip install 'cuda-planning @ git+https://github.com/openplan-labs/cuda-planning',2026-08-20T21:56:13+00:00,0.1.0,62459c293440,3.10.12,Linux 6.8.0-136-generic (x86_64),11th Gen Intel(R) Core(TM) i7-11850H @ 2.50GHz,16,wardn-thinkpad,"{""cuda-planning"": ""not-installed"", ""jupyddl"": ""2.3.0"", ""matplotlib"": ""3.10.9"", ""numpy"": ""2.2.6"", ""openplan-bench"": ""0.1.0"", ""pymapf"": ""0.8.0""}",2
mapf-scaling,mapf,cuplan,random_obstacles/16x16/n8/d0.15,random_obstacles/d0.15,pibt,,cuda,"{""backend"": ""cuda""}",3,0,20.0,3072,not-installed,False,False,0.0,,,,,,,,,,cuplan is not importable (ModuleNotFoundError: No module named 'cuplan'). Install with: pip install 'cuda-planning @ git+https://github.com/openplan-labs/cuda-planning',2026-08-20T21:56:13+00:00,0.1.0,62459c293440,3.10.12,Linux 6.8.0-136-generic (x86_64),11th Gen Intel(R) Core(TM) i7-11850H @ 2.50GHz,16,wardn-thinkpad,"{""cuda-planning"": ""not-installed"", ""jupyddl"": ""2.3.0"", ""matplotlib"": ""3.10.9"", ""numpy"": ""2.2.6"", ""openplan-bench"": ""0.1.0"", ""pymapf"": ""0.8.0""}",2
mapf-scaling,mapf,cuplan,random_obstacles/16x16/n8/d0.15,random_obstacles/d0.15,pibt,,cuda,"{""backend"": ""cuda""}",4,0,20.0,3072,not-installed,False,False,0.0,,,,,,,,,,cuplan is not importable (ModuleNotFoundError: No module named 'cuplan'). Install with: pip install 'cuda-planning @ git+https://github.com/openplan-labs/cuda-planning',2026-08-20T21:56:13+00:00,0.1.0,62459c293440,3.10.12,Linux 6.8.0-136-generic (x86_64),11th Gen Intel(R) Core(TM) i7-11850H @ 2.50GHz,16,wardn-thinkpad,"{""cuda-planning"": ""not-installed"", ""jupyddl"": ""2.3.0"", ""matplotlib"": ""3.10.9"", ""numpy"": ""2.2.6"", ""openplan-bench"": ""0.1.0"", ""pymapf"": ""0.8.0""}",2
mapf-scaling,mapf,cuplan,random_obstacles/16x16/n16/d0.15,random_obstacles/d0.15,prioritized,,cpu,"{""backend"": ""cpu""}",0,0,20.0,3072,not-installed,False,False,0.0,,,,,,,,,,cuplan is not importable (ModuleNotFoundError: No module named 'cuplan'). Install with: pip install 'cuda-planning @ git+https://github.com/openplan-labs/cuda-planning',2026-08-20T21:56:13+00:00,0.1.0,62459c293440,3.10.12,Linux 6.8.0-136-generic (x86_64),11th Gen Intel(R) Core(TM) i7-11850H @ 2.50GHz,16,wardn-thinkpad,"{""cuda-planning"": ""not-installed"", ""jupyddl"": ""2.3.0"", ""matplotlib"": ""3.10.9"", ""numpy"": ""2.2.6"", ""openplan-bench"": ""0.1.0"", ""pymapf"": ""0.8.0""}",2
mapf-scaling,mapf,cuplan,random_obstacles/16x16/n16/d0.15,random_obstacles/d0.15,prioritized,,cpu,"{""backend"": ""cpu""}",1,0,20.0,3072,not-installed,False,False,0.0,,,,,,,,,,cuplan is not importable (ModuleNotFoundError: No module named 'cuplan'). Install with: pip install 'cuda-planning @ git+https://github.com/openplan-labs/cuda-planning',2026-08-20T21:56:13+00:00,0.1.0,62459c293440,3.10.12,Linux 6.8.0-136-generic (x86_64),11th Gen Intel(R) Core(TM) i7-11850H @ 2.50GHz,16,wardn-thinkpad,"{""cuda-planning"": ""not-installed"", ""jupyddl"": ""2.3.0"", ""matplotlib"": ""3.10.9"", ""numpy"": ""2.2.6"", ""openplan-bench"": ""0.1.0"", ""pymapf"": ""0.8.0""}",2
mapf-scaling,mapf,cuplan,random_obstacles/16x16/n16/d0.15,random_obstacles/d0.15,prioritized,,cpu,"{""backend"": ""cpu""}",2,0,20.0,3072,not-installed,False,False,0.0,,,,,,,,,,cuplan is not importable (ModuleNotFoundError: No module named 'cuplan'). Install with: pip install 'cuda-planning @ git+https://github.com/openplan-labs/cuda-planning',2026-08-20T21:56:13+00:00,0.1.0,62459c293440,3.10.12,Linux 6.8.0-136-generic (x86_64),11th Gen Intel(R) Core(TM) i7-11850H @ 2.50GHz,16,wardn-thinkpad,"{""cuda-planning"": ""not-installed"", ""jupyddl"": ""2.3.0"", ""matplotlib"": ""3.10.9"", ""numpy"": ""2.2.6"", ""openplan-bench"": ""0.1.0"", ""pymapf"": ""0.8.0""}",2
mapf-scaling,mapf,cuplan,random_obstacles/16x16/n16/d0.15,random_obstacles/d0.15,prioritized,,cpu,"{""backend"": ""cpu""}",3,0,20.0,3072,not-installed,False,False,0.0,,,,,,,,,,cuplan is not importable (ModuleNotFoundError: No module named 'cuplan'). Install with: pip install 'cuda-planning @ git+https://github.com/openplan-labs/cuda-planning',2026-08-20T21:56:13+00:00,0.1.0,62459c293440,3.10.12,Linux 6.8.0-136-generic (x86_64),11th Gen Intel(R) Core(TM) i7-11850H @ 2.50GHz,16,wardn-thinkpad,"{""cuda-planning"": ""not-installed"", ""jupyddl"": ""2.3.0"", ""matplotlib"": ""3.10.9"", ""numpy"": ""2.2.6"", ""openplan-bench"": ""0.1.0"", ""pymapf"": ""0.8.0""}",2
mapf-scaling,mapf,cuplan,random_obstacles/16x16/n16/d0.15,random_obstacles/d0.15,prioritized,,cpu,"{""backend"": ""cpu""}",4,0,20.0,3072,not-installed,False,False,0.0,,,,,,,,,,cuplan is not importable (ModuleNotFoundError: No module named 'cuplan'). Install with: pip install 'cuda-planning @ git+https://github.com/openplan-labs/cuda-planning',2026-08-20T21:56:13+00:00,0.1.0,62459c293440,3.10.12,Linux 6.8.0-136-generic (x86_64),11th Gen Intel(R) Core(TM) i7-11850H @ 2.50GHz,16,wardn-thinkpad,"{""cuda-planning"": ""not-installed"", ""jupyddl"": ""2.3.0"", ""matplotlib"": ""3.10.9"", ""numpy"": ""2.2.6"", ""openplan-bench"": ""0.1.0"", ""pymapf"": ""0.8.0""}",2
mapf-scaling,mapf,cuplan,random_obstacles/16x16/n16/d0.15,random_obstacles/d0.15,pibt,,cpu,"{""backend"": ""cpu""}",0,0,20.0,3072,not-installed,False,False,0.0,,,,,,,,,,cuplan is not importable (ModuleNotFoundError: No module named 'cuplan'). Install with: pip install 'cuda-planning @ git+https://github.com/openplan-labs/cuda-planning',2026-08-20T21:56:13+00:00,0.1.0,62459c293440,3.10.12,Linux 6.8.0-136-generic (x86_64),11th Gen Intel(R) Core(TM) i7-11850H @ 2.50GHz,16,wardn-thinkpad,"{""cuda-planning"": ""not-installed"", ""jupyddl"": ""2.3.0"", ""matplotlib"": ""3.10.9"", ""numpy"": ""2.2.6"", ""openplan-bench"": ""0.1.0"", ""pymapf"": ""0.8.0""}",2
mapf-scaling,mapf,cuplan,random_obstacles/16x16/n16/d0.15,random_obstacles/d0.15,pibt,,cpu,"{""backend"": ""cpu""}",1,0,20.0,3072,not-installed,False,False,0.0,,,,,,,,,,cuplan is not importable (ModuleNotFoundError: No module named 'cuplan'). Install with: pip install 'cuda-planning @ git+https://github.com/openplan-labs/cuda-planning',2026-08-20T21:56:13+00:00,0.1.0,62459c293440,3.10.12,Linux 6.8.0-136-generic (x86_64),11th Gen Intel(R) Core(TM) i7-11850H @ 2.50GHz,16,wardn-thinkpad,"{""cuda-planning"": ""not-installed"", ""jupyddl"": ""2.3.0"", ""matplotlib"": ""3.10.9"", ""numpy"": ""2.2.6"", ""openplan-bench"": ""0.1.0"", ""pymapf"": ""0.8.0""}",2
mapf-scaling,mapf,cuplan,random_obstacles/16x16/n16/d0.15,random_obstacles/d0.15,pibt,,cpu,"{""backend"": ""cpu""}",2,0,20.0,3072,not-installed,False,False,0.0,,,,,,,,,,cuplan is not importable (ModuleNotFoundError: No module named 'cuplan'). Install with: pip install 'cuda-planning @ git+https://github.com/openplan-labs/cuda-planning',2026-08-20T21:56:13+00:00,0.1.0,62459c293440,3.10.12,Linux 6.8.0-136-generic (x86_64),11th Gen Intel(R) Core(TM) i7-11850H @ 2.50GHz,16,wardn-thinkpad,"{""cuda-planning"": ""not-installed"", ""jupyddl"": ""2.3.0"", ""matplotlib"": ""3.10.9"", ""numpy"": ""2.2.6"", ""openplan-bench"": ""0.1.0"", ""pymapf"": ""0.8.0""}",2
mapf-scaling,mapf,cuplan,random_obstacles/16x16/n16/d0.15,random_obstacles/d0.15,pibt,,cpu,"{""backend"": ""cpu""}",3,0,20.0,3072,not-installed,False,False,0.0,,,,,,,,,,cuplan is not importable (ModuleNotFoundError: No module named 'cuplan'). Install with: pip install 'cuda-planning @ git+https://github.com/openplan-labs/cuda-planning',2026-08-20T21:56:13+00:00,0.1.0,62459c293440,3.10.12,Linux 6.8.0-136-generic (x86_64),11th Gen Intel(R) Core(TM) i7-11850H @ 2.50GHz,16,wardn-thinkpad,"{""cuda-planning"": ""not-installed"", ""jupyddl"": ""2.3.0"", ""matplotlib"": ""3.10.9"", ""numpy"": ""2.2.6"", ""openplan-bench"": ""0.1.0"", ""pymapf"": ""0.8.0""}",2
mapf-scaling,mapf,cuplan,random_obstacles/16x16/n16/d0.15,random_obstacles/d0.15,pibt,,cpu,"{""backend"": ""cpu""}",4,0,20.0,3072,not-installed,False,False,0.0,,,,,,,,,,cuplan is not importable (ModuleNotFoundError: No module named 'cuplan'). Install with: pip install 'cuda-planning @ git+https://github.com/openplan-labs/cuda-planning',2026-08-20T21:56:13+00:00,0.1.0,62459c293440,3.10.12,Linux 6.8.0-136-generic (x86_64),11th Gen Intel(R) Core(TM) i7-11850H @ 2.50GHz,16,wardn-thinkpad,"{""cuda-planning"": ""not-installed"", ""jupyddl"": ""2.3.0"", ""matplotlib"": ""3.10.9"", ""numpy"": ""2.2.6"", ""openplan-bench"": ""0.1.0"", ""pymapf"": ""0.8.0""}",2
mapf-scaling,mapf,cuplan,random_obstacles/16x16/n16/d0.15,random_obstacles/d0.15,pibt,,cuda,"{""backend"": ""cuda""}",0,0,20.0,3072,not-installed,False,False,0.0,,,,,,,,,,cuplan is not importable (ModuleNotFoundError: No module named 'cuplan'). Install with: pip install 'cuda-planning @ git+https://github.com/openplan-labs/cuda-planning',2026-08-20T21:56:13+00:00,0.1.0,62459c293440,3.10.12,Linux 6.8.0-136-generic (x86_64),11th Gen Intel(R) Core(TM) i7-11850H @ 2.50GHz,16,wardn-thinkpad,"{""cuda-planning"": ""not-installed"", ""jupyddl"": ""2.3.0"", ""matplotlib"": ""3.10.9"", ""numpy"": ""2.2.6"", ""openplan-bench"": ""0.1.0"", ""pymapf"": ""0.8.0""}",2
mapf-scaling,mapf,cuplan,random_obstacles/16x16/n16/d0.15,random_obstacles/d0.15,pibt,,cuda,"{""backend"": ""cuda""}",1,0,20.0,3072,not-installed,False,False,0.0,,,,,,,,,,cuplan is not importable (ModuleNotFoundError: No module named 'cuplan'). Install with: pip install 'cuda-planning @ git+https://github.com/openplan-labs/cuda-planning',2026-08-20T21:56:13+00:00,0.1.0,62459c293440,3.10.12,Linux 6.8.0-136-generic (x86_64),11th Gen Intel(R) Core(TM) i7-11850H @ 2.50GHz,16,wardn-thinkpad,"{""cuda-planning"": ""not-installed"", ""jupyddl"": ""2.3.0"", ""matplotlib"": ""3.10.9"", ""numpy"": ""2.2.6"", ""openplan-bench"": ""0.1.0"", ""pymapf"": ""0.8.0""}",2
mapf-scaling,mapf,cuplan,random_obstacles/16x16/n16/d0.15,random_obstacles/d0.15,pibt,,cuda,"{""backend"": ""cuda""}",2,0,20.0,3072,not-installed,False,False,0.0,,,,,,,,,,cuplan is not importable (ModuleNotFoundError: No module named 'cuplan'). Install with: pip install 'cuda-planning @ git+https://github.com/openplan-labs/cuda-planning',2026-08-20T21:56:13+00:00,0.1.0,62459c293440,3.10.12,Linux 6.8.0-136-generic (x86_64),11th Gen Intel(R) Core(TM) i7-11850H @ 2.50GHz,16,wardn-thinkpad,"{""cuda-planning"": ""not-installed"", ""jupyddl"": ""2.3.0"", ""matplotlib"": ""3.10.9"", ""numpy"": ""2.2.6"", ""openplan-bench"": ""0.1.0"", ""pymapf"": ""0.8.0""}",2
mapf-scaling,mapf,cuplan,random_obstacles/16x16/n16/d0.15,random_obstacles/d0.15,pibt,,cuda,"{""backend"": ""cuda""}",3,0,20.0,3072,not-installed,False,False,0.0,,,,,,,,,,cuplan is not importable (ModuleNotFoundError: No module named 'cuplan'). Install with: pip install 'cuda-planning @ git+https://github.com/openplan-labs/cuda-planning',2026-08-20T21:56:13+00:00,0.1.0,62459c293440,3.10.12,Linux 6.8.0-136-generic (x86_64),11th Gen Intel(R) Core(TM) i7-11850H @ 2.50GHz,16,wardn-thinkpad,"{""cuda-planning"": ""not-installed"", ""jupyddl"": ""2.3.0"", ""matplotlib"": ""3.10.9"", ""numpy"": ""2.2.6"", ""openplan-bench"": ""0.1.0"", ""pymapf"": ""0.8.0""}",2
mapf-scaling,mapf,cuplan,random_obstacles/16x16/n16/d0.15,random_obstacles/d0.15,pibt,,cuda,"{""backend"": ""cuda""}",4,0,20.0,3072,not-installed,False,False,0.0,,,,,,,,,,cuplan is not importable (ModuleNotFoundError: No module named 'cuplan'). Install with: pip install 'cuda-planning @ git+https://github.com/openplan-labs/cuda-planning',2026-08-20T21:56:13+00:00,0.1.0,62459c293440,3.10.12,Linux 6.8.0-136-generic (x86_64),11th Gen Intel(R) Core(TM) i7-11850H @ 2.50GHz,16,wardn-thinkpad,"{""cuda-planning"": ""not-installed"", ""jupyddl"": ""2.3.0"", ""matplotlib"": ""3.10.9"", ""numpy"": ""2.2.6"", ""openplan-bench"": ""0.1.0"", ""pymapf"": ""0.8.0""}",2
mapf-scaling,mapf,cuplan,random_obstacles/16x16/n24/d0.15,random_obstacles/d0.15,prioritized,,cpu,"{""backend"": ""cpu""}",0,0,20.0,3072,not-installed,False,False,0.0,,,,,,,,,,cuplan is not importable (ModuleNotFoundError: No module named 'cuplan'). Install with: pip install 'cuda-planning @ git+https://github.com/openplan-labs/cuda-planning',2026-08-20T21:56:13+00:00,0.1.0,62459c293440,3.10.12,Linux 6.8.0-136-generic (x86_64),11th Gen Intel(R) Core(TM) i7-11850H @ 2.50GHz,16,wardn-thinkpad,"{""cuda-planning"": ""not-installed"", ""jupyddl"": ""2.3.0"", ""matplotlib"": ""3.10.9"", ""numpy"": ""2.2.6"", ""openplan-bench"": ""0.1.0"", ""pymapf"": ""0.8.0""}",2
mapf-scaling,mapf,cuplan,random_obstacles/16x16/n24/d0.15,random_obstacles/d0.15,prioritized,,cpu,"{""backend"": ""cpu""}",1,0,20.0,3072,not-installed,False,False,0.0,,,,,,,,,,cuplan is not importable (ModuleNotFoundError: No module named 'cuplan'). Install with: pip install 'cuda-planning @ git+https://github.com/openplan-labs/cuda-planning',2026-08-20T21:56:13+00:00,0.1.0,62459c293440,3.10.12,Linux 6.8.0-136-generic (x86_64),11th Gen Intel(R) Core(TM) i7-11850H @ 2.50GHz,16,wardn-thinkpad,"{""cuda-planning"": ""not-installed"", ""jupyddl"": ""2.3.0"", ""matplotlib"": ""3.10.9"", ""numpy"": ""2.2.6"", ""openplan-bench"": ""0.1.0"", ""pymapf"": ""0.8.0""}",2
mapf-scaling,mapf,cuplan,random_obstacles/16x16/n24/d0.15,random_obstacles/d0.15,prioritized,,cpu,"{""backend"": ""cpu""}",2,0,20.0,3072,not-installed,False,False,0.0,,,,,,,,,,cuplan is not importable (ModuleNotFoundError: No module named 'cuplan'). Install with: pip install 'cuda-planning @ git+https://github.com/openplan-labs/cuda-planning',2026-08-20T21:56:13+00:00,0.1.0,62459c293440,3.10.12,Linux 6.8.0-136-generic (x86_64),11th Gen Intel(R) Core(TM) i7-11850H @ 2.50GHz,16,wardn-thinkpad,"{""cuda-planning"": ""not-installed"", ""jupyddl"": ""2.3.0"", ""matplotlib"": ""3.10.9"", ""numpy"": ""2.2.6"", ""openplan-bench"": ""0.1.0"", ""pymapf"": ""0.8.0""}",2
mapf-scaling,mapf,cuplan,random_obstacles/16x16/n24/d0.15,random_obstacles/d0.15,prioritized,,cpu,"{""backend"": ""cpu""}",3,0,20.0,3072,not-installed,False,False,0.0,,,,,,,,,,cuplan is not importable (ModuleNotFoundError: No module named 'cuplan'). Install with: pip install 'cuda-planning @ git+https://github.com/openplan-labs/cuda-planning',2026-08-20T21:56:13+00:00,0.1.0,62459c293440,3.10.12,Linux 6.8.0-136-generic (x86_64),11th Gen Intel(R) Core(TM) i7-11850H @ 2.50GHz,16,wardn-thinkpad,"{""cuda-planning"": ""not-installed"", ""jupyddl"": ""2.3.0"", ""matplotlib"": ""3.10.9"", ""numpy"": ""2.2.6"", ""openplan-bench"": ""0.1.0"", ""pymapf"": ""0.8.0""}",2
mapf-scaling,mapf,cuplan,random_obstacles/16x16/n24/d0.15,random_obstacles/d0.15,prioritized,,cpu,"{""backend"": ""cpu""}",4,0,20.0,3072,not-installed,False,False,0.0,,,,,,,,,,cuplan is not importable (ModuleNotFoundError: No module named 'cuplan'). Install with: pip install 'cuda-planning @ git+https://github.com/openplan-labs/cuda-planning',2026-08-20T21:56:13+00:00,0.1.0,62459c293440,3.10.12,Linux 6.8.0-136-generic (x86_64),11th Gen Intel(R) Core(TM) i7-11850H @ 2.50GHz,16,wardn-thinkpad,"{""cuda-planning"": ""not-installed"", ""jupyddl"": ""2.3.0"", ""matplotlib"": ""3.10.9"", ""numpy"": ""2.2.6"", ""openplan-bench"": ""0.1.0"", ""pymapf"": ""0.8.0""}",2
mapf-scaling,mapf,cuplan,random_obstacles/16x16/n24/d0.15,random_obstacles/d0.15,pibt,,cpu,"{""backend"": ""cpu""}",0,0,20.0,3072,not-installed,False,False,0.0,,,,,,,,,,cuplan is not importable (ModuleNotFoundError: No module named 'cuplan'). Install with: pip install 'cuda-planning @ git+https://github.com/openplan-labs/cuda-planning',2026-08-20T21:56:13+00:00,0.1.0,62459c293440,3.10.12,Linux 6.8.0-136-generic (x86_64),11th Gen Intel(R) Core(TM) i7-11850H @ 2.50GHz,16,wardn-thinkpad,"{""cuda-planning"": ""not-installed"", ""jupyddl"": ""2.3.0"", ""matplotlib"": ""3.10.9"", ""numpy"": ""2.2.6"", ""openplan-bench"": ""0.1.0"", ""pymapf"": ""0.8.0""}",2
mapf-scaling,mapf,cuplan,random_obstacles/16x16/n24/d0.15,random_obstacles/d0.15,pibt,,cpu,"{""backend"": ""cpu""}",1,0,20.0,3072,not-installed,False,False,0.0,,,,,,,,,,cuplan is not importable (ModuleNotFoundError: No module named 'cuplan'). Install with: pip install 'cuda-planning @ git+https://github.com/openplan-labs/cuda-planning',2026-08-20T21:56:13+00:00,0.1.0,62459c293440,3.10.12,Linux 6.8.0-136-generic (x86_64),11th Gen Intel(R) Core(TM) i7-11850H @ 2.50GHz,16,wardn-thinkpad,"{""cuda-planning"": ""not-installed"", ""jupyddl"": ""2.3.0"", ""matplotlib"": ""3.10.9"", ""numpy"": ""2.2.6"", ""openplan-bench"": ""0.1.0"", ""pymapf"": ""0.8.0""}",2
mapf-scaling,mapf,cuplan,random_obstacles/16x16/n24/d0.15,random_obstacles/d0.15,pibt,,cpu,"{""backend"": ""cpu""}",2,0,20.0,3072,not-installed,False,False,0.0,,,,,,,,,,cuplan is not importable (ModuleNotFoundError: No module named 'cuplan'). Install with: pip install 'cuda-planning @ git+https://github.com/openplan-labs/cuda-planning',2026-08-20T21:56:13+00:00,0.1.0,62459c293440,3.10.12,Linux 6.8.0-136-generic (x86_64),11th Gen Intel(R) Core(TM) i7-11850H @ 2.50GHz,16,wardn-thinkpad,"{""cuda-planning"": ""not-installed"", ""jupyddl"": ""2.3.0"", ""matplotlib"": ""3.10.9"", ""numpy"": ""2.2.6"", ""openplan-bench"": ""0.1.0"", ""pymapf"": ""0.8.0""}",2
mapf-scaling,mapf,cuplan,random_obstacles/16x16/n24/d0.15,random_obstacles/d0.15,pibt,,cpu,"{""backend"": ""cpu""}",3,0,20.0,3072,not-installed,False,False,0.0,,,,,,,,,,cuplan is not importable (ModuleNotFoundError: No module named 'cuplan'). Install with: pip install 'cuda-planning @ git+https://github.com/openplan-labs/cuda-planning',2026-08-20T21:56:13+00:00,0.1.0,62459c293440,3.10.12,Linux 6.8.0-136-generic (x86_64),11th Gen Intel(R) Core(TM) i7-11850H @ 2.50GHz,16,wardn-thinkpad,"{""cuda-planning"": ""not-installed"", ""jupyddl"": ""2.3.0"", ""matplotlib"": ""3.10.9"", ""numpy"": ""2.2.6"", ""openplan-bench"": ""0.1.0"", ""pymapf"": ""0.8.0""}",2
mapf-scaling,mapf,cuplan,random_obstacles/16x16/n24/d0.15,random_obstacles/d0.15,pibt,,cpu,"{""backend"": ""cpu""}",4,0,20.0,3072,not-installed,False,False,0.0,,,,,,,,,,cuplan is not importable (ModuleNotFoundError: No module named 'cuplan'). Install with: pip install 'cuda-planning @ git+https://github.com/openplan-labs/cuda-planning',2026-08-20T21:56:13+00:00,0.1.0,62459c293440,3.10.12,Linux 6.8.0-136-generic (x86_64),11th Gen Intel(R) Core(TM) i7-11850H @ 2.50GHz,16,wardn-thinkpad,"{""cuda-planning"": ""not-installed"", ""jupyddl"": ""2.3.0"", ""matplotlib"": ""3.10.9"", ""numpy"": ""2.2.6"", ""openplan-bench"": ""0.1.0"", ""pymapf"": ""0.8.0""}",2
mapf-scaling,mapf,cuplan,random_obstacles/16x16/n24/d0.15,random_obstacles/d0.15,pibt,,cuda,"{""backend"": ""cuda""}",0,0,20.0,3072,not-installed,False,False,0.0,,,,,,,,,,cuplan is not importable (ModuleNotFoundError: No module named 'cuplan'). Install with: pip install 'cuda-planning @ git+https://github.com/openplan-labs/cuda-planning',2026-08-20T21:56:13+00:00,0.1.0,62459c293440,3.10.12,Linux 6.8.0-136-generic (x86_64),11th Gen Intel(R) Core(TM) i7-11850H @ 2.50GHz,16,wardn-thinkpad,"{""cuda-planning"": ""not-installed"", ""jupyddl"": ""2.3.0"", ""matplotlib"": ""3.10.9"", ""numpy"": ""2.2.6"", ""openplan-bench"": ""0.1.0"", ""pymapf"": ""0.8.0""}",2
mapf-scaling,mapf,cuplan,random_obstacles/16x16/n24/d0.15,random_obstacles/d0.15,pibt,,cuda,"{""backend"": ""cuda""}",1,0,20.0,3072,not-installed,False,False,0.0,,,,,,,,,,cuplan is not importable (ModuleNotFoundError: No module named 'cuplan'). Install with: pip install 'cuda-planning @ git+https://github.com/openplan-labs/cuda-planning',2026-08-20T21:56:13+00:00,0.1.0,62459c293440,3.10.12,Linux 6.8.0-136-generic (x86_64),11th Gen Intel(R) Core(TM) i7-11850H @ 2.50GHz,16,wardn-thinkpad,"{""cuda-planning"": ""not-installed"", ""jupyddl"": ""2.3.0"", ""matplotlib"": ""3.10.9"", ""numpy"": ""2.2.6"", ""openplan-bench"": ""0.1.0"", ""pymapf"": ""0.8.0""}",2
mapf-scaling,mapf,cuplan,random_obstacles/16x16/n24/d0.15,random_obstacles/d0.15,pibt,,cuda,"{""backend"": ""cuda""}",2,0,20.0,3072,not-installed,False,False,0.0,,,,,,,,,,cuplan is not importable (ModuleNotFoundError: No module named 'cuplan'). Install with: pip install 'cuda-planning @ git+https://github.com/openplan-labs/cuda-planning',2026-08-20T21:56:13+00:00,0.1.0,62459c293440,3.10.12,Linux 6.8.0-136-generic (x86_64),11th Gen Intel(R) Core(TM) i7-11850H @ 2.50GHz,16,wardn-thinkpad,"{""cuda-planning"": ""not-installed"", ""jupyddl"": ""2.3.0"", ""matplotlib"": ""3.10.9"", ""numpy"": ""2.2.6"", ""openplan-bench"": ""0.1.0"", ""pymapf"": ""0.8.0""}",2
mapf-scaling,mapf,cuplan,random_obstacles/16x16/n24/d0.15,random_obstacles/d0.15,pibt,,cuda,"{""backend"": ""cuda""}",3,0,20.0,3072,not-installed,False,False,0.0,,,,,,,,,,cuplan is not importable (ModuleNotFoundError: No module named 'cuplan'). Install with: pip install 'cuda-planning @ git+https://github.com/openplan-labs/cuda-planning',2026-08-20T21:56:13+00:00,0.1.0,62459c293440,3.10.12,Linux 6.8.0-136-generic (x86_64),11th Gen Intel(R) Core(TM) i7-11850H @ 2.50GHz,16,wardn-thinkpad,"{""cuda-planning"": ""not-installed"", ""jupyddl"": ""2.3.0"", ""matplotlib"": ""3.10.9"", ""numpy"": ""2.2.6"", ""openplan-bench"": ""0.1.0"", ""pymapf"": ""0.8.0""}",2
mapf-scaling,mapf,cuplan,random_obstacles/16x16/n24/d0.15,random_obstacles/d0.15,pibt,,cuda,"{""backend"": ""cuda""}",4,0,20.0,3072,not-installed,False,False,0.0,,,,,,,,,,cuplan is not importable (ModuleNotFoundError: No module named 'cuplan'). Install with: pip install 'cuda-planning @ git+https://github.com/openplan-labs/cuda-planning',2026-08-20T21:56:13+00:00,0.1.0,62459c293440,3.10.12,Linux 6.8.0-136-generic (x86_64),11th Gen Intel(R) Core(TM) i7-11850H @ 2.50GHz,16,wardn-thinkpad,"{""cuda-planning"": ""not-installed"", ""jupyddl"": ""2.3.0"", ""matplotlib"": ""3.10.9"", ""numpy"": ""2.2.6"", ""openplan-bench"": ""0.1.0"", ""pymapf"": ""0.8.0""}",2
mapf-scaling,mapf,cuplan,random_obstacles/16x16/n32/d0.15,random_obstacles/d0.15,prioritized,,cpu,"{""backend"": ""cpu""}",0,0,20.0,3072,not-installed,False,False,0.0,,,,,,,,,,cuplan is not importable (ModuleNotFoundError: No module named 'cuplan'). Install with: pip install 'cuda-planning @ git+https://github.com/openplan-labs/cuda-planning',2026-08-20T21:56:13+00:00,0.1.0,62459c293440,3.10.12,Linux 6.8.0-136-generic (x86_64),11th Gen Intel(R) Core(TM) i7-11850H @ 2.50GHz,16,wardn-thinkpad,"{""cuda-planning"": ""not-installed"", ""jupyddl"": ""2.3.0"", ""matplotlib"": ""3.10.9"", ""numpy"": ""2.2.6"", ""openplan-bench"": ""0.1.0"", ""pymapf"": ""0.8.0""}",2
mapf-scaling,mapf,cuplan,random_obstacles/16x16/n32/d0.15,random_obstacles/d0.15,prioritized,,cpu,"{""backend"": ""cpu""}",1,0,20.0,3072,not-installed,False,False,0.0,,,,,,,,,,cuplan is not importable (ModuleNotFoundError: No module named 'cuplan'). Install with: pip install 'cuda-planning @ git+https://github.com/openplan-labs/cuda-planning',2026-08-20T21:56:13+00:00,0.1.0,62459c293440,3.10.12,Linux 6.8.0-136-generic (x86_64),11th Gen Intel(R) Core(TM) i7-11850H @ 2.50GHz,16,wardn-thinkpad,"{""cuda-planning"": ""not-installed"", ""jupyddl"": ""2.3.0"", ""matplotlib"": ""3.10.9"", ""numpy"": ""2.2.6"", ""openplan-bench"": ""0.1.0"", ""pymapf"": ""0.8.0""}",2
mapf-scaling,mapf,cuplan,random_obstacles/16x16/n32/d0.15,random_obstacles/d0.15,prioritized,,cpu,"{""backend"": ""cpu""}",2,0,20.0,3072,not-installed,False,False,0.0,,,,,,,,,,cuplan is not importable (ModuleNotFoundError: No module named 'cuplan'). Install with: pip install 'cuda-planning @ git+https://github.com/openplan-labs/cuda-planning',2026-08-20T21:56:13+00:00,0.1.0,62459c293440,3.10.12,Linux 6.8.0-136-generic (x86_64),11th Gen Intel(R) Core(TM) i7-11850H @ 2.50GHz,16,wardn-thinkpad,"{""cuda-planning"": ""not-installed"", ""jupyddl"": ""2.3.0"", ""matplotlib"": ""3.10.9"", ""numpy"": ""2.2.6"", ""openplan-bench"": ""0.1.0"", ""pymapf"": ""0.8.0""}",2
mapf-scaling,mapf,cuplan,random_obstacles/16x16/n32/d0.15,random_obstacles/d0.15,prioritized,,cpu,"{""backend"": ""cpu""}",3,0,20.0,3072,not-installed,False,False,0.0,,,,,,,,,,cuplan is not importable (ModuleNotFoundError: No module named 'cuplan'). Install with: pip install 'cuda-planning @ git+https://github.com/openplan-labs/cuda-planning',2026-08-20T21:56:13+00:00,0.1.0,62459c293440,3.10.12,Linux 6.8.0-136-generic (x86_64),11th Gen Intel(R) Core(TM) i7-11850H @ 2.50GHz,16,wardn-thinkpad,"{""cuda-planning"": ""not-installed"", ""jupyddl"": ""2.3.0"", ""matplotlib"": ""3.10.9"", ""numpy"": ""2.2.6"", ""openplan-bench"": ""0.1.0"", ""pymapf"": ""0.8.0""}",2
mapf-scaling,mapf,cuplan,random_obstacles/16x16/n32/d0.15,random_obstacles/d0.15,prioritized,,cpu,"{""backend"": ""cpu""}",4,0,20.0,3072,not-installed,False,False,0.0,,,,,,,,,,cuplan is not importable (ModuleNotFoundError: No module named 'cuplan'). Install with: pip install 'cuda-planning @ git+https://github.com/openplan-labs/cuda-planning',2026-08-20T21:56:13+00:00,0.1.0,62459c293440,3.10.12,Linux 6.8.0-136-generic (x86_64),11th Gen Intel(R) Core(TM) i7-11850H @ 2.50GHz,16,wardn-thinkpad,"{""cuda-planning"": ""not-installed"", ""jupyddl"": ""2.3.0"", ""matplotlib"": ""3.10.9"", ""numpy"": ""2.2.6"", ""openplan-bench"": ""0.1.0"", ""pymapf"": ""0.8.0""}",2
mapf-scaling,mapf,cuplan,random_obstacles/16x16/n32/d0.15,random_obstacles/d0.15,pibt,,cpu,"{""backend"": ""cpu""}",0,0,20.0,3072,not-installed,False,False,0.0,,,,,,,,,,cuplan is not importable (ModuleNotFoundError: No module named 'cuplan'). Install with: pip install 'cuda-planning @ git+https://github.com/openplan-labs/cuda-planning',2026-08-20T21:56:13+00:00,0.1.0,62459c293440,3.10.12,Linux 6.8.0-136-generic (x86_64),11th Gen Intel(R) Core(TM) i7-11850H @ 2.50GHz,16,wardn-thinkpad,"{""cuda-planning"": ""not-installed"", ""jupyddl"": ""2.3.0"", ""matplotlib"": ""3.10.9"", ""numpy"": ""2.2.6"", ""openplan-bench"": ""0.1.0"", ""pymapf"": ""0.8.0""}",2
mapf-scaling,mapf,cuplan,random_obstacles/16x16/n32/d0.15,random_obstacles/d0.15,pibt,,cpu,"{""backend"": ""cpu""}",1,0,20.0,3072,not-installed,False,False,0.0,,,,,,,,,,cuplan is not importable (ModuleNotFoundError: No module named 'cuplan'). Install with: pip install 'cuda-planning @ git+https://github.com/openplan-labs/cuda-planning',2026-08-20T21:56:13+00:00,0.1.0,62459c293440,3.10.12,Linux 6.8.0-136-generic (x86_64),11th Gen Intel(R) Core(TM) i7-11850H @ 2.50GHz,16,wardn-thinkpad,"{""cuda-planning"": ""not-installed"", ""jupyddl"": ""2.3.0"", ""matplotlib"": ""3.10.9"", ""numpy"": ""2.2.6"", ""openplan-bench"": ""0.1.0"", ""pymapf"": ""0.8.0""}",2
mapf-scaling,mapf,cuplan,random_obstacles/16x16/n32/d0.15,random_obstacles/d0.15,pibt,,cpu,"{""backend"": ""cpu""}",2,0,20.0,3072,not-installed,False,False,0.0,,,,,,,,,,cuplan is not importable (ModuleNotFoundError: No module named 'cuplan'). Install with: pip install 'cuda-planning @ git+https://github.com/openplan-labs/cuda-planning',2026-08-20T21:56:13+00:00,0.1.0,62459c293440,3.10.12,Linux 6.8.0-136-generic (x86_64),11th Gen Intel(R) Core(TM) i7-11850H @ 2.50GHz,16,wardn-thinkpad,"{""cuda-planning"": ""not-installed"", ""jupyddl"": ""2.3.0"", ""matplotlib"": ""3.10.9"", ""numpy"": ""2.2.6"", ""openplan-bench"": ""0.1.0"", ""pymapf"": ""0.8.0""}",2
mapf-scaling,mapf,cuplan,random_obstacles/16x16/n32/d0.15,random_obstacles/d0.15,pibt,,cpu,"{""backend"": ""cpu""}",3,0,20.0,3072,not-installed,False,False,0.0,,,,,,,,,,cuplan is not importable (ModuleNotFoundError: No module named 'cuplan'). Install with: pip install 'cuda-planning @ git+https://github.com/openplan-labs/cuda-planning',2026-08-20T21:56:13+00:00,0.1.0,62459c293440,3.10.12,Linux 6.8.0-136-generic (x86_64),11th Gen Intel(R) Core(TM) i7-11850H @ 2.50GHz,16,wardn-thinkpad,"{""cuda-planning"": ""not-installed"", ""jupyddl"": ""2.3.0"", ""matplotlib"": ""3.10.9"", ""numpy"": ""2.2.6"", ""openplan-bench"": ""0.1.0"", ""pymapf"": ""0.8.0""}",2
mapf-scaling,mapf,cuplan,random_obstacles/16x16/n32/d0.15,random_obstacles/d0.15,pibt,,cpu,"{""backend"": ""cpu""}",4,0,20.0,3072,not-installed,False,False,0.0,,,,,,,,,,cuplan is not importable (ModuleNotFoundError: No module named 'cuplan'). Install with: pip install 'cuda-planning @ git+https://github.com/openplan-labs/cuda-planning',2026-08-20T21:56:13+00:00,0.1.0,62459c293440,3.10.12,Linux 6.8.0-136-generic (x86_64),11th Gen Intel(R) Core(TM) i7-11850H @ 2.50GHz,16,wardn-thinkpad,"{""cuda-planning"": ""not-installed"", ""jupyddl"": ""2.3.0"", ""matplotlib"": ""3.10.9"", ""numpy"": ""2.2.6"", ""openplan-bench"": ""0.1.0"", ""pymapf"": ""0.8.0""}",2
mapf-scaling,mapf,cuplan,random_obstacles/16x16/n32/d0.15,random_obstacles/d0.15,pibt,,cuda,"{""backend"": ""cuda""}",0,0,20.0,3072,not-installed,False,False,0.0,,,,,,,,,,cuplan is not importable (ModuleNotFoundError: No module named 'cuplan'). Install with: pip install 'cuda-planning @ git+https://github.com/openplan-labs/cuda-planning',2026-08-20T21:56:13+00:00,0.1.0,62459c293440,3.10.12,Linux 6.8.0-136-generic (x86_64),11th Gen Intel(R) Core(TM) i7-11850H @ 2.50GHz,16,wardn-thinkpad,"{""cuda-planning"": ""not-installed"", ""jupyddl"": ""2.3.0"", ""matplotlib"": ""3.10.9"", ""numpy"": ""2.2.6"", ""openplan-bench"": ""0.1.0"", ""pymapf"": ""0.8.0""}",2
mapf-scaling,mapf,cuplan,random_obstacles/16x16/n32/d0.15,random_obstacles/d0.15,pibt,,cuda,"{""backend"": ""cuda""}",1,0,20.0,3072,not-installed,False,False,0.0,,,,,,,,,,cuplan is not importable (ModuleNotFoundError: No module named 'cuplan'). Install with: pip install 'cuda-planning @ git+https://github.com/openplan-labs/cuda-planning',2026-08-20T21:56:13+00:00,0.1.0,62459c293440,3.10.12,Linux 6.8.0-136-generic (x86_64),11th Gen Intel(R) Core(TM) i7-11850H @ 2.50GHz,16,wardn-thinkpad,"{""cuda-planning"": ""not-installed"", ""jupyddl"": ""2.3.0"", ""matplotlib"": ""3.10.9"", ""numpy"": ""2.2.6"", ""openplan-bench"": ""0.1.0"", ""pymapf"": ""0.8.0""}",2
mapf-scaling,mapf,cuplan,random_obstacles/16x16/n32/d0.15,random_obstacles/d0.15,pibt,,cuda,"{""backend"": ""cuda""}",2,0,20.0,3072,not-installed,False,False,0.0,,,,,,,,,,cuplan is not importable (ModuleNotFoundError: No module named 'cuplan'). Install with: pip install 'cuda-planning @ git+https://github.com/openplan-labs/cuda-planning',2026-08-20T21:56:13+00:00,0.1.0,62459c293440,3.10.12,Linux 6.8.0-136-generic (x86_64),11th Gen Intel(R) Core(TM) i7-11850H @ 2.50GHz,16,wardn-thinkpad,"{""cuda-planning"": ""not-installed"", ""jupyddl"": ""2.3.0"", ""matplotlib"": ""3.10.9"", ""numpy"": ""2.2.6"", ""openplan-bench"": ""0.1.0"", ""pymapf"": ""0.8.0""}",2
mapf-scaling,mapf,cuplan,random_obstacles/16x16/n32/d0.15,random_obstacles/d0.15,pibt,,cuda,"{""backend"": ""cuda""}",3,0,20.0,3072,not-installed,False,False,0.0,,,,,,,,,,cuplan is not importable (ModuleNotFoundError: No module named 'cuplan'). Install with: pip install 'cuda-planning @ git+https://github.com/openplan-labs/cuda-planning',2026-08-20T21:56:13+00:00,0.1.0,62459c293440,3.10.12,Linux 6.8.0-136-generic (x86_64),11th Gen Intel(R) Core(TM) i7-11850H @ 2.50GHz,16,wardn-thinkpad,"{""cuda-planning"": ""not-installed"", ""jupyddl"": ""2.3.0"", ""matplotlib"": ""3.10.9"", ""numpy"": ""2.2.6"", ""openplan-bench"": ""0.1.0"", ""pymapf"": ""0.8.0""}",2
mapf-scaling,mapf,cuplan,random_obstacles/16x16/n32/d0.15,random_obstacles/d0.15,pibt,,cuda,"{""backend"": ""cuda""}",4,0,20.0,3072,not-installed,False,False,0.0,,,,,,,,,,cuplan is not importable (ModuleNotFoundError: No module named 'cuplan'). Install with: pip install 'cuda-planning @ git+https://github.com/openplan-labs/cuda-planning',2026-08-20T21:56:13+00:00,0.1.0,62459c293440,3.10.12,Linux 6.8.0-136-generic (x86_64),11th Gen Intel(R) Core(TM) i7-11850H @ 2.50GHz,16,wardn-thinkpad,"{""cuda-planning"": ""not-installed"", ""jupyddl"": ""2.3.0"", ""matplotlib"": ""3.10.9"", ""numpy"": ""2.2.6"", ""openplan-bench"": ""0.1.0"", ""pymapf"": ""0.8.0""}",2
mapf-scaling,mapf,cuplan,random_obstacles/24x24/n4/d0.15,random_obstacles/d0.15,prioritized,,cpu,"{""backend"": ""cpu""}",0,0,20.0,3072,not-installed,False,False,0.0,,,,,,,,,,cuplan is not importable (ModuleNotFoundError: No module named 'cuplan'). Install with: pip install 'cuda-planning @ git+https://github.com/openplan-labs/cuda-planning',2026-08-20T21:56:13+00:00,0.1.0,62459c293440,3.10.12,Linux 6.8.0-136-generic (x86_64),11th Gen Intel(R) Core(TM) i7-11850H @ 2.50GHz,16,wardn-thinkpad,"{""cuda-planning"": ""not-installed"", ""jupyddl"": ""2.3.0"", ""matplotlib"": ""3.10.9"", ""numpy"": ""2.2.6"", ""openplan-bench"": ""0.1.0"", ""pymapf"": ""0.8.0""}",2
mapf-scaling,mapf,cuplan,random_obstacles/24x24/n4/d0.15,random_obstacles/d0.15,prioritized,,cpu,"{""backend"": ""cpu""}",1,0,20.0,3072,not-installed,False,False,0.0,,,,,,,,,,cuplan is not importable (ModuleNotFoundError: No module named 'cuplan'). Install with: pip install 'cuda-planning @ git+https://github.com/openplan-labs/cuda-planning',2026-08-20T21:56:13+00:00,0.1.0,62459c293440,3.10.12,Linux 6.8.0-136-generic (x86_64),11th Gen Intel(R) Core(TM) i7-11850H @ 2.50GHz,16,wardn-thinkpad,"{""cuda-planning"": ""not-installed"", ""jupyddl"": ""2.3.0"", ""matplotlib"": ""3.10.9"", ""numpy"": ""2.2.6"", ""openplan-bench"": ""0.1.0"", ""pymapf"": ""0.8.0""}",2
mapf-scaling,mapf,cuplan,random_obstacles/24x24/n4/d0.15,random_obstacles/d0.15,prioritized,,cpu,"{""backend"": ""cpu""}",2,0,20.0,3072,not-installed,False,False,0.0,,,,,,,,,,cuplan is not importable (ModuleNotFoundError: No module named 'cuplan'). Install with: pip install 'cuda-planning @ git+https://github.com/openplan-labs/cuda-planning',2026-08-20T21:56:13+00:00,0.1.0,62459c293440,3.10.12,Linux 6.8.0-136-generic (x86_64),11th Gen Intel(R) Core(TM) i7-11850H @ 2.50GHz,16,wardn-thinkpad,"{""cuda-planning"": ""not-installed"", ""jupyddl"": ""2.3.0"", ""matplotlib"": ""3.10.9"", ""numpy"": ""2.2.6"", ""openplan-bench"": ""0.1.0"", ""pymapf"": ""0.8.0""}",2
mapf-scaling,mapf,cuplan,random_obstacles/24x24/n4/d0.15,random_obstacles/d0.15,prioritized,,cpu,"{""backend"": ""cpu""}",3,0,20.0,3072,not-installed,False,False,0.0,,,,,,,,,,cuplan is not importable (ModuleNotFoundError: No module named 'cuplan'). Install with: pip install 'cuda-planning @ git+https://github.com/openplan-labs/cuda-planning',2026-08-20T21:56:13+00:00,0.1.0,62459c293440,3.10.12,Linux 6.8.0-136-generic (x86_64),11th Gen Intel(R) Core(TM) i7-11850H @ 2.50GHz,16,wardn-thinkpad,"{""cuda-planning"": ""not-installed"", ""jupyddl"": ""2.3.0"", ""matplotlib"": ""3.10.9"", ""numpy"": ""2.2.6"", ""openplan-bench"": ""0.1.0"", ""pymapf"": ""0.8.0""}",2
mapf-scaling,mapf,cuplan,random_obstacles/24x24/n4/d0.15,random_obstacles/d0.15,prioritized,,cpu,"{""backend"": ""cpu""}",4,0,20.0,3072,not-installed,False,False,0.0,,,,,,,,,,cuplan is not importable (ModuleNotFoundError: No module named 'cuplan'). Install with: pip install 'cuda-planning @ git+https://github.com/openplan-labs/cuda-planning',2026-08-20T21:56:13+00:00,0.1.0,62459c293440,3.10.12,Linux 6.8.0-136-generic (x86_64),11th Gen Intel(R) Core(TM) i7-11850H @ 2.50GHz,16,wardn-thinkpad,"{""cuda-planning"": ""not-installed"", ""jupyddl"": ""2.3.0"", ""matplotlib"": ""3.10.9"", ""numpy"": ""2.2.6"", ""openplan-bench"": ""0.1.0"", ""pymapf"": ""0.8.0""}",2
mapf-scaling,mapf,cuplan,random_obstacles/24x24/n4/d0.15,random_obstacles/d0.15,pibt,,cpu,"{""backend"": ""cpu""}",0,0,20.0,3072,not-installed,False,False,0.0,,,,,,,,,,cuplan is not importable (ModuleNotFoundError: No module named 'cuplan'). Install with: pip install 'cuda-planning @ git+https://github.com/openplan-labs/cuda-planning',2026-08-20T21:56:13+00:00,0.1.0,62459c293440,3.10.12,Linux 6.8.0-136-generic (x86_64),11th Gen Intel(R) Core(TM) i7-11850H @ 2.50GHz,16,wardn-thinkpad,"{""cuda-planning"": ""not-installed"", ""jupyddl"": ""2.3.0"", ""matplotlib"": ""3.10.9"", ""numpy"": ""2.2.6"", ""openplan-bench"": ""0.1.0"", ""pymapf"": ""0.8.0""}",2
mapf-scaling,mapf,cuplan,random_obstacles/24x24/n4/d0.15,random_obstacles/d0.15,pibt,,cpu,"{""backend"": ""cpu""}",1,0,20.0,3072,not-installed,False,False,0.0,,,,,,,,,,cuplan is not importable (ModuleNotFoundError: No module named 'cuplan'). Install with: pip install 'cuda-planning @ git+https://github.com/openplan-labs/cuda-planning',2026-08-20T21:56:13+00:00,0.1.0,62459c293440,3.10.12,Linux 6.8.0-136-generic (x86_64),11th Gen Intel(R) Core(TM) i7-11850H @ 2.50GHz,16,wardn-thinkpad,"{""cuda-planning"": ""not-installed"", ""jupyddl"": ""2.3.0"", ""matplotlib"": ""3.10.9"", ""numpy"": ""2.2.6"", ""openplan-bench"": ""0.1.0"", ""pymapf"": ""0.8.0""}",2
mapf-scaling,mapf,cuplan,random_obstacles/24x24/n4/d0.15,random_obstacles/d0.15,pibt,,cpu,"{""backend"": ""cpu""}",2,0,20.0,3072,not-installed,False,False,0.0,,,,,,,,,,cuplan is not importable (ModuleNotFoundError: No module named 'cuplan'). Install with: pip install 'cuda-planning @ git+https://github.com/openplan-labs/cuda-planning',2026-08-20T21:56:13+00:00,0.1.0,62459c293440,3.10.12,Linux 6.8.0-136-generic (x86_64),11th Gen Intel(R) Core(TM) i7-11850H @ 2.50GHz,16,wardn-thinkpad,"{""cuda-planning"": ""not-installed"", ""jupyddl"": ""2.3.0"", ""matplotlib"": ""3.10.9"", ""numpy"": ""2.2.6"", ""openplan-bench"": ""0.1.0"", ""pymapf"": ""0.8.0""}",2
mapf-scaling,mapf,cuplan,random_obstacles/24x24/n4/d0.15,random_obstacles/d0.15,pibt,,cpu,"{""backend"": ""cpu""}",3,0,20.0,3072,not-installed,False,False,0.0,,,,,,,,,,cuplan is not importable (ModuleNotFoundError: No module named 'cuplan'). Install with: pip install 'cuda-planning @ git+https://github.com/openplan-labs/cuda-planning',2026-08-20T21:56:13+00:00,0.1.0,62459c293440,3.10.12,Linux 6.8.0-136-generic (x86_64),11th Gen Intel(R) Core(TM) i7-11850H @ 2.50GHz,16,wardn-thinkpad,"{""cuda-planning"": ""not-installed"", ""jupyddl"": ""2.3.0"", ""matplotlib"": ""3.10.9"", ""numpy"": ""2.2.6"", ""openplan-bench"": ""0.1.0"", ""pymapf"": ""0.8.0""}",2
mapf-scaling,mapf,cuplan,random_obstacles/24x24/n4/d0.15,random_obstacles/d0.15,pibt,,cpu,"{""backend"": ""cpu""}",4,0,20.0,3072,not-installed,False,False,0.0,,,,,,,,,,cuplan is not importable (ModuleNotFoundError: No module named 'cuplan'). Install with: pip install 'cuda-planning @ git+https://github.com/openplan-labs/cuda-planning',2026-08-20T21:56:13+00:00,0.1.0,62459c293440,3.10.12,Linux 6.8.0-136-generic (x86_64),11th Gen Intel(R) Core(TM) i7-11850H @ 2.50GHz,16,wardn-thinkpad,"{""cuda-planning"": ""not-installed"", ""jupyddl"": ""2.3.0"", ""matplotlib"": ""3.10.9"", ""numpy"": ""2.2.6"", ""openplan-bench"": ""0.1.0"", ""pymapf"": ""0.8.0""}",2
mapf-scaling,mapf,cuplan,random_obstacles/24x24/n4/d0.15,random_obstacles/d0.15,pibt,,cuda,"{""backend"": ""cuda""}",0,0,20.0,3072,not-installed,False,False,0.0,,,,,,,,,,cuplan is not importable (ModuleNotFoundError: No module named 'cuplan'). Install with: pip install 'cuda-planning @ git+https://github.com/openplan-labs/cuda-planning',2026-08-20T21:56:13+00:00,0.1.0,62459c293440,3.10.12,Linux 6.8.0-136-generic (x86_64),11th Gen Intel(R) Core(TM) i7-11850H @ 2.50GHz,16,wardn-thinkpad,"{""cuda-planning"": ""not-installed"", ""jupyddl"": ""2.3.0"", ""matplotlib"": ""3.10.9"", ""numpy"": ""2.2.6"", ""openplan-bench"": ""0.1.0"", ""pymapf"": ""0.8.0""}",2
mapf-scaling,mapf,cuplan,random_obstacles/24x24/n4/d0.15,random_obstacles/d0.15,pibt,,cuda,"{""backend"": ""cuda""}",1,0,20.0,3072,not-installed,False,False,0.0,,,,,,,,,,cuplan is not importable (ModuleNotFoundError: No module named 'cuplan'). Install with: pip install 'cuda-planning @ git+https://github.com/openplan-labs/cuda-planning',2026-08-20T21:56:13+00:00,0.1.0,62459c293440,3.10.12,Linux 6.8.0-136-generic (x86_64),11th Gen Intel(R) Core(TM) i7-11850H @ 2.50GHz,16,wardn-thinkpad,"{""cuda-planning"": ""not-installed"", ""jupyddl"": ""2.3.0"", ""matplotlib"": ""3.10.9"", ""numpy"": ""2.2.6"", ""openplan-bench"": ""0.1.0"", ""pymapf"": ""0.8.0""}",2
mapf-scaling,mapf,cuplan,random_obstacles/24x24/n4/d0.15,random_obstacles/d0.15,pibt,,cuda,"{""backend"": ""cuda""}",2,0,20.0,3072,not-installed,False,False,0.0,,,,,,,,,,cuplan is not importable (ModuleNotFoundError: No module named 'cuplan'). Install with: pip install 'cuda-planning @ git+https://github.com/openplan-labs/cuda-planning',2026-08-20T21:56:13+00:00,0.1.0,62459c293440,3.10.12,Linux 6.8.0-136-generic (x86_64),11th Gen Intel(R) Core(TM) i7-11850H @ 2.50GHz,16,wardn-thinkpad,"{""cuda-planning"": ""not-installed"", ""jupyddl"": ""2.3.0"", ""matplotlib"": ""3.10.9"", ""numpy"": ""2.2.6"", ""openplan-bench"": ""0.1.0"", ""pymapf"": ""0.8.0""}",2
mapf-scaling,mapf,cuplan,random_obstacles/24x24/n4/d0.15,random_obstacles/d0.15,pibt,,cuda,"{""backend"": ""cuda""}",3,0,20.0,3072,not-installed,False,False,0.0,,,,,,,,,,cuplan is not importable (ModuleNotFoundError: No module named 'cuplan'). Install with: pip install 'cuda-planning @ git+https://github.com/openplan-labs/cuda-planning',2026-08-20T21:56:13+00:00,0.1.0,62459c293440,3.10.12,Linux 6.8.0-136-generic (x86_64),11th Gen Intel(R) Core(TM) i7-11850H @ 2.50GHz,16,wardn-thinkpad,"{""cuda-planning"": ""not-installed"", ""jupyddl"": ""2.3.0"", ""matplotlib"": ""3.10.9"", ""numpy"": ""2.2.6"", ""openplan-bench"": ""0.1.0"", ""pymapf"": ""0.8.0""}",2
mapf-scaling,mapf,cuplan,random_obstacles/24x24/n4/d0.15,random_obstacles/d0.15,pibt,,cuda,"{""backend"": ""cuda""}",4,0,20.0,3072,not-installed,False,False,0.0,,,,,,,,,,cuplan is not importable (ModuleNotFoundError: No module named 'cuplan'). Install with: pip install 'cuda-planning @ git+https://github.com/openplan-labs/cuda-planning',2026-08-20T21:56:13+00:00,0.1.0,62459c293440,3.10.12,Linux 6.8.0-136-generic (x86_64),11th Gen Intel(R) Core(TM) i7-11850H @ 2.50GHz,16,wardn-thinkpad,"{""cuda-planning"": ""not-installed"", ""jupyddl"": ""2.3.0"", ""matplotlib"": ""3.10.9"", ""numpy"": ""2.2.6"", ""openplan-bench"": ""0.1.0"", ""pymapf"": ""0.8.0""}",2
mapf-scaling,mapf,cuplan,random_obstacles/24x24/n8/d0.15,random_obstacles/d0.15,prioritized,,cpu,"{""backend"": ""cpu""}",0,0,20.0,3072,not-installed,False,False,0.0,,,,,,,,,,cuplan is not importable (ModuleNotFoundError: No module named 'cuplan'). Install with: pip install 'cuda-planning @ git+https://github.com/openplan-labs/cuda-planning',2026-08-20T21:56:13+00:00,0.1.0,62459c293440,3.10.12,Linux 6.8.0-136-generic (x86_64),11th Gen Intel(R) Core(TM) i7-11850H @ 2.50GHz,16,wardn-thinkpad,"{""cuda-planning"": ""not-installed"", ""jupyddl"": ""2.3.0"", ""matplotlib"": ""3.10.9"", ""numpy"": ""2.2.6"", ""openplan-bench"": ""0.1.0"", ""pymapf"": ""0.8.0""}",2
mapf-scaling,mapf,cuplan,random_obstacles/24x24/n8/d0.15,random_obstacles/d0.15,prioritized,,cpu,"{""backend"": ""cpu""}",1,0,20.0,3072,not-installed,False,False,0.0,,,,,,,,,,cuplan is not importable (ModuleNotFoundError: No module named 'cuplan'). Install with: pip install 'cuda-planning @ git+https://github.com/openplan-labs/cuda-planning',2026-08-20T21:56:13+00:00,0.1.0,62459c293440,3.10.12,Linux 6.8.0-136-generic (x86_64),11th Gen Intel(R) Core(TM) i7-11850H @ 2.50GHz,16,wardn-thinkpad,"{""cuda-planning"": ""not-installed"", ""jupyddl"": ""2.3.0"", ""matplotlib"": ""3.10.9"", ""numpy"": ""2.2.6"", ""openplan-bench"": ""0.1.0"", ""pymapf"": ""0.8.0""}",2
mapf-scaling,mapf,cuplan,random_obstacles/24x24/n8/d0.15,random_obstacles/d0.15,prioritized,,cpu,"{""backend"": ""cpu""}",2,0,20.0,3072,not-installed,False,False,0.0,,,,,,,,,,cuplan is not importable (ModuleNotFoundError: No module named 'cuplan'). Install with: pip install 'cuda-planning @ git+https://github.com/openplan-labs/cuda-planning',2026-08-20T21:56:13+00:00,0.1.0,62459c293440,3.10.12,Linux 6.8.0-136-generic (x86_64),11th Gen Intel(R) Core(TM) i7-11850H @ 2.50GHz,16,wardn-thinkpad,"{""cuda-planning"": ""not-installed"", ""jupyddl"": ""2.3.0"", ""matplotlib"": ""3.10.9"", ""numpy"": ""2.2.6"", ""openplan-bench"": ""0.1.0"", ""pymapf"": ""0.8.0""}",2
mapf-scaling,mapf,cuplan,random_obstacles/24x24/n8/d0.15,random_obstacles/d0.15,prioritized,,cpu,"{""backend"": ""cpu""}",3,0,20.0,3072,not-installed,False,False,0.0,,,,,,,,,,cuplan is not importable (ModuleNotFoundError: No module named 'cuplan'). Install with: pip install 'cuda-planning @ git+https://github.com/openplan-labs/cuda-planning',2026-08-20T21:56:13+00:00,0.1.0,62459c293440,3.10.12,Linux 6.8.0-136-generic (x86_64),11th Gen Intel(R) Core(TM) i7-11850H @ 2.50GHz,16,wardn-thinkpad,"{""cuda-planning"": ""not-installed"", ""jupyddl"": ""2.3.0"", ""matplotlib"": ""3.10.9"", ""numpy"": ""2.2.6"", ""openplan-bench"": ""0.1.0"", ""pymapf"": ""0.8.0""}",2
mapf-scaling,mapf,cuplan,random_obstacles/24x24/n8/d0.15,random_obstacles/d0.15,prioritized,,cpu,"{""backend"": ""cpu""}",4,0,20.0,3072,not-installed,False,False,0.0,,,,,,,,,,cuplan is not importable (ModuleNotFoundError: No module named 'cuplan'). Install with: pip install 'cuda-planning @ git+https://github.com/openplan-labs/cuda-planning',2026-08-20T21:56:13+00:00,0.1.0,62459c293440,3.10.12,Linux 6.8.0-136-generic (x86_64),11th Gen Intel(R) Core(TM) i7-11850H @ 2.50GHz,16,wardn-thinkpad,"{""cuda-planning"": ""not-installed"", ""jupyddl"": ""2.3.0"", ""matplotlib"": ""3.10.9"", ""numpy"": ""2.2.6"", ""openplan-bench"": ""0.1.0"", ""pymapf"": ""0.8.0""}",2
mapf-scaling,mapf,cuplan,random_obstacles/24x24/n8/d0.15,random_obstacles/d0.15,pibt,,cpu,"{""backend"": ""cpu""}",0,0,20.0,3072,not-installed,False,False,0.0,,,,,,,,,,cuplan is not importable (ModuleNotFoundError: No module named 'cuplan'). Install with: pip install 'cuda-planning @ git+https://github.com/openplan-labs/cuda-planning',2026-08-20T21:56:13+00:00,0.1.0,62459c293440,3.10.12,Linux 6.8.0-136-generic (x86_64),11th Gen Intel(R) Core(TM) i7-11850H @ 2.50GHz,16,wardn-thinkpad,"{""cuda-planning"": ""not-installed"", ""jupyddl"": ""2.3.0"", ""matplotlib"": ""3.10.9"", ""numpy"": ""2.2.6"", ""openplan-bench"": ""0.1.0"", ""pymapf"": ""0.8.0""}",2
mapf-scaling,mapf,cuplan,random_obstacles/24x24/n8/d0.15,random_obstacles/d0.15,pibt,,cpu,"{""backend"": ""cpu""}",1,0,20.0,3072,not-installed,False,False,0.0,,,,,,,,,,cuplan is not importable (ModuleNotFoundError: No module named 'cuplan'). Install with: pip install 'cuda-planning @ git+https://github.com/openplan-labs/cuda-planning',2026-08-20T21:56:13+00:00,0.1.0,62459c293440,3.10.12,Linux 6.8.0-136-generic (x86_64),11th Gen Intel(R) Core(TM) i7-11850H @ 2.50GHz,16,wardn-thinkpad,"{""cuda-planning"": ""not-installed"", ""jupyddl"": ""2.3.0"", ""matplotlib"": ""3.10.9"", ""numpy"": ""2.2.6"", ""openplan-bench"": ""0.1.0"", ""pymapf"": ""0.8.0""}",2
mapf-scaling,mapf,cuplan,random_obstacles/24x24/n8/d0.15,random_obstacles/d0.15,pibt,,cpu,"{""backend"": ""cpu""}",2,0,20.0,3072,not-installed,False,False,0.0,,,,,,,,,,cuplan is not importable (ModuleNotFoundError: No module named 'cuplan'). Install with: pip install 'cuda-planning @ git+https://github.com/openplan-labs/cuda-planning',2026-08-20T21:56:13+00:00,0.1.0,62459c293440,3.10.12,Linux 6.8.0-136-generic (x86_64),11th Gen Intel(R) Core(TM) i7-11850H @ 2.50GHz,16,wardn-thinkpad,"{""cuda-planning"": ""not-installed"", ""jupyddl"": ""2.3.0"", ""matplotlib"": ""3.10.9"", ""numpy"": ""2.2.6"", ""openplan-bench"": ""0.1.0"", ""pymapf"": ""0.8.0""}",2
mapf-scaling,mapf,cuplan,random_obstacles/24x24/n8/d0.15,random_obstacles/d0.15,pibt,,cpu,"{""backend"": ""cpu""}",3,0,20.0,3072,not-installed,False,False,0.0,,,,,,,,,,cuplan is not importable (ModuleNotFoundError: No module named 'cuplan'). Install with: pip install 'cuda-planning @ git+https://github.com/openplan-labs/cuda-planning',2026-08-20T21:56:13+00:00,0.1.0,62459c293440,3.10.12,Linux 6.8.0-136-generic (x86_64),11th Gen Intel(R) Core(TM) i7-11850H @ 2.50GHz,16,wardn-thinkpad,"{""cuda-planning"": ""not-installed"", ""jupyddl"": ""2.3.0"", ""matplotlib"": ""3.10.9"", ""numpy"": ""2.2.6"", ""openplan-bench"": ""0.1.0"", ""pymapf"": ""0.8.0""}",2
mapf-scaling,mapf,cuplan,random_obstacles/24x24/n8/d0.15,random_obstacles/d0.15,pibt,,cpu,"{""backend"": ""cpu""}",4,0,20.0,3072,not-installed,False,False,0.0,,,,,,,,,,cuplan is not importable (ModuleNotFoundError: No module named 'cuplan'). Install with: pip install 'cuda-planning @ git+https://github.com/openplan-labs/cuda-planning',2026-08-20T21:56:13+00:00,0.1.0,62459c293440,3.10.12,Linux 6.8.0-136-generic (x86_64),11th Gen Intel(R) Core(TM) i7-11850H @ 2.50GHz,16,wardn-thinkpad,"{""cuda-planning"": ""not-installed"", ""jupyddl"": ""2.3.0"", ""matplotlib"": ""3.10.9"", ""numpy"": ""2.2.6"", ""openplan-bench"": ""0.1.0"", ""pymapf"": ""0.8.0""}",2
mapf-scaling,mapf,cuplan,random_obstacles/24x24/n8/d0.15,random_obstacles/d0.15,pibt,,cuda,"{""backend"": ""cuda""}",0,0,20.0,3072,not-installed,False,False,0.0,,,,,,,,,,cuplan is not importable (ModuleNotFoundError: No module named 'cuplan'). Install with: pip install 'cuda-planning @ git+https://github.com/openplan-labs/cuda-planning',2026-08-20T21:56:13+00:00,0.1.0,62459c293440,3.10.12,Linux 6.8.0-136-generic (x86_64),11th Gen Intel(R) Core(TM) i7-11850H @ 2.50GHz,16,wardn-thinkpad,"{""cuda-planning"": ""not-installed"", ""jupyddl"": ""2.3.0"", ""matplotlib"": ""3.10.9"", ""numpy"": ""2.2.6"", ""openplan-bench"": ""0.1.0"", ""pymapf"": ""0.8.0""}",2
mapf-scaling,mapf,cuplan,random_obstacles/24x24/n8/d0.15,random_obstacles/d0.15,pibt,,cuda,"{""backend"": ""cuda""}",1,0,20.0,3072,not-installed,False,False,0.0,,,,,,,,,,cuplan is not importable (ModuleNotFoundError: No module named 'cuplan'). Install with: pip install 'cuda-planning @ git+https://github.com/openplan-labs/cuda-planning',2026-08-20T21:56:13+00:00,0.1.0,62459c293440,3.10.12,Linux 6.8.0-136-generic (x86_64),11th Gen Intel(R) Core(TM) i7-11850H @ 2.50GHz,16,wardn-thinkpad,"{""cuda-planning"": ""not-installed"", ""jupyddl"": ""2.3.0"", ""matplotlib"": ""3.10.9"", ""numpy"": ""2.2.6"", ""openplan-bench"": ""0.1.0"", ""pymapf"": ""0.8.0""}",2
mapf-scaling,mapf,cuplan,random_obstacles/24x24/n8/d0.15,random_obstacles/d0.15,pibt,,cuda,"{""backend"": ""cuda""}",2,0,20.0,3072,not-installed,False,False,0.0,,,,,,,,,,cuplan is not importable (ModuleNotFoundError: No module named 'cuplan'). Install with: pip install 'cuda-planning @ git+https://github.com/openplan-labs/cuda-planning',2026-08-20T21:56:13+00:00,0.1.0,62459c293440,3.10.12,Linux 6.8.0-136-generic (x86_64),11th Gen Intel(R) Core(TM) i7-11850H @ 2.50GHz,16,wardn-thinkpad,"{""cuda-planning"": ""not-installed"", ""jupyddl"": ""2.3.0"", ""matplotlib"": ""3.10.9"", ""numpy"": ""2.2.6"", ""openplan-bench"": ""0.1.0"", ""pymapf"": ""0.8.0""}",2
mapf-scaling,mapf,cuplan,random_obstacles/24x24/n8/d0.15,random_obstacles/d0.15,pibt,,cuda,"{""backend"": ""cuda""}",3,0,20.0,3072,not-installed,False,False,0.0,,,,,,,,,,cuplan is not importable (ModuleNotFoundError: No module named 'cuplan'). Install with: pip install 'cuda-planning @ git+https://github.com/openplan-labs/cuda-planning',2026-08-20T21:56:13+00:00,0.1.0,62459c293440,3.10.12,Linux 6.8.0-136-generic (x86_64),11th Gen Intel(R) Core(TM) i7-11850H @ 2.50GHz,16,wardn-thinkpad,"{""cuda-planning"": ""not-installed"", ""jupyddl"": ""2.3.0"", ""matplotlib"": ""3.10.9"", ""numpy"": ""2.2.6"", ""openplan-bench"": ""0.1.0"", ""pymapf"": ""0.8.0""}",2
mapf-scaling,mapf,cuplan,random_obstacles/24x24/n8/d0.15,random_obstacles/d0.15,pibt,,cuda,"{""backend"": ""cuda""}",4,0,20.0,3072,not-installed,False,False,0.0,,,,,,,,,,cuplan is not importable (ModuleNotFoundError: No module named 'cuplan'). Install with: pip install 'cuda-planning @ git+https://github.com/openplan-labs/cuda-planning',2026-08-20T21:56:13+00:00,0.1.0,62459c293440,3.10.12,Linux 6.8.0-136-generic (x86_64),11th Gen Intel(R) Core(TM) i7-11850H @ 2.50GHz,16,wardn-thinkpad,"{""cuda-planning"": ""not-installed"", ""jupyddl"": ""2.3.0"", ""matplotlib"": ""3.10.9"", ""numpy"": ""2.2.6"", ""openplan-bench"": ""0.1.0"", ""pymapf"": ""0.8.0""}",2
mapf-scaling,mapf,cuplan,random_obstacles/24x24/n16/d0.15,random_obstacles/d0.15,prioritized,,cpu,"{""backend"": ""cpu""}",0,0,20.0,3072,not-installed,False,False,0.0,,,,,,,,,,cuplan is not importable (ModuleNotFoundError: No module named 'cuplan'). Install with: pip install 'cuda-planning @ git+https://github.com/openplan-labs/cuda-planning',2026-08-20T21:56:13+00:00,0.1.0,62459c293440,3.10.12,Linux 6.8.0-136-generic (x86_64),11th Gen Intel(R) Core(TM) i7-11850H @ 2.50GHz,16,wardn-thinkpad,"{""cuda-planning"": ""not-installed"", ""jupyddl"": ""2.3.0"", ""matplotlib"": ""3.10.9"", ""numpy"": ""2.2.6"", ""openplan-bench"": ""0.1.0"", ""pymapf"": ""0.8.0""}",2
mapf-scaling,mapf,cuplan,random_obstacles/24x24/n16/d0.15,random_obstacles/d0.15,prioritized,,cpu,"{""backend"": ""cpu""}",1,0,20.0,3072,not-installed,False,False,0.0,,,,,,,,,,cuplan is not importable (ModuleNotFoundError: No module named 'cuplan'). Install with: pip install 'cuda-planning @ git+https://github.com/openplan-labs/cuda-planning',2026-08-20T21:56:13+00:00,0.1.0,62459c293440,3.10.12,Linux 6.8.0-136-generic (x86_64),11th Gen Intel(R) Core(TM) i7-11850H @ 2.50GHz,16,wardn-thinkpad,"{""cuda-planning"": ""not-installed"", ""jupyddl"": ""2.3.0"", ""matplotlib"": ""3.10.9"", ""numpy"": ""2.2.6"", ""openplan-bench"": ""0.1.0"", ""pymapf"": ""0.8.0""}",2
mapf-scaling,mapf,cuplan,random_obstacles/24x24/n16/d0.15,random_obstacles/d0.15,prioritized,,cpu,"{""backend"": ""cpu""}",2,0,20.0,3072,not-installed,False,False,0.0,,,,,,,,,,cuplan is not importable (ModuleNotFoundError: No module named 'cuplan'). Install with: pip install 'cuda-planning @ git+https://github.com/openplan-labs/cuda-planning',2026-08-20T21:56:13+00:00,0.1.0,62459c293440,3.10.12,Linux 6.8.0-136-generic (x86_64),11th Gen Intel(R) Core(TM) i7-11850H @ 2.50GHz,16,wardn-thinkpad,"{""cuda-planning"": ""not-installed"", ""jupyddl"": ""2.3.0"", ""matplotlib"": ""3.10.9"", ""numpy"": ""2.2.6"", ""openplan-bench"": ""0.1.0"", ""pymapf"": ""0.8.0""}",2
mapf-scaling,mapf,cuplan,random_obstacles/24x24/n16/d0.15,random_obstacles/d0.15,prioritized,,cpu,"{""backend"": ""cpu""}",3,0,20.0,3072,not-installed,False,False,0.0,,,,,,,,,,cuplan is not importable (ModuleNotFoundError: No module named 'cuplan'). Install with: pip install 'cuda-planning @ git+https://github.com/openplan-labs/cuda-planning',2026-08-20T21:56:13+00:00,0.1.0,62459c293440,3.10.12,Linux 6.8.0-136-generic (x86_64),11th Gen Intel(R) Core(TM) i7-11850H @ 2.50GHz,16,wardn-thinkpad,"{""cuda-planning"": ""not-installed"", ""jupyddl"": ""2.3.0"", ""matplotlib"": ""3.10.9"", ""numpy"": ""2.2.6"", ""openplan-bench"": ""0.1.0"", ""pymapf"": ""0.8.0""}",2
mapf-scaling,mapf,cuplan,random_obstacles/24x24/n16/d0.15,random_obstacles/d0.15,prioritized,,cpu,"{""backend"": ""cpu""}",4,0,20.0,3072,not-installed,False,False,0.0,,,,,,,,,,cuplan is not importable (ModuleNotFoundError: No module named 'cuplan'). Install with: pip install 'cuda-planning @ git+https://github.com/openplan-labs/cuda-planning',2026-08-20T21:56:13+00:00,0.1.0,62459c293440,3.10.12,Linux 6.8.0-136-generic (x86_64),11th Gen Intel(R) Core(TM) i7-11850H @ 2.50GHz,16,wardn-thinkpad,"{""cuda-planning"": ""not-installed"", ""jupyddl"": ""2.3.0"", ""matplotlib"": ""3.10.9"", ""numpy"": ""2.2.6"", ""openplan-bench"": ""0.1.0"", ""pymapf"": ""0.8.0""}",2
mapf-scaling,mapf,cuplan,random_obstacles/24x24/n16/d0.15,random_obstacles/d0.15,pibt,,cpu,"{""backend"": ""cpu""}",0,0,20.0,3072,not-installed,False,False,0.0,,,,,,,,,,cuplan is not importable (ModuleNotFoundError: No module named 'cuplan'). Install with: pip install 'cuda-planning @ git+https://github.com/openplan-labs/cuda-planning',2026-08-20T21:56:13+00:00,0.1.0,62459c293440,3.10.12,Linux 6.8.0-136-generic (x86_64),11th Gen Intel(R) Core(TM) i7-11850H @ 2.50GHz,16,wardn-thinkpad,"{""cuda-planning"": ""not-installed"", ""jupyddl"": ""2.3.0"", ""matplotlib"": ""3.10.9"", ""numpy"": ""2.2.6"", ""openplan-bench"": ""0.1.0"", ""pymapf"": ""0.8.0""}",2
mapf-scaling,mapf,cuplan,random_obstacles/24x24/n16/d0.15,random_obstacles/d0.15,pibt,,cpu,"{""backend"": ""cpu""}",1,0,20.0,3072,not-installed,False,False,0.0,,,,,,,,,,cuplan is not importable (ModuleNotFoundError: No module named 'cuplan'). Install with: pip install 'cuda-planning @ git+https://github.com/openplan-labs/cuda-planning',2026-08-20T21:56:13+00:00,0.1.0,62459c293440,3.10.12,Linux 6.8.0-136-generic (x86_64),11th Gen Intel(R) Core(TM) i7-11850H @ 2.50GHz,16,wardn-thinkpad,"{""cuda-planning"": ""not-installed"", ""jupyddl"": ""2.3.0"", ""matplotlib"": ""3.10.9"", ""numpy"": ""2.2.6"", ""openplan-bench"": ""0.1.0"", ""pymapf"": ""0.8.0""}",2
mapf-scaling,mapf,cuplan,random_obstacles/24x24/n16/d0.15,random_obstacles/d0.15,pibt,,cpu,"{""backend"": ""cpu""}",2,0,20.0,3072,not-installed,False,False,0.0,,,,,,,,,,cuplan is not importable (ModuleNotFoundError: No module named 'cuplan'). Install with: pip install 'cuda-planning @ git+https://github.com/openplan-labs/cuda-planning',2026-08-20T21:56:13+00:00,0.1.0,62459c293440,3.10.12,Linux 6.8.0-136-generic (x86_64),11th Gen Intel(R) Core(TM) i7-11850H @ 2.50GHz,16,wardn-thinkpad,"{""cuda-planning"": ""not-installed"", ""jupyddl"": ""2.3.0"", ""matplotlib"": ""3.10.9"", ""numpy"": ""2.2.6"", ""openplan-bench"": ""0.1.0"", ""pymapf"": ""0.8.0""}",2
mapf-scaling,mapf,cuplan,random_obstacles/24x24/n16/d0.15,random_obstacles/d0.15,pibt,,cpu,"{""backend"": ""cpu""}",3,0,20.0,3072,not-installed,False,False,0.0,,,,,,,,,,cuplan is not importable (ModuleNotFoundError: No module named 'cuplan'). Install with: pip install 'cuda-planning @ git+https://github.com/openplan-labs/cuda-planning',2026-08-20T21:56:13+00:00,0.1.0,62459c293440,3.10.12,Linux 6.8.0-136-generic (x86_64),11th Gen Intel(R) Core(TM) i7-11850H @ 2.50GHz,16,wardn-thinkpad,"{""cuda-planning"": ""not-installed"", ""jupyddl"": ""2.3.0"", ""matplotlib"": ""3.10.9"", ""numpy"": ""2.2.6"", ""openplan-bench"": ""0.1.0"", ""pymapf"": ""0.8.0""}",2
mapf-scaling,mapf,cuplan,random_obstacles/24x24/n16/d0.15,random_obstacles/d0.15,pibt,,cpu,"{""backend"": ""cpu""}",4,0,20.0,3072,not-installed,False,False,0.0,,,,,,,,,,cuplan is not importable (ModuleNotFoundError: No module named 'cuplan'). Install with: pip install 'cuda-planning @ git+https://github.com/openplan-labs/cuda-planning',2026-08-20T21:56:13+00:00,0.1.0,62459c293440,3.10.12,Linux 6.8.0-136-generic (x86_64),11th Gen Intel(R) Core(TM) i7-11850H @ 2.50GHz,16,wardn-thinkpad,"{""cuda-planning"": ""not-installed"", ""jupyddl"": ""2.3.0"", ""matplotlib"": ""3.10.9"", ""numpy"": ""2.2.6"", ""openplan-bench"": ""0.1.0"", ""pymapf"": ""0.8.0""}",2
mapf-scaling,mapf,cuplan,random_obstacles/24x24/n16/d0.15,random_obstacles/d0.15,pibt,,cuda,"{""backend"": ""cuda""}",0,0,20.0,3072,not-installed,False,False,0.0,,,,,,,,,,cuplan is not importable (ModuleNotFoundError: No module named 'cuplan'). Install with: pip install 'cuda-planning @ git+https://github.com/openplan-labs/cuda-planning',2026-08-20T21:56:13+00:00,0.1.0,62459c293440,3.10.12,Linux 6.8.0-136-generic (x86_64),11th Gen Intel(R) Core(TM) i7-11850H @ 2.50GHz,16,wardn-thinkpad,"{""cuda-planning"": ""not-installed"", ""jupyddl"": ""2.3.0"", ""matplotlib"": ""3.10.9"", ""numpy"": ""2.2.6"", ""openplan-bench"": ""0.1.0"", ""pymapf"": ""0.8.0""}",2
mapf-scaling,mapf,cuplan,random_obstacles/24x24/n16/d0.15,random_obstacles/d0.15,pibt,,cuda,"{""backend"": ""cuda""}",1,0,20.0,3072,not-installed,False,False,0.0,,,,,,,,,,cuplan is not importable (ModuleNotFoundError: No module named 'cuplan'). Install with: pip install 'cuda-planning @ git+https://github.com/openplan-labs/cuda-planning',2026-08-20T21:56:13+00:00,0.1.0,62459c293440,3.10.12,Linux 6.8.0-136-generic (x86_64),11th Gen Intel(R) Core(TM) i7-11850H @ 2.50GHz,16,wardn-thinkpad,"{""cuda-planning"": ""not-installed"", ""jupyddl"": ""2.3.0"", ""matplotlib"": ""3.10.9"", ""numpy"": ""2.2.6"", ""openplan-bench"": ""0.1.0"", ""pymapf"": ""0.8.0""}",2
mapf-scaling,mapf,cuplan,random_obstacles/24x24/n16/d0.15,random_obstacles/d0.15,pibt,,cuda,"{""backend"": ""cuda""}",2,0,20.0,3072,not-installed,False,False,0.0,,,,,,,,,,cuplan is not importable (ModuleNotFoundError: No module named 'cuplan'). Install with: pip install 'cuda-planning @ git+https://github.com/openplan-labs/cuda-planning',2026-08-20T21:56:13+00:00,0.1.0,62459c293440,3.10.12,Linux 6.8.0-136-generic (x86_64),11th Gen Intel(R) Core(TM) i7-11850H @ 2.50GHz,16,wardn-thinkpad,"{""cuda-planning"": ""not-installed"", ""jupyddl"": ""2.3.0"", ""matplotlib"": ""3.10.9"", ""numpy"": ""2.2.6"", ""openplan-bench"": ""0.1.0"", ""pymapf"": ""0.8.0""}",2
mapf-scaling,mapf,cuplan,random_obstacles/24x24/n16/d0.15,random_obstacles/d0.15,pibt,,cuda,"{""backend"": ""cuda""}",3,0,20.0,3072,not-installed,False,False,0.0,,,,,,,,,,cuplan is not importable (ModuleNotFoundError: No module named 'cuplan'). Install with: pip install 'cuda-planning @ git+https://github.com/openplan-labs/cuda-planning',2026-08-20T21:56:13+00:00,0.1.0,62459c293440,3.10.12,Linux 6.8.0-136-generic (x86_64),11th Gen Intel(R) Core(TM) i7-11850H @ 2.50GHz,16,wardn-thinkpad,"{""cuda-planning"": ""not-installed"", ""jupyddl"": ""2.3.0"", ""matplotlib"": ""3.10.9"", ""numpy"": ""2.2.6"", ""openplan-bench"": ""0.1.0"", ""pymapf"": ""0.8.0""}",2
mapf-scaling,mapf,cuplan,random_obstacles/24x24/n16/d0.15,random_obstacles/d0.15,pibt,,cuda,"{""backend"": ""cuda""}",4,0,20.0,3072,not-installed,False,False,0.0,,,,,,,,,,cuplan is not importable (ModuleNotFoundError: No module named 'cuplan'). Install with: pip install 'cuda-planning @ git+https://github.com/openplan-labs/cuda-planning',2026-08-20T21:56:13+00:00,0.1.0,62459c293440,3.10.12,Linux 6.8.0-136-generic (x86_64),11th Gen Intel(R) Core(TM) i7-11850H @ 2.50GHz,16,wardn-thinkpad,"{""cuda-planning"": ""not-installed"", ""jupyddl"": ""2.3.0"", ""matplotlib"": ""3.10.9"", ""numpy"": ""2.2.6"", ""openplan-bench"": ""0.1.0"", ""pymapf"": ""0.8.0""}",2
mapf-scaling,mapf,cuplan,random_obstacles/24x24/n24/d0.15,random_obstacles/d0.15,prioritized,,cpu,"{""backend"": ""cpu""}",0,0,20.0,3072,not-installed,False,False,0.0,,,,,,,,,,cuplan is not importable (ModuleNotFoundError: No module named 'cuplan'). Install with: pip install 'cuda-planning @ git+https://github.com/openplan-labs/cuda-planning',2026-08-20T21:56:13+00:00,0.1.0,62459c293440,3.10.12,Linux 6.8.0-136-generic (x86_64),11th Gen Intel(R) Core(TM) i7-11850H @ 2.50GHz,16,wardn-thinkpad,"{""cuda-planning"": ""not-installed"", ""jupyddl"": ""2.3.0"", ""matplotlib"": ""3.10.9"", ""numpy"": ""2.2.6"", ""openplan-bench"": ""0.1.0"", ""pymapf"": ""0.8.0""}",2
mapf-scaling,mapf,cuplan,random_obstacles/24x24/n24/d0.15,random_obstacles/d0.15,prioritized,,cpu,"{""backend"": ""cpu""}",1,0,20.0,3072,not-installed,False,False,0.0,,,,,,,,,,cuplan is not importable (ModuleNotFoundError: No module named 'cuplan'). Install with: pip install 'cuda-planning @ git+https://github.com/openplan-labs/cuda-planning',2026-08-20T21:56:13+00:00,0.1.0,62459c293440,3.10.12,Linux 6.8.0-136-generic (x86_64),11th Gen Intel(R) Core(TM) i7-11850H @ 2.50GHz,16,wardn-thinkpad,"{""cuda-planning"": ""not-installed"", ""jupyddl"": ""2.3.0"", ""matplotlib"": ""3.10.9"", ""numpy"": ""2.2.6"", ""openplan-bench"": ""0.1.0"", ""pymapf"": ""0.8.0""}",2
mapf-scaling,mapf,cuplan,random_obstacles/24x24/n24/d0.15,random_obstacles/d0.15,prioritized,,cpu,"{""backend"": ""cpu""}",2,0,20.0,3072,not-installed,False,False,0.0,,,,,,,,,,cuplan is not importable (ModuleNotFoundError: No module named 'cuplan'). Install with: pip install 'cuda-planning @ git+https://github.com/openplan-labs/cuda-planning',2026-08-20T21:56:13+00:00,0.1.0,62459c293440,3.10.12,Linux 6.8.0-136-generic (x86_64),11th Gen Intel(R) Core(TM) i7-11850H @ 2.50GHz,16,wardn-thinkpad,"{""cuda-planning"": ""not-installed"", ""jupyddl"": ""2.3.0"", ""matplotlib"": ""3.10.9"", ""numpy"": ""2.2.6"", ""openplan-bench"": ""0.1.0"", ""pymapf"": ""0.8.0""}",2
mapf-scaling,mapf,cuplan,random_obstacles/24x24/n24/d0.15,random_obstacles/d0.15,prioritized,,cpu,"{""backend"": ""cpu""}",3,0,20.0,3072,not-installed,False,False,0.0,,,,,,,,,,cuplan is not importable (ModuleNotFoundError: No module named 'cuplan'). Install with: pip install 'cuda-planning @ git+https://github.com/openplan-labs/cuda-planning',2026-08-20T21:56:13+00:00,0.1.0,62459c293440,3.10.12,Linux 6.8.0-136-generic (x86_64),11th Gen Intel(R) Core(TM) i7-11850H @ 2.50GHz,16,wardn-thinkpad,"{""cuda-planning"": ""not-installed"", ""jupyddl"": ""2.3.0"", ""matplotlib"": ""3.10.9"", ""numpy"": ""2.2.6"", ""openplan-bench"": ""0.1.0"", ""pymapf"": ""0.8.0""}",2
mapf-scaling,mapf,cuplan,random_obstacles/24x24/n24/d0.15,random_obstacles/d0.15,prioritized,,cpu,"{""backend"": ""cpu""}",4,0,20.0,3072,not-installed,False,False,0.0,,,,,,,,,,cuplan is not importable (ModuleNotFoundError: No module named 'cuplan'). Install with: pip install 'cuda-planning @ git+https://github.com/openplan-labs/cuda-planning',2026-08-20T21:56:13+00:00,0.1.0,62459c293440,3.10.12,Linux 6.8.0-136-generic (x86_64),11th Gen Intel(R) Core(TM) i7-11850H @ 2.50GHz,16,wardn-thinkpad,"{""cuda-planning"": ""not-installed"", ""jupyddl"": ""2.3.0"", ""matplotlib"": ""3.10.9"", ""numpy"": ""2.2.6"", ""openplan-bench"": ""0.1.0"", ""pymapf"": ""0.8.0""}",2
mapf-scaling,mapf,cuplan,random_obstacles/24x24/n24/d0.15,random_obstacles/d0.15,pibt,,cpu,"{""backend"": ""cpu""}",0,0,20.0,3072,not-installed,False,False,0.0,,,,,,,,,,cuplan is not importable (ModuleNotFoundError: No module named 'cuplan'). Install with: pip install 'cuda-planning @ git+https://github.com/openplan-labs/cuda-planning',2026-08-20T21:56:13+00:00,0.1.0,62459c293440,3.10.12,Linux 6.8.0-136-generic (x86_64),11th Gen Intel(R) Core(TM) i7-11850H @ 2.50GHz,16,wardn-thinkpad,"{""cuda-planning"": ""not-installed"", ""jupyddl"": ""2.3.0"", ""matplotlib"": ""3.10.9"", ""numpy"": ""2.2.6"", ""openplan-bench"": ""0.1.0"", ""pymapf"": ""0.8.0""}",2
mapf-scaling,mapf,cuplan,random_obstacles/24x24/n24/d0.15,random_obstacles/d0.15,pibt,,cpu,"{""backend"": ""cpu""}",1,0,20.0,3072,not-installed,False,False,0.0,,,,,,,,,,cuplan is not importable (ModuleNotFoundError: No module named 'cuplan'). Install with: pip install 'cuda-planning @ git+https://github.com/openplan-labs/cuda-planning',2026-08-20T21:56:13+00:00,0.1.0,62459c293440,3.10.12,Linux 6.8.0-136-generic (x86_64),11th Gen Intel(R) Core(TM) i7-11850H @ 2.50GHz,16,wardn-thinkpad,"{""cuda-planning"": ""not-installed"", ""jupyddl"": ""2.3.0"", ""matplotlib"": ""3.10.9"", ""numpy"": ""2.2.6"", ""openplan-bench"": ""0.1.0"", ""pymapf"": ""0.8.0""}",2
mapf-scaling,mapf,cuplan,random_obstacles/24x24/n24/d0.15,random_obstacles/d0.15,pibt,,cpu,"{""backend"": ""cpu""}",2,0,20.0,3072,not-installed,False,False,0.0,,,,,,,,,,cuplan is not importable (ModuleNotFoundError: No module named 'cuplan'). Install with: pip install 'cuda-planning @ git+https://github.com/openplan-labs/cuda-planning',2026-08-20T21:56:13+00:00,0.1.0,62459c293440,3.10.12,Linux 6.8.0-136-generic (x86_64),11th Gen Intel(R) Core(TM) i7-11850H @ 2.50GHz,16,wardn-thinkpad,"{""cuda-planning"": ""not-installed"", ""jupyddl"": ""2.3.0"", ""matplotlib"": ""3.10.9"", ""numpy"": ""2.2.6"", ""openplan-bench"": ""0.1.0"", ""pymapf"": ""0.8.0""}",2
mapf-scaling,mapf,cuplan,random_obstacles/24x24/n24/d0.15,random_obstacles/d0.15,pibt,,cpu,"{""backend"": ""cpu""}",3,0,20.0,3072,not-installed,False,False,0.0,,,,,,,,,,cuplan is not importable (ModuleNotFoundError: No module named 'cuplan'). Install with: pip install 'cuda-planning @ git+https://github.com/openplan-labs/cuda-planning',2026-08-20T21:56:13+00:00,0.1.0,62459c293440,3.10.12,Linux 6.8.0-136-generic (x86_64),11th Gen Intel(R) Core(TM) i7-11850H @ 2.50GHz,16,wardn-thinkpad,"{""cuda-planning"": ""not-installed"", ""jupyddl"": ""2.3.0"", ""matplotlib"": ""3.10.9"", ""numpy"": ""2.2.6"", ""openplan-bench"": ""0.1.0"", ""pymapf"": ""0.8.0""}",2
mapf-scaling,mapf,cuplan,random_obstacles/24x24/n24/d0.15,random_obstacles/d0.15,pibt,,cpu,"{""backend"": ""cpu""}",4,0,20.0,3072,not-installed,False,False,0.0,,,,,,,,,,cuplan is not importable (ModuleNotFoundError: No module named 'cuplan'). Install with: pip install 'cuda-planning @ git+https://github.com/openplan-labs/cuda-planning',2026-08-20T21:56:13+00:00,0.1.0,62459c293440,3.10.12,Linux 6.8.0-136-generic (x86_64),11th Gen Intel(R) Core(TM) i7-11850H @ 2.50GHz,16,wardn-thinkpad,"{""cuda-planning"": ""not-installed"", ""jupyddl"": ""2.3.0"", ""matplotlib"": ""3.10.9"", ""numpy"": ""2.2.6"", ""openplan-bench"": ""0.1.0"", ""pymapf"": ""0.8.0""}",2
mapf-scaling,mapf,cuplan,random_obstacles/24x24/n24/d0.15,random_obstacles/d0.15,pibt,,cuda,"{""backend"": ""cuda""}",0,0,20.0,3072,not-installed,False,False,0.0,,,,,,,,,,cuplan is not importable (ModuleNotFoundError: No module named 'cuplan'). Install with: pip install 'cuda-planning @ git+https://github.com/openplan-labs/cuda-planning',2026-08-20T21:56:13+00:00,0.1.0,62459c293440,3.10.12,Linux 6.8.0-136-generic (x86_64),11th Gen Intel(R) Core(TM) i7-11850H @ 2.50GHz,16,wardn-thinkpad,"{""cuda-planning"": ""not-installed"", ""jupyddl"": ""2.3.0"", ""matplotlib"": ""3.10.9"", ""numpy"": ""2.2.6"", ""openplan-bench"": ""0.1.0"", ""pymapf"": ""0.8.0""}",2
mapf-scaling,mapf,cuplan,random_obstacles/24x24/n24/d0.15,random_obstacles/d0.15,pibt,,cuda,"{""backend"": ""cuda""}",1,0,20.0,3072,not-installed,False,False,0.0,,,,,,,,,,cuplan is not importable (ModuleNotFoundError: No module named 'cuplan'). Install with: pip install 'cuda-planning @ git+https://github.com/openplan-labs/cuda-planning',2026-08-20T21:56:13+00:00,0.1.0,62459c293440,3.10.12,Linux 6.8.0-136-generic (x86_64),11th Gen Intel(R) Core(TM) i7-11850H @ 2.50GHz,16,wardn-thinkpad,"{""cuda-planning"": ""not-installed"", ""jupyddl"": ""2.3.0"", ""matplotlib"": ""3.10.9"", ""numpy"": ""2.2.6"", ""openplan-bench"": ""0.1.0"", ""pymapf"": ""0.8.0""}",2
mapf-scaling,mapf,cuplan,random_obstacles/24x24/n24/d0.15,random_obstacles/d0.15,pibt,,cuda,"{""backend"": ""cuda""}",2,0,20.0,3072,not-installed,False,False,0.0,,,,,,,,,,cuplan is not importable (ModuleNotFoundError: No module named 'cuplan'). Install with: pip install 'cuda-planning @ git+https://github.com/openplan-labs/cuda-planning',2026-08-20T21:56:13+00:00,0.1.0,62459c293440,3.10.12,Linux 6.8.0-136-generic (x86_64),11th Gen Intel(R) Core(TM) i7-11850H @ 2.50GHz,16,wardn-thinkpad,"{""cuda-planning"": ""not-installed"", ""jupyddl"": ""2.3.0"", ""matplotlib"": ""3.10.9"", ""numpy"": ""2.2.6"", ""openplan-bench"": ""0.1.0"", ""pymapf"": ""0.8.0""}",2
mapf-scaling,mapf,cuplan,random_obstacles/24x24/n24/d0.15,random_obstacles/d0.15,pibt,,cuda,"{""backend"": ""cuda""}",3,0,20.0,3072,not-installed,False,False,0.0,,,,,,,,,,cuplan is not importable (ModuleNotFoundError: No module named 'cuplan'). Install with: pip install 'cuda-planning @ git+https://github.com/openplan-labs/cuda-planning',2026-08-20T21:56:13+00:00,0.1.0,62459c293440,3.10.12,Linux 6.8.0-136-generic (x86_64),11th Gen Intel(R) Core(TM) i7-11850H @ 2.50GHz,16,wardn-thinkpad,"{""cuda-planning"": ""not-installed"", ""jupyddl"": ""2.3.0"", ""matplotlib"": ""3.10.9"", ""numpy"": ""2.2.6"", ""openplan-bench"": ""0.1.0"", ""pymapf"": ""0.8.0""}",2
mapf-scaling,mapf,cuplan,random_obstacles/24x24/n24/d0.15,random_obstacles/d0.15,pibt,,cuda,"{""backend"": ""cuda""}",4,0,20.0,3072,not-installed,False,False,0.0,,,,,,,,,,cuplan is not importable (ModuleNotFoundError: No module named 'cuplan'). Install with: pip install 'cuda-planning @ git+https://github.com/openplan-labs/cuda-planning',2026-08-20T21:56:13+00:00,0.1.0,62459c293440,3.10.12,Linux 6.8.0-136-generic (x86_64),11th Gen Intel(R) Core(TM) i7-11850H @ 2.50GHz,16,wardn-thinkpad,"{""cuda-planning"": ""not-installed"", ""jupyddl"": ""2.3.0"", ""matplotlib"": ""3.10.9"", ""numpy"": ""2.2.6"", ""openplan-bench"": ""0.1.0"", ""pymapf"": ""0.8.0""}",2
mapf-scaling,mapf,cuplan,random_obstacles/24x24/n32/d0.15,random_obstacles/d0.15,prioritized,,cpu,"{""backend"": ""cpu""}",0,0,20.0,3072,not-installed,False,False,0.0,,,,,,,,,,cuplan is not importable (ModuleNotFoundError: No module named 'cuplan'). Install with: pip install 'cuda-planning @ git+https://github.com/openplan-labs/cuda-planning',2026-08-20T21:56:13+00:00,0.1.0,62459c293440,3.10.12,Linux 6.8.0-136-generic (x86_64),11th Gen Intel(R) Core(TM) i7-11850H @ 2.50GHz,16,wardn-thinkpad,"{""cuda-planning"": ""not-installed"", ""jupyddl"": ""2.3.0"", ""matplotlib"": ""3.10.9"", ""numpy"": ""2.2.6"", ""openplan-bench"": ""0.1.0"", ""pymapf"": ""0.8.0""}",2
mapf-scaling,mapf,cuplan,random_obstacles/24x24/n32/d0.15,random_obstacles/d0.15,prioritized,,cpu,"{""backend"": ""cpu""}",1,0,20.0,3072,not-installed,False,False,0.0,,,,,,,,,,cuplan is not importable (ModuleNotFoundError: No module named 'cuplan'). Install with: pip install 'cuda-planning @ git+https://github.com/openplan-labs/cuda-planning',2026-08-20T21:56:13+00:00,0.1.0,62459c293440,3.10.12,Linux 6.8.0-136-generic (x86_64),11th Gen Intel(R) Core(TM) i7-11850H @ 2.50GHz,16,wardn-thinkpad,"{""cuda-planning"": ""not-installed"", ""jupyddl"": ""2.3.0"", ""matplotlib"": ""3.10.9"", ""numpy"": ""2.2.6"", ""openplan-bench"": ""0.1.0"", ""pymapf"": ""0.8.0""}",2
mapf-scaling,mapf,cuplan,random_obstacles/24x24/n32/d0.15,random_obstacles/d0.15,prioritized,,cpu,"{""backend"": ""cpu""}",2,0,20.0,3072,not-installed,False,False,0.0,,,,,,,,,,cuplan is not importable (ModuleNotFoundError: No module named 'cuplan'). Install with: pip install 'cuda-planning @ git+https://github.com/openplan-labs/cuda-planning',2026-08-20T21:56:13+00:00,0.1.0,62459c293440,3.10.12,Linux 6.8.0-136-generic (x86_64),11th Gen Intel(R) Core(TM) i7-11850H @ 2.50GHz,16,wardn-thinkpad,"{""cuda-planning"": ""not-installed"", ""jupyddl"": ""2.3.0"", ""matplotlib"": ""3.10.9"", ""numpy"": ""2.2.6"", ""openplan-bench"": ""0.1.0"", ""pymapf"": ""0.8.0""}",2
mapf-scaling,mapf,cuplan,random_obstacles/24x24/n32/d0.15,random_obstacles/d0.15,prioritized,,cpu,"{""backend"": ""cpu""}",3,0,20.0,3072,not-installed,False,False,0.0,,,,,,,,,,cuplan is not importable (ModuleNotFoundError: No module named 'cuplan'). Install with: pip install 'cuda-planning @ git+https://github.com/openplan-labs/cuda-planning',2026-08-20T21:56:13+00:00,0.1.0,62459c293440,3.10.12,Linux 6.8.0-136-generic (x86_64),11th Gen Intel(R) Core(TM) i7-11850H @ 2.50GHz,16,wardn-thinkpad,"{""cuda-planning"": ""not-installed"", ""jupyddl"": ""2.3.0"", ""matplotlib"": ""3.10.9"", ""numpy"": ""2.2.6"", ""openplan-bench"": ""0.1.0"", ""pymapf"": ""0.8.0""}",2
mapf-scaling,mapf,cuplan,random_obstacles/24x24/n32/d0.15,random_obstacles/d0.15,prioritized,,cpu,"{""backend"": ""cpu""}",4,0,20.0,3072,not-installed,False,False,0.0,,,,,,,,,,cuplan is not importable (ModuleNotFoundError: No module named 'cuplan'). Install with: pip install 'cuda-planning @ git+https://github.com/openplan-labs/cuda-planning',2026-08-20T21:56:13+00:00,0.1.0,62459c293440,3.10.12,Linux 6.8.0-136-generic (x86_64),11th Gen Intel(R) Core(TM) i7-11850H @ 2.50GHz,16,wardn-thinkpad,"{""cuda-planning"": ""not-installed"", ""jupyddl"": ""2.3.0"", ""matplotlib"": ""3.10.9"", ""numpy"": ""2.2.6"", ""openplan-bench"": ""0.1.0"", ""pymapf"": ""0.8.0""}",2
mapf-scaling,mapf,cuplan,random_obstacles/24x24/n32/d0.15,random_obstacles/d0.15,pibt,,cpu,"{""backend"": ""cpu""}",0,0,20.0,3072,not-installed,False,False,0.0,,,,,,,,,,cuplan is not importable (ModuleNotFoundError: No module named 'cuplan'). Install with: pip install 'cuda-planning @ git+https://github.com/openplan-labs/cuda-planning',2026-08-20T21:56:13+00:00,0.1.0,62459c293440,3.10.12,Linux 6.8.0-136-generic (x86_64),11th Gen Intel(R) Core(TM) i7-11850H @ 2.50GHz,16,wardn-thinkpad,"{""cuda-planning"": ""not-installed"", ""jupyddl"": ""2.3.0"", ""matplotlib"": ""3.10.9"", ""numpy"": ""2.2.6"", ""openplan-bench"": ""0.1.0"", ""pymapf"": ""0.8.0""}",2
mapf-scaling,mapf,cuplan,random_obstacles/24x24/n32/d0.15,random_obstacles/d0.15,pibt,,cpu,"{""backend"": ""cpu""}",1,0,20.0,3072,not-installed,False,False,0.0,,,,,,,,,,cuplan is not importable (ModuleNotFoundError: No module named 'cuplan'). Install with: pip install 'cuda-planning @ git+https://github.com/openplan-labs/cuda-planning',2026-08-20T21:56:13+00:00,0.1.0,62459c293440,3.10.12,Linux 6.8.0-136-generic (x86_64),11th Gen Intel(R) Core(TM) i7-11850H @ 2.50GHz,16,wardn-thinkpad,"{""cuda-planning"": ""not-installed"", ""jupyddl"": ""2.3.0"", ""matplotlib"": ""3.10.9"", ""numpy"": ""2.2.6"", ""openplan-bench"": ""0.1.0"", ""pymapf"": ""0.8.0""}",2
mapf-scaling,mapf,cuplan,random_obstacles/24x24/n32/d0.15,random_obstacles/d0.15,pibt,,cpu,"{""backend"": ""cpu""}",2,0,20.0,3072,not-installed,False,False,0.0,,,,,,,,,,cuplan is not importable (ModuleNotFoundError: No module named 'cuplan'). Install with: pip install 'cuda-planning @ git+https://github.com/openplan-labs/cuda-planning',2026-08-20T21:56:13+00:00,0.1.0,62459c293440,3.10.12,Linux 6.8.0-136-generic (x86_64),11th Gen Intel(R) Core(TM) i7-11850H @ 2.50GHz,16,wardn-thinkpad,"{""cuda-planning"": ""not-installed"", ""jupyddl"": ""2.3.0"", ""matplotlib"": ""3.10.9"", ""numpy"": ""2.2.6"", ""openplan-bench"": ""0.1.0"", ""pymapf"": ""0.8.0""}",2
mapf-scaling,mapf,cuplan,random_obstacles/24x24/n32/d0.15,random_obstacles/d0.15,pibt,,cpu,"{""backend"": ""cpu""}",3,0,20.0,3072,not-installed,False,False,0.0,,,,,,,,,,cuplan is not importable (ModuleNotFoundError: No module named 'cuplan'). Install with: pip install 'cuda-planning @ git+https://github.com/openplan-labs/cuda-planning',2026-08-20T21:56:13+00:00,0.1.0,62459c293440,3.10.12,Linux 6.8.0-136-generic (x86_64),11th Gen Intel(R) Core(TM) i7-11850H @ 2.50GHz,16,wardn-thinkpad,"{""cuda-planning"": ""not-installed"", ""jupyddl"": ""2.3.0"", ""matplotlib"": ""3.10.9"", ""numpy"": ""2.2.6"", ""openplan-bench"": ""0.1.0"", ""pymapf"": ""0.8.0""}",2
mapf-scaling,mapf,cuplan,random_obstacles/24x24/n32/d0.15,random_obstacles/d0.15,pibt,,cpu,"{""backend"": ""cpu""}",4,0,20.0,3072,not-installed,False,False,0.0,,,,,,,,,,cuplan is not importable (ModuleNotFoundError: No module named 'cuplan'). Install with: pip install 'cuda-planning @ git+https://github.com/openplan-labs/cuda-planning',2026-08-20T21:56:13+00:00,0.1.0,62459c293440,3.10.12,Linux 6.8.0-136-generic (x86_64),11th Gen Intel(R) Core(TM) i7-11850H @ 2.50GHz,16,wardn-thinkpad,"{""cuda-planning"": ""not-installed"", ""jupyddl"": ""2.3.0"", ""matplotlib"": ""3.10.9"", ""numpy"": ""2.2.6"", ""openplan-bench"": ""0.1.0"", ""pymapf"": ""0.8.0""}",2
mapf-scaling,mapf,cuplan,random_obstacles/24x24/n32/d0.15,random_obstacles/d0.15,pibt,,cuda,"{""backend"": ""cuda""}",0,0,20.0,3072,not-installed,False,False,0.0,,,,,,,,,,cuplan is not importable (ModuleNotFoundError: No module named 'cuplan'). Install with: pip install 'cuda-planning @ git+https://github.com/openplan-labs/cuda-planning',2026-08-20T21:56:13+00:00,0.1.0,62459c293440,3.10.12,Linux 6.8.0-136-generic (x86_64),11th Gen Intel(R) Core(TM) i7-11850H @ 2.50GHz,16,wardn-thinkpad,"{""cuda-planning"": ""not-installed"", ""jupyddl"": ""2.3.0"", ""matplotlib"": ""3.10.9"", ""numpy"": ""2.2.6"", ""openplan-bench"": ""0.1.0"", ""pymapf"": ""0.8.0""}",2
mapf-scaling,mapf,cuplan,random_obstacles/24x24/n32/d0.15,random_obstacles/d0.15,pibt,,cuda,"{""backend"": ""cuda""}",1,0,20.0,3072,not-installed,False,False,0.0,,,,,,,,,,cuplan is not importable (ModuleNotFoundError: No module named 'cuplan'). Install with: pip install 'cuda-planning @ git+https://github.com/openplan-labs/cuda-planning',2026-08-20T21:56:13+00:00,0.1.0,62459c293440,3.10.12,Linux 6.8.0-136-generic (x86_64),11th Gen Intel(R) Core(TM) i7-11850H @ 2.50GHz,16,wardn-thinkpad,"{""cuda-planning"": ""not-installed"", ""jupyddl"": ""2.3.0"", ""matplotlib"": ""3.10.9"", ""numpy"": ""2.2.6"", ""openplan-bench"": ""0.1.0"", ""pymapf"": ""0.8.0""}",2
mapf-scaling,mapf,cuplan,random_obstacles/24x24/n32/d0.15,random_obstacles/d0.15,pibt,,cuda,"{""backend"": ""cuda""}",2,0,20.0,3072,not-installed,False,False,0.0,,,,,,,,,,cuplan is not importable (ModuleNotFoundError: No module named 'cuplan'). Install with: pip install 'cuda-planning @ git+https://github.com/openplan-labs/cuda-planning',2026-08-20T21:56:13+00:00,0.1.0,62459c293440,3.10.12,Linux 6.8.0-136-generic (x86_64),11th Gen Intel(R) Core(TM) i7-11850H @ 2.50GHz,16,wardn-thinkpad,"{""cuda-planning"": ""not-installed"", ""jupyddl"": ""2.3.0"", ""matplotlib"": ""3.10.9"", ""numpy"": ""2.2.6"", ""openplan-bench"": ""0.1.0"", ""pymapf"": ""0.8.0""}",2
mapf-scaling,mapf,cuplan,random_obstacles/24x24/n32/d0.15,random_obstacles/d0.15,pibt,,cuda,"{""backend"": ""cuda""}",3,0,20.0,3072,not-installed,False,False,0.0,,,,,,,,,,cuplan is not importable (ModuleNotFoundError: No module named 'cuplan'). Install with: pip install 'cuda-planning @ git+https://github.com/openplan-labs/cuda-planning',2026-08-20T21:56:13+00:00,0.1.0,62459c293440,3.10.12,Linux 6.8.0-136-generic (x86_64),11th Gen Intel(R) Core(TM) i7-11850H @ 2.50GHz,16,wardn-thinkpad,"{""cuda-planning"": ""not-installed"", ""jupyddl"": ""2.3.0"", ""matplotlib"": ""3.10.9"", ""numpy"": ""2.2.6"", ""openplan-bench"": ""0.1.0"", ""pymapf"": ""0.8.0""}",2
mapf-scaling,mapf,cuplan,random_obstacles/24x24/n32/d0.15,random_obstacles/d0.15,pibt,,cuda,"{""backend"": ""cuda""}",4,0,20.0,3072,not-installed,False,False,0.0,,,,,,,,,,cuplan is not importable (ModuleNotFoundError: No module named 'cuplan'). Install with: pip install 'cuda-planning @ git+https://github.com/openplan-labs/cuda-planning',2026-08-20T21:56:13+00:00,0.1.0,62459c293440,3.10.12,Linux 6.8.0-136-generic (x86_64),11th Gen Intel(R) Core(TM) i7-11850H @ 2.50GHz,16,wardn-thinkpad,"{""cuda-planning"": ""not-installed"", ""jupyddl"": ""2.3.0"", ""matplotlib"": ""3.10.9"", ""numpy"": ""2.2.6"", ""openplan-bench"": ""0.1.0"", ""pymapf"": ""0.8.0""}",2
