suite,family,adapter,instance,instance_group,planner,heuristic,variant,config,seed,repetition,timeout_s,memory_limit_mb,outcome,solved,valid,wall_time_s,cost,plan_length,makespan,sum_of_costs,expanded,generated,evaluated,peak_rss_mb,error,note,timestamp_utc,harness_version,harness_sha,python_version,platform,cpu_model,cpu_count,hostname,package_versions,schema_version
mapf-scaling,mapf,pymapf,random_obstacles/16x16/n4/d0.15,random_obstacles/d0.15,cbs,,,,0,0,20.0,3072,solved,True,True,0.0020851149965892546,60.0,,21,60,1,,,18.82,,,2026-08-21T16:39:44+00:00,0.1.0,7c0b8e81ea92,3.10.12,Linux 6.8.0-136-generic (x86_64),11th Gen Intel(R) Core(TM) i7-11850H @ 2.50GHz,16,wardn-thinkpad,"{""cuda-planning"": ""not-installed"", ""jupyddl"": ""2.3.0"", ""matplotlib"": ""3.10.9"", ""numpy"": ""2.2.6"", ""openplan-bench"": ""0.1.0"", ""pymapf"": ""0.8.0""}",3
mapf-scaling,mapf,pymapf,random_obstacles/16x16/n4/d0.15,random_obstacles/d0.15,cbs,,,,1,0,20.0,3072,solved,True,True,0.0007988039942574687,38.0,,12,38,1,,,18.82,,,2026-08-21T16:39:44+00:00,0.1.0,7c0b8e81ea92,3.10.12,Linux 6.8.0-136-generic (x86_64),11th Gen Intel(R) Core(TM) i7-11850H @ 2.50GHz,16,wardn-thinkpad,"{""cuda-planning"": ""not-installed"", ""jupyddl"": ""2.3.0"", ""matplotlib"": ""3.10.9"", ""numpy"": ""2.2.6"", ""openplan-bench"": ""0.1.0"", ""pymapf"": ""0.8.0""}",3
mapf-scaling,mapf,pymapf,random_obstacles/16x16/n4/d0.15,random_obstacles/d0.15,cbs,,,,2,0,20.0,3072,solved,True,True,0.0008614069956820458,42.0,,15,42,1,,,18.82,,,2026-08-21T16:39:44+00:00,0.1.0,7c0b8e81ea92,3.10.12,Linux 6.8.0-136-generic (x86_64),11th Gen Intel(R) Core(TM) i7-11850H @ 2.50GHz,16,wardn-thinkpad,"{""cuda-planning"": ""not-installed"", ""jupyddl"": ""2.3.0"", ""matplotlib"": ""3.10.9"", ""numpy"": ""2.2.6"", ""openplan-bench"": ""0.1.0"", ""pymapf"": ""0.8.0""}",3
mapf-scaling,mapf,pymapf,random_obstacles/16x16/n4/d0.15,random_obstacles/d0.15,cbs,,,,3,0,20.0,3072,solved,True,True,0.0015551050018984824,33.0,,12,33,2,,,18.82,,,2026-08-21T16:39:44+00:00,0.1.0,7c0b8e81ea92,3.10.12,Linux 6.8.0-136-generic (x86_64),11th Gen Intel(R) Core(TM) i7-11850H @ 2.50GHz,16,wardn-thinkpad,"{""cuda-planning"": ""not-installed"", ""jupyddl"": ""2.3.0"", ""matplotlib"": ""3.10.9"", ""numpy"": ""2.2.6"", ""openplan-bench"": ""0.1.0"", ""pymapf"": ""0.8.0""}",3
mapf-scaling,mapf,pymapf,random_obstacles/16x16/n4/d0.15,random_obstacles/d0.15,cbs,,,,4,0,20.0,3072,solved,True,True,0.0013643179991049692,58.0,,20,58,1,,,18.82,,,2026-08-21T16:39:44+00:00,0.1.0,7c0b8e81ea92,3.10.12,Linux 6.8.0-136-generic (x86_64),11th Gen Intel(R) Core(TM) i7-11850H @ 2.50GHz,16,wardn-thinkpad,"{""cuda-planning"": ""not-installed"", ""jupyddl"": ""2.3.0"", ""matplotlib"": ""3.10.9"", ""numpy"": ""2.2.6"", ""openplan-bench"": ""0.1.0"", ""pymapf"": ""0.8.0""}",3
mapf-scaling,mapf,pymapf,random_obstacles/16x16/n4/d0.15,random_obstacles/d0.15,wcbs,,,"{""weight"": 1.5}",0,0,20.0,3072,solved,True,True,0.0035848710031132214,60.0,,21,60,1,,,18.82,,,2026-08-21T16:39:44+00:00,0.1.0,7c0b8e81ea92,3.10.12,Linux 6.8.0-136-generic (x86_64),11th Gen Intel(R) Core(TM) i7-11850H @ 2.50GHz,16,wardn-thinkpad,"{""cuda-planning"": ""not-installed"", ""jupyddl"": ""2.3.0"", ""matplotlib"": ""3.10.9"", ""numpy"": ""2.2.6"", ""openplan-bench"": ""0.1.0"", ""pymapf"": ""0.8.0""}",3
mapf-scaling,mapf,pymapf,random_obstacles/16x16/n4/d0.15,random_obstacles/d0.15,wcbs,,,"{""weight"": 1.5}",1,0,20.0,3072,solved,True,True,0.0007832289993530139,38.0,,12,38,1,,,18.82,,,2026-08-21T16:39:44+00:00,0.1.0,7c0b8e81ea92,3.10.12,Linux 6.8.0-136-generic (x86_64),11th Gen Intel(R) Core(TM) i7-11850H @ 2.50GHz,16,wardn-thinkpad,"{""cuda-planning"": ""not-installed"", ""jupyddl"": ""2.3.0"", ""matplotlib"": ""3.10.9"", ""numpy"": ""2.2.6"", ""openplan-bench"": ""0.1.0"", ""pymapf"": ""0.8.0""}",3
mapf-scaling,mapf,pymapf,random_obstacles/16x16/n4/d0.15,random_obstacles/d0.15,wcbs,,,"{""weight"": 1.5}",2,0,20.0,3072,solved,True,True,0.0008216049973270856,42.0,,15,42,1,,,18.82,,,2026-08-21T16:39:44+00:00,0.1.0,7c0b8e81ea92,3.10.12,Linux 6.8.0-136-generic (x86_64),11th Gen Intel(R) Core(TM) i7-11850H @ 2.50GHz,16,wardn-thinkpad,"{""cuda-planning"": ""not-installed"", ""jupyddl"": ""2.3.0"", ""matplotlib"": ""3.10.9"", ""numpy"": ""2.2.6"", ""openplan-bench"": ""0.1.0"", ""pymapf"": ""0.8.0""}",3
mapf-scaling,mapf,pymapf,random_obstacles/16x16/n4/d0.15,random_obstacles/d0.15,wcbs,,,"{""weight"": 1.5}",3,0,20.0,3072,solved,True,True,0.0014957320017856546,33.0,,12,33,2,,,18.82,,,2026-08-21T16:39:44+00:00,0.1.0,7c0b8e81ea92,3.10.12,Linux 6.8.0-136-generic (x86_64),11th Gen Intel(R) Core(TM) i7-11850H @ 2.50GHz,16,wardn-thinkpad,"{""cuda-planning"": ""not-installed"", ""jupyddl"": ""2.3.0"", ""matplotlib"": ""3.10.9"", ""numpy"": ""2.2.6"", ""openplan-bench"": ""0.1.0"", ""pymapf"": ""0.8.0""}",3
mapf-scaling,mapf,pymapf,random_obstacles/16x16/n4/d0.15,random_obstacles/d0.15,wcbs,,,"{""weight"": 1.5}",4,0,20.0,3072,solved,True,True,0.001315936002356466,58.0,,20,58,1,,,18.82,,,2026-08-21T16:39:44+00:00,0.1.0,7c0b8e81ea92,3.10.12,Linux 6.8.0-136-generic (x86_64),11th Gen Intel(R) Core(TM) i7-11850H @ 2.50GHz,16,wardn-thinkpad,"{""cuda-planning"": ""not-installed"", ""jupyddl"": ""2.3.0"", ""matplotlib"": ""3.10.9"", ""numpy"": ""2.2.6"", ""openplan-bench"": ""0.1.0"", ""pymapf"": ""0.8.0""}",3
mapf-scaling,mapf,pymapf,random_obstacles/16x16/n4/d0.15,random_obstacles/d0.15,prioritized,,,,0,0,20.0,3072,solved,True,True,0.001907252000819426,60.0,,21,60,4,,,18.82,,,2026-08-21T16:39:44+00:00,0.1.0,7c0b8e81ea92,3.10.12,Linux 6.8.0-136-generic (x86_64),11th Gen Intel(R) Core(TM) i7-11850H @ 2.50GHz,16,wardn-thinkpad,"{""cuda-planning"": ""not-installed"", ""jupyddl"": ""2.3.0"", ""matplotlib"": ""3.10.9"", ""numpy"": ""2.2.6"", ""openplan-bench"": ""0.1.0"", ""pymapf"": ""0.8.0""}",3
mapf-scaling,mapf,pymapf,random_obstacles/16x16/n4/d0.15,random_obstacles/d0.15,prioritized,,,,1,0,20.0,3072,solved,True,True,0.0009981920011341572,38.0,,12,38,4,,,18.82,,,2026-08-21T16:39:44+00:00,0.1.0,7c0b8e81ea92,3.10.12,Linux 6.8.0-136-generic (x86_64),11th Gen Intel(R) Core(TM) i7-11850H @ 2.50GHz,16,wardn-thinkpad,"{""cuda-planning"": ""not-installed"", ""jupyddl"": ""2.3.0"", ""matplotlib"": ""3.10.9"", ""numpy"": ""2.2.6"", ""openplan-bench"": ""0.1.0"", ""pymapf"": ""0.8.0""}",3
mapf-scaling,mapf,pymapf,random_obstacles/16x16/n4/d0.15,random_obstacles/d0.15,prioritized,,,,2,0,20.0,3072,solved,True,True,0.0010260420021950267,42.0,,15,42,4,,,18.82,,,2026-08-21T16:39:44+00:00,0.1.0,7c0b8e81ea92,3.10.12,Linux 6.8.0-136-generic (x86_64),11th Gen Intel(R) Core(TM) i7-11850H @ 2.50GHz,16,wardn-thinkpad,"{""cuda-planning"": ""not-installed"", ""jupyddl"": ""2.3.0"", ""matplotlib"": ""3.10.9"", ""numpy"": ""2.2.6"", ""openplan-bench"": ""0.1.0"", ""pymapf"": ""0.8.0""}",3
mapf-scaling,mapf,pymapf,random_obstacles/16x16/n4/d0.15,random_obstacles/d0.15,prioritized,,,,3,0,20.0,3072,solved,True,True,0.001309981002123095,35.0,,12,35,4,,,18.82,,,2026-08-21T16:39:44+00:00,0.1.0,7c0b8e81ea92,3.10.12,Linux 6.8.0-136-generic (x86_64),11th Gen Intel(R) Core(TM) i7-11850H @ 2.50GHz,16,wardn-thinkpad,"{""cuda-planning"": ""not-installed"", ""jupyddl"": ""2.3.0"", ""matplotlib"": ""3.10.9"", ""numpy"": ""2.2.6"", ""openplan-bench"": ""0.1.0"", ""pymapf"": ""0.8.0""}",3
mapf-scaling,mapf,pymapf,random_obstacles/16x16/n4/d0.15,random_obstacles/d0.15,prioritized,,,,4,0,20.0,3072,solved,True,True,0.0015007769980002195,58.0,,20,58,4,,,18.82,,,2026-08-21T16:39:44+00:00,0.1.0,7c0b8e81ea92,3.10.12,Linux 6.8.0-136-generic (x86_64),11th Gen Intel(R) Core(TM) i7-11850H @ 2.50GHz,16,wardn-thinkpad,"{""cuda-planning"": ""not-installed"", ""jupyddl"": ""2.3.0"", ""matplotlib"": ""3.10.9"", ""numpy"": ""2.2.6"", ""openplan-bench"": ""0.1.0"", ""pymapf"": ""0.8.0""}",3
mapf-scaling,mapf,pymapf,random_obstacles/16x16/n4/d0.15,random_obstacles/d0.15,pibt,,,,0,0,20.0,3072,solved,True,True,0.0023136739982874133,65.0,,21,65,21,,,18.82,,,2026-08-21T16:39:44+00:00,0.1.0,7c0b8e81ea92,3.10.12,Linux 6.8.0-136-generic (x86_64),11th Gen Intel(R) Core(TM) i7-11850H @ 2.50GHz,16,wardn-thinkpad,"{""cuda-planning"": ""not-installed"", ""jupyddl"": ""2.3.0"", ""matplotlib"": ""3.10.9"", ""numpy"": ""2.2.6"", ""openplan-bench"": ""0.1.0"", ""pymapf"": ""0.8.0""}",3
mapf-scaling,mapf,pymapf,random_obstacles/16x16/n4/d0.15,random_obstacles/d0.15,pibt,,,,1,0,20.0,3072,solved,True,True,0.00191759299923433,38.0,,12,38,12,,,18.82,,,2026-08-21T16:39:44+00:00,0.1.0,7c0b8e81ea92,3.10.12,Linux 6.8.0-136-generic (x86_64),11th Gen Intel(R) Core(TM) i7-11850H @ 2.50GHz,16,wardn-thinkpad,"{""cuda-planning"": ""not-installed"", ""jupyddl"": ""2.3.0"", ""matplotlib"": ""3.10.9"", ""numpy"": ""2.2.6"", ""openplan-bench"": ""0.1.0"", ""pymapf"": ""0.8.0""}",3
mapf-scaling,mapf,pymapf,random_obstacles/16x16/n4/d0.15,random_obstacles/d0.15,pibt,,,,2,0,20.0,3072,solved,True,True,0.0019484950025798753,44.0,,16,44,16,,,18.82,,,2026-08-21T16:39:44+00:00,0.1.0,7c0b8e81ea92,3.10.12,Linux 6.8.0-136-generic (x86_64),11th Gen Intel(R) Core(TM) i7-11850H @ 2.50GHz,16,wardn-thinkpad,"{""cuda-planning"": ""not-installed"", ""jupyddl"": ""2.3.0"", ""matplotlib"": ""3.10.9"", ""numpy"": ""2.2.6"", ""openplan-bench"": ""0.1.0"", ""pymapf"": ""0.8.0""}",3
mapf-scaling,mapf,pymapf,random_obstacles/16x16/n4/d0.15,random_obstacles/d0.15,pibt,,,,3,0,20.0,3072,solved,True,True,0.0019359790021553636,35.0,,12,35,12,,,18.82,,,2026-08-21T16:39:44+00:00,0.1.0,7c0b8e81ea92,3.10.12,Linux 6.8.0-136-generic (x86_64),11th Gen Intel(R) Core(TM) i7-11850H @ 2.50GHz,16,wardn-thinkpad,"{""cuda-planning"": ""not-installed"", ""jupyddl"": ""2.3.0"", ""matplotlib"": ""3.10.9"", ""numpy"": ""2.2.6"", ""openplan-bench"": ""0.1.0"", ""pymapf"": ""0.8.0""}",3
mapf-scaling,mapf,pymapf,random_obstacles/16x16/n4/d0.15,random_obstacles/d0.15,pibt,,,,4,0,20.0,3072,solved,True,True,0.002116739000484813,66.0,,23,66,23,,,18.82,,,2026-08-21T16:39:44+00:00,0.1.0,7c0b8e81ea92,3.10.12,Linux 6.8.0-136-generic (x86_64),11th Gen Intel(R) Core(TM) i7-11850H @ 2.50GHz,16,wardn-thinkpad,"{""cuda-planning"": ""not-installed"", ""jupyddl"": ""2.3.0"", ""matplotlib"": ""3.10.9"", ""numpy"": ""2.2.6"", ""openplan-bench"": ""0.1.0"", ""pymapf"": ""0.8.0""}",3
mapf-scaling,mapf,pymapf,random_obstacles/16x16/n4/d0.15,random_obstacles/d0.15,lacam,,,,0,0,20.0,3072,solved,True,True,0.0026011610025307164,65.0,,21,65,21,,,18.82,,,2026-08-21T16:39:44+00:00,0.1.0,7c0b8e81ea92,3.10.12,Linux 6.8.0-136-generic (x86_64),11th Gen Intel(R) Core(TM) i7-11850H @ 2.50GHz,16,wardn-thinkpad,"{""cuda-planning"": ""not-installed"", ""jupyddl"": ""2.3.0"", ""matplotlib"": ""3.10.9"", ""numpy"": ""2.2.6"", ""openplan-bench"": ""0.1.0"", ""pymapf"": ""0.8.0""}",3
mapf-scaling,mapf,pymapf,random_obstacles/16x16/n4/d0.15,random_obstacles/d0.15,lacam,,,,1,0,20.0,3072,solved,True,True,0.0021038370032329112,38.0,,12,38,12,,,18.82,,,2026-08-21T16:39:44+00:00,0.1.0,7c0b8e81ea92,3.10.12,Linux 6.8.0-136-generic (x86_64),11th Gen Intel(R) Core(TM) i7-11850H @ 2.50GHz,16,wardn-thinkpad,"{""cuda-planning"": ""not-installed"", ""jupyddl"": ""2.3.0"", ""matplotlib"": ""3.10.9"", ""numpy"": ""2.2.6"", ""openplan-bench"": ""0.1.0"", ""pymapf"": ""0.8.0""}",3
mapf-scaling,mapf,pymapf,random_obstacles/16x16/n4/d0.15,random_obstacles/d0.15,lacam,,,,2,0,20.0,3072,solved,True,True,0.0022051049963920377,44.0,,16,44,16,,,18.82,,,2026-08-21T16:39:44+00:00,0.1.0,7c0b8e81ea92,3.10.12,Linux 6.8.0-136-generic (x86_64),11th Gen Intel(R) Core(TM) i7-11850H @ 2.50GHz,16,wardn-thinkpad,"{""cuda-planning"": ""not-installed"", ""jupyddl"": ""2.3.0"", ""matplotlib"": ""3.10.9"", ""numpy"": ""2.2.6"", ""openplan-bench"": ""0.1.0"", ""pymapf"": ""0.8.0""}",3
mapf-scaling,mapf,pymapf,random_obstacles/16x16/n4/d0.15,random_obstacles/d0.15,lacam,,,,3,0,20.0,3072,solved,True,True,0.0021308049981598742,35.0,,12,35,12,,,18.82,,,2026-08-21T16:39:44+00:00,0.1.0,7c0b8e81ea92,3.10.12,Linux 6.8.0-136-generic (x86_64),11th Gen Intel(R) Core(TM) i7-11850H @ 2.50GHz,16,wardn-thinkpad,"{""cuda-planning"": ""not-installed"", ""jupyddl"": ""2.3.0"", ""matplotlib"": ""3.10.9"", ""numpy"": ""2.2.6"", ""openplan-bench"": ""0.1.0"", ""pymapf"": ""0.8.0""}",3
mapf-scaling,mapf,pymapf,random_obstacles/16x16/n4/d0.15,random_obstacles/d0.15,lacam,,,,4,0,20.0,3072,solved,True,True,0.0026063450059155002,66.0,,23,66,23,,,18.82,,,2026-08-21T16:39:44+00:00,0.1.0,7c0b8e81ea92,3.10.12,Linux 6.8.0-136-generic (x86_64),11th Gen Intel(R) Core(TM) i7-11850H @ 2.50GHz,16,wardn-thinkpad,"{""cuda-planning"": ""not-installed"", ""jupyddl"": ""2.3.0"", ""matplotlib"": ""3.10.9"", ""numpy"": ""2.2.6"", ""openplan-bench"": ""0.1.0"", ""pymapf"": ""0.8.0""}",3
mapf-scaling,mapf,pymapf,random_obstacles/16x16/n8/d0.15,random_obstacles/d0.15,cbs,,,,0,0,20.0,3072,solved,True,True,0.0059080139981233515,98.0,,19,98,5,,,18.82,,,2026-08-21T16:39:44+00:00,0.1.0,7c0b8e81ea92,3.10.12,Linux 6.8.0-136-generic (x86_64),11th Gen Intel(R) Core(TM) i7-11850H @ 2.50GHz,16,wardn-thinkpad,"{""cuda-planning"": ""not-installed"", ""jupyddl"": ""2.3.0"", ""matplotlib"": ""3.10.9"", ""numpy"": ""2.2.6"", ""openplan-bench"": ""0.1.0"", ""pymapf"": ""0.8.0""}",3
mapf-scaling,mapf,pymapf,random_obstacles/16x16/n8/d0.15,random_obstacles/d0.15,cbs,,,,1,0,20.0,3072,solved,True,True,0.0020887469945591874,64.0,,14,64,2,,,18.82,,,2026-08-21T16:39:44+00:00,0.1.0,7c0b8e81ea92,3.10.12,Linux 6.8.0-136-generic (x86_64),11th Gen Intel(R) Core(TM) i7-11850H @ 2.50GHz,16,wardn-thinkpad,"{""cuda-planning"": ""not-installed"", ""jupyddl"": ""2.3.0"", ""matplotlib"": ""3.10.9"", ""numpy"": ""2.2.6"", ""openplan-bench"": ""0.1.0"", ""pymapf"": ""0.8.0""}",3
mapf-scaling,mapf,pymapf,random_obstacles/16x16/n8/d0.15,random_obstacles/d0.15,cbs,,,,2,0,20.0,3072,solved,True,True,0.0010569910009508021,62.0,,11,62,1,,,18.82,,,2026-08-21T16:39:44+00:00,0.1.0,7c0b8e81ea92,3.10.12,Linux 6.8.0-136-generic (x86_64),11th Gen Intel(R) Core(TM) i7-11850H @ 2.50GHz,16,wardn-thinkpad,"{""cuda-planning"": ""not-installed"", ""jupyddl"": ""2.3.0"", ""matplotlib"": ""3.10.9"", ""numpy"": ""2.2.6"", ""openplan-bench"": ""0.1.0"", ""pymapf"": ""0.8.0""}",3
mapf-scaling,mapf,pymapf,random_obstacles/16x16/n8/d0.15,random_obstacles/d0.15,cbs,,,,3,0,20.0,3072,solved,True,True,0.003946074997656979,70.0,,16,70,5,,,18.82,,,2026-08-21T16:39:45+00:00,0.1.0,7c0b8e81ea92,3.10.12,Linux 6.8.0-136-generic (x86_64),11th Gen Intel(R) Core(TM) i7-11850H @ 2.50GHz,16,wardn-thinkpad,"{""cuda-planning"": ""not-installed"", ""jupyddl"": ""2.3.0"", ""matplotlib"": ""3.10.9"", ""numpy"": ""2.2.6"", ""openplan-bench"": ""0.1.0"", ""pymapf"": ""0.8.0""}",3
mapf-scaling,mapf,pymapf,random_obstacles/16x16/n8/d0.15,random_obstacles/d0.15,cbs,,,,4,0,20.0,3072,solved,True,True,0.004579653003020212,63.0,,17,63,5,,,18.82,,,2026-08-21T16:39:45+00:00,0.1.0,7c0b8e81ea92,3.10.12,Linux 6.8.0-136-generic (x86_64),11th Gen Intel(R) Core(TM) i7-11850H @ 2.50GHz,16,wardn-thinkpad,"{""cuda-planning"": ""not-installed"", ""jupyddl"": ""2.3.0"", ""matplotlib"": ""3.10.9"", ""numpy"": ""2.2.6"", ""openplan-bench"": ""0.1.0"", ""pymapf"": ""0.8.0""}",3
mapf-scaling,mapf,pymapf,random_obstacles/16x16/n8/d0.15,random_obstacles/d0.15,wcbs,,,"{""weight"": 1.5}",0,0,20.0,3072,solved,True,True,0.005978651002806146,98.0,,19,98,5,,,18.82,,,2026-08-21T16:39:45+00:00,0.1.0,7c0b8e81ea92,3.10.12,Linux 6.8.0-136-generic (x86_64),11th Gen Intel(R) Core(TM) i7-11850H @ 2.50GHz,16,wardn-thinkpad,"{""cuda-planning"": ""not-installed"", ""jupyddl"": ""2.3.0"", ""matplotlib"": ""3.10.9"", ""numpy"": ""2.2.6"", ""openplan-bench"": ""0.1.0"", ""pymapf"": ""0.8.0""}",3
mapf-scaling,mapf,pymapf,random_obstacles/16x16/n8/d0.15,random_obstacles/d0.15,wcbs,,,"{""weight"": 1.5}",1,0,20.0,3072,solved,True,True,0.002190647996030748,64.0,,14,64,2,,,18.82,,,2026-08-21T16:39:45+00:00,0.1.0,7c0b8e81ea92,3.10.12,Linux 6.8.0-136-generic (x86_64),11th Gen Intel(R) Core(TM) i7-11850H @ 2.50GHz,16,wardn-thinkpad,"{""cuda-planning"": ""not-installed"", ""jupyddl"": ""2.3.0"", ""matplotlib"": ""3.10.9"", ""numpy"": ""2.2.6"", ""openplan-bench"": ""0.1.0"", ""pymapf"": ""0.8.0""}",3
mapf-scaling,mapf,pymapf,random_obstacles/16x16/n8/d0.15,random_obstacles/d0.15,wcbs,,,"{""weight"": 1.5}",2,0,20.0,3072,solved,True,True,0.001084180999896489,62.0,,11,62,1,,,18.82,,,2026-08-21T16:39:45+00:00,0.1.0,7c0b8e81ea92,3.10.12,Linux 6.8.0-136-generic (x86_64),11th Gen Intel(R) Core(TM) i7-11850H @ 2.50GHz,16,wardn-thinkpad,"{""cuda-planning"": ""not-installed"", ""jupyddl"": ""2.3.0"", ""matplotlib"": ""3.10.9"", ""numpy"": ""2.2.6"", ""openplan-bench"": ""0.1.0"", ""pymapf"": ""0.8.0""}",3
mapf-scaling,mapf,pymapf,random_obstacles/16x16/n8/d0.15,random_obstacles/d0.15,wcbs,,,"{""weight"": 1.5}",3,0,20.0,3072,solved,True,True,0.002064927000901662,70.0,,16,70,2,,,18.82,,,2026-08-21T16:39:45+00:00,0.1.0,7c0b8e81ea92,3.10.12,Linux 6.8.0-136-generic (x86_64),11th Gen Intel(R) Core(TM) i7-11850H @ 2.50GHz,16,wardn-thinkpad,"{""cuda-planning"": ""not-installed"", ""jupyddl"": ""2.3.0"", ""matplotlib"": ""3.10.9"", ""numpy"": ""2.2.6"", ""openplan-bench"": ""0.1.0"", ""pymapf"": ""0.8.0""}",3
mapf-scaling,mapf,pymapf,random_obstacles/16x16/n8/d0.15,random_obstacles/d0.15,wcbs,,,"{""weight"": 1.5}",4,0,20.0,3072,solved,True,True,0.004616947000613436,63.0,,17,63,5,,,18.82,,,2026-08-21T16:39:45+00:00,0.1.0,7c0b8e81ea92,3.10.12,Linux 6.8.0-136-generic (x86_64),11th Gen Intel(R) Core(TM) i7-11850H @ 2.50GHz,16,wardn-thinkpad,"{""cuda-planning"": ""not-installed"", ""jupyddl"": ""2.3.0"", ""matplotlib"": ""3.10.9"", ""numpy"": ""2.2.6"", ""openplan-bench"": ""0.1.0"", ""pymapf"": ""0.8.0""}",3
mapf-scaling,mapf,pymapf,random_obstacles/16x16/n8/d0.15,random_obstacles/d0.15,prioritized,,,,0,0,20.0,3072,solved,True,True,0.0037816990006831475,99.0,,19,99,8,,,18.82,,,2026-08-21T16:39:45+00:00,0.1.0,7c0b8e81ea92,3.10.12,Linux 6.8.0-136-generic (x86_64),11th Gen Intel(R) Core(TM) i7-11850H @ 2.50GHz,16,wardn-thinkpad,"{""cuda-planning"": ""not-installed"", ""jupyddl"": ""2.3.0"", ""matplotlib"": ""3.10.9"", ""numpy"": ""2.2.6"", ""openplan-bench"": ""0.1.0"", ""pymapf"": ""0.8.0""}",3
mapf-scaling,mapf,pymapf,random_obstacles/16x16/n8/d0.15,random_obstacles/d0.15,prioritized,,,,1,0,20.0,3072,solved,True,True,0.0026169589982600883,64.0,,14,64,8,,,18.82,,,2026-08-21T16:39:45+00:00,0.1.0,7c0b8e81ea92,3.10.12,Linux 6.8.0-136-generic (x86_64),11th Gen Intel(R) Core(TM) i7-11850H @ 2.50GHz,16,wardn-thinkpad,"{""cuda-planning"": ""not-installed"", ""jupyddl"": ""2.3.0"", ""matplotlib"": ""3.10.9"", ""numpy"": ""2.2.6"", ""openplan-bench"": ""0.1.0"", ""pymapf"": ""0.8.0""}",3
mapf-scaling,mapf,pymapf,random_obstacles/16x16/n8/d0.15,random_obstacles/d0.15,prioritized,,,,2,0,20.0,3072,solved,True,True,0.002373075003561098,62.0,,11,62,8,,,18.82,,,2026-08-21T16:39:45+00:00,0.1.0,7c0b8e81ea92,3.10.12,Linux 6.8.0-136-generic (x86_64),11th Gen Intel(R) Core(TM) i7-11850H @ 2.50GHz,16,wardn-thinkpad,"{""cuda-planning"": ""not-installed"", ""jupyddl"": ""2.3.0"", ""matplotlib"": ""3.10.9"", ""numpy"": ""2.2.6"", ""openplan-bench"": ""0.1.0"", ""pymapf"": ""0.8.0""}",3
mapf-scaling,mapf,pymapf,random_obstacles/16x16/n8/d0.15,random_obstacles/d0.15,prioritized,,,,3,0,20.0,3072,solved,True,True,0.0026454409962752834,70.0,,16,70,8,,,18.82,,,2026-08-21T16:39:45+00:00,0.1.0,7c0b8e81ea92,3.10.12,Linux 6.8.0-136-generic (x86_64),11th Gen Intel(R) Core(TM) i7-11850H @ 2.50GHz,16,wardn-thinkpad,"{""cuda-planning"": ""not-installed"", ""jupyddl"": ""2.3.0"", ""matplotlib"": ""3.10.9"", ""numpy"": ""2.2.6"", ""openplan-bench"": ""0.1.0"", ""pymapf"": ""0.8.0""}",3
mapf-scaling,mapf,pymapf,random_obstacles/16x16/n8/d0.15,random_obstacles/d0.15,prioritized,,,,4,0,20.0,3072,solved,True,True,0.003256619005696848,70.0,,17,70,8,,,18.82,,,2026-08-21T16:39:45+00:00,0.1.0,7c0b8e81ea92,3.10.12,Linux 6.8.0-136-generic (x86_64),11th Gen Intel(R) Core(TM) i7-11850H @ 2.50GHz,16,wardn-thinkpad,"{""cuda-planning"": ""not-installed"", ""jupyddl"": ""2.3.0"", ""matplotlib"": ""3.10.9"", ""numpy"": ""2.2.6"", ""openplan-bench"": ""0.1.0"", ""pymapf"": ""0.8.0""}",3
mapf-scaling,mapf,pymapf,random_obstacles/16x16/n8/d0.15,random_obstacles/d0.15,pibt,,,,0,0,20.0,3072,solved,True,True,0.004057198006194085,109.0,,19,109,19,,,18.82,,,2026-08-21T16:39:45+00:00,0.1.0,7c0b8e81ea92,3.10.12,Linux 6.8.0-136-generic (x86_64),11th Gen Intel(R) Core(TM) i7-11850H @ 2.50GHz,16,wardn-thinkpad,"{""cuda-planning"": ""not-installed"", ""jupyddl"": ""2.3.0"", ""matplotlib"": ""3.10.9"", ""numpy"": ""2.2.6"", ""openplan-bench"": ""0.1.0"", ""pymapf"": ""0.8.0""}",3
mapf-scaling,mapf,pymapf,random_obstacles/16x16/n8/d0.15,random_obstacles/d0.15,pibt,,,,1,0,20.0,3072,solved,True,True,0.0036623549967771396,64.0,,14,64,14,,,18.82,,,2026-08-21T16:39:45+00:00,0.1.0,7c0b8e81ea92,3.10.12,Linux 6.8.0-136-generic (x86_64),11th Gen Intel(R) Core(TM) i7-11850H @ 2.50GHz,16,wardn-thinkpad,"{""cuda-planning"": ""not-installed"", ""jupyddl"": ""2.3.0"", ""matplotlib"": ""3.10.9"", ""numpy"": ""2.2.6"", ""openplan-bench"": ""0.1.0"", ""pymapf"": ""0.8.0""}",3
mapf-scaling,mapf,pymapf,random_obstacles/16x16/n8/d0.15,random_obstacles/d0.15,pibt,,,,2,0,20.0,3072,solved,True,True,0.003447884002525825,62.0,,11,62,11,,,18.82,,,2026-08-21T16:39:45+00:00,0.1.0,7c0b8e81ea92,3.10.12,Linux 6.8.0-136-generic (x86_64),11th Gen Intel(R) Core(TM) i7-11850H @ 2.50GHz,16,wardn-thinkpad,"{""cuda-planning"": ""not-installed"", ""jupyddl"": ""2.3.0"", ""matplotlib"": ""3.10.9"", ""numpy"": ""2.2.6"", ""openplan-bench"": ""0.1.0"", ""pymapf"": ""0.8.0""}",3
mapf-scaling,mapf,pymapf,random_obstacles/16x16/n8/d0.15,random_obstacles/d0.15,pibt,,,,3,0,20.0,3072,solved,True,True,0.00386083700141171,70.0,,16,70,16,,,18.82,,,2026-08-21T16:39:45+00:00,0.1.0,7c0b8e81ea92,3.10.12,Linux 6.8.0-136-generic (x86_64),11th Gen Intel(R) Core(TM) i7-11850H @ 2.50GHz,16,wardn-thinkpad,"{""cuda-planning"": ""not-installed"", ""jupyddl"": ""2.3.0"", ""matplotlib"": ""3.10.9"", ""numpy"": ""2.2.6"", ""openplan-bench"": ""0.1.0"", ""pymapf"": ""0.8.0""}",3
mapf-scaling,mapf,pymapf,random_obstacles/16x16/n8/d0.15,random_obstacles/d0.15,pibt,,,,4,0,20.0,3072,solved,True,True,0.0036118670032010414,63.0,,17,63,17,,,18.82,,,2026-08-21T16:39:45+00:00,0.1.0,7c0b8e81ea92,3.10.12,Linux 6.8.0-136-generic (x86_64),11th Gen Intel(R) Core(TM) i7-11850H @ 2.50GHz,16,wardn-thinkpad,"{""cuda-planning"": ""not-installed"", ""jupyddl"": ""2.3.0"", ""matplotlib"": ""3.10.9"", ""numpy"": ""2.2.6"", ""openplan-bench"": ""0.1.0"", ""pymapf"": ""0.8.0""}",3
mapf-scaling,mapf,pymapf,random_obstacles/16x16/n8/d0.15,random_obstacles/d0.15,lacam,,,,0,0,20.0,3072,solved,True,True,0.0044427140019251965,109.0,,19,109,19,,,18.82,,,2026-08-21T16:39:45+00:00,0.1.0,7c0b8e81ea92,3.10.12,Linux 6.8.0-136-generic (x86_64),11th Gen Intel(R) Core(TM) i7-11850H @ 2.50GHz,16,wardn-thinkpad,"{""cuda-planning"": ""not-installed"", ""jupyddl"": ""2.3.0"", ""matplotlib"": ""3.10.9"", ""numpy"": ""2.2.6"", ""openplan-bench"": ""0.1.0"", ""pymapf"": ""0.8.0""}",3
mapf-scaling,mapf,pymapf,random_obstacles/16x16/n8/d0.15,random_obstacles/d0.15,lacam,,,,1,0,20.0,3072,solved,True,True,0.003912608000973705,64.0,,14,64,14,,,18.82,,,2026-08-21T16:39:45+00:00,0.1.0,7c0b8e81ea92,3.10.12,Linux 6.8.0-136-generic (x86_64),11th Gen Intel(R) Core(TM) i7-11850H @ 2.50GHz,16,wardn-thinkpad,"{""cuda-planning"": ""not-installed"", ""jupyddl"": ""2.3.0"", ""matplotlib"": ""3.10.9"", ""numpy"": ""2.2.6"", ""openplan-bench"": ""0.1.0"", ""pymapf"": ""0.8.0""}",3
mapf-scaling,mapf,pymapf,random_obstacles/16x16/n8/d0.15,random_obstacles/d0.15,lacam,,,,2,0,20.0,3072,solved,True,True,0.003656029002740979,62.0,,11,62,11,,,18.82,,,2026-08-21T16:39:45+00:00,0.1.0,7c0b8e81ea92,3.10.12,Linux 6.8.0-136-generic (x86_64),11th Gen Intel(R) Core(TM) i7-11850H @ 2.50GHz,16,wardn-thinkpad,"{""cuda-planning"": ""not-installed"", ""jupyddl"": ""2.3.0"", ""matplotlib"": ""3.10.9"", ""numpy"": ""2.2.6"", ""openplan-bench"": ""0.1.0"", ""pymapf"": ""0.8.0""}",3
mapf-scaling,mapf,pymapf,random_obstacles/16x16/n8/d0.15,random_obstacles/d0.15,lacam,,,,3,0,20.0,3072,solved,True,True,0.004223910997097846,70.0,,16,70,16,,,18.82,,,2026-08-21T16:39:45+00:00,0.1.0,7c0b8e81ea92,3.10.12,Linux 6.8.0-136-generic (x86_64),11th Gen Intel(R) Core(TM) i7-11850H @ 2.50GHz,16,wardn-thinkpad,"{""cuda-planning"": ""not-installed"", ""jupyddl"": ""2.3.0"", ""matplotlib"": ""3.10.9"", ""numpy"": ""2.2.6"", ""openplan-bench"": ""0.1.0"", ""pymapf"": ""0.8.0""}",3
mapf-scaling,mapf,pymapf,random_obstacles/16x16/n8/d0.15,random_obstacles/d0.15,lacam,,,,4,0,20.0,3072,solved,True,True,0.004059612001583446,63.0,,17,63,17,,,18.82,,,2026-08-21T16:39:45+00:00,0.1.0,7c0b8e81ea92,3.10.12,Linux 6.8.0-136-generic (x86_64),11th Gen Intel(R) Core(TM) i7-11850H @ 2.50GHz,16,wardn-thinkpad,"{""cuda-planning"": ""not-installed"", ""jupyddl"": ""2.3.0"", ""matplotlib"": ""3.10.9"", ""numpy"": ""2.2.6"", ""openplan-bench"": ""0.1.0"", ""pymapf"": ""0.8.0""}",3
mapf-scaling,mapf,pymapf,random_obstacles/16x16/n16/d0.15,random_obstacles/d0.15,cbs,,,,0,0,20.0,3072,solved,True,True,0.12724835499830078,173.0,,24,173,38,,,18.82,,,2026-08-21T16:39:45+00:00,0.1.0,7c0b8e81ea92,3.10.12,Linux 6.8.0-136-generic (x86_64),11th Gen Intel(R) Core(TM) i7-11850H @ 2.50GHz,16,wardn-thinkpad,"{""cuda-planning"": ""not-installed"", ""jupyddl"": ""2.3.0"", ""matplotlib"": ""3.10.9"", ""numpy"": ""2.2.6"", ""openplan-bench"": ""0.1.0"", ""pymapf"": ""0.8.0""}",3
mapf-scaling,mapf,pymapf,random_obstacles/16x16/n16/d0.15,random_obstacles/d0.15,cbs,,,,1,0,20.0,3072,solved,True,True,2.495383314002538,174.0,,19,174,938,,,23.72,,,2026-08-21T16:39:48+00:00,0.1.0,7c0b8e81ea92,3.10.12,Linux 6.8.0-136-generic (x86_64),11th Gen Intel(R) Core(TM) i7-11850H @ 2.50GHz,16,wardn-thinkpad,"{""cuda-planning"": ""not-installed"", ""jupyddl"": ""2.3.0"", ""matplotlib"": ""3.10.9"", ""numpy"": ""2.2.6"", ""openplan-bench"": ""0.1.0"", ""pymapf"": ""0.8.0""}",3
mapf-scaling,mapf,pymapf,random_obstacles/16x16/n16/d0.15,random_obstacles/d0.15,cbs,,,,2,0,20.0,3072,timeout,False,False,20.022865716004162,,,,,,,,86.22,,time limit (20s) reached after 6296 nodes,2026-08-21T16:40:08+00:00,0.1.0,7c0b8e81ea92,3.10.12,Linux 6.8.0-136-generic (x86_64),11th Gen Intel(R) Core(TM) i7-11850H @ 2.50GHz,16,wardn-thinkpad,"{""cuda-planning"": ""not-installed"", ""jupyddl"": ""2.3.0"", ""matplotlib"": ""3.10.9"", ""numpy"": ""2.2.6"", ""openplan-bench"": ""0.1.0"", ""pymapf"": ""0.8.0""}",3
mapf-scaling,mapf,pymapf,random_obstacles/16x16/n16/d0.15,random_obstacles/d0.15,cbs,,,,3,0,20.0,3072,solved,True,True,0.35335588700399967,170.0,,21,170,135,,,18.82,,,2026-08-21T16:40:08+00:00,0.1.0,7c0b8e81ea92,3.10.12,Linux 6.8.0-136-generic (x86_64),11th Gen Intel(R) Core(TM) i7-11850H @ 2.50GHz,16,wardn-thinkpad,"{""cuda-planning"": ""not-installed"", ""jupyddl"": ""2.3.0"", ""matplotlib"": ""3.10.9"", ""numpy"": ""2.2.6"", ""openplan-bench"": ""0.1.0"", ""pymapf"": ""0.8.0""}",3
mapf-scaling,mapf,pymapf,random_obstacles/16x16/n16/d0.15,random_obstacles/d0.15,cbs,,,,4,0,20.0,3072,solved,True,True,0.40028843699838035,134.0,,17,134,138,,,18.82,,,2026-08-21T16:40:09+00:00,0.1.0,7c0b8e81ea92,3.10.12,Linux 6.8.0-136-generic (x86_64),11th Gen Intel(R) Core(TM) i7-11850H @ 2.50GHz,16,wardn-thinkpad,"{""cuda-planning"": ""not-installed"", ""jupyddl"": ""2.3.0"", ""matplotlib"": ""3.10.9"", ""numpy"": ""2.2.6"", ""openplan-bench"": ""0.1.0"", ""pymapf"": ""0.8.0""}",3
mapf-scaling,mapf,pymapf,random_obstacles/16x16/n16/d0.15,random_obstacles/d0.15,wcbs,,,"{""weight"": 1.5}",0,0,20.0,3072,solved,True,True,0.04532654899958288,186.0,,24,186,11,,,18.82,,,2026-08-21T16:40:09+00:00,0.1.0,7c0b8e81ea92,3.10.12,Linux 6.8.0-136-generic (x86_64),11th Gen Intel(R) Core(TM) i7-11850H @ 2.50GHz,16,wardn-thinkpad,"{""cuda-planning"": ""not-installed"", ""jupyddl"": ""2.3.0"", ""matplotlib"": ""3.10.9"", ""numpy"": ""2.2.6"", ""openplan-bench"": ""0.1.0"", ""pymapf"": ""0.8.0""}",3
mapf-scaling,mapf,pymapf,random_obstacles/16x16/n16/d0.15,random_obstacles/d0.15,wcbs,,,"{""weight"": 1.5}",1,0,20.0,3072,solved,True,True,0.07030078500247328,176.0,,19,176,25,,,18.82,,,2026-08-21T16:40:09+00:00,0.1.0,7c0b8e81ea92,3.10.12,Linux 6.8.0-136-generic (x86_64),11th Gen Intel(R) Core(TM) i7-11850H @ 2.50GHz,16,wardn-thinkpad,"{""cuda-planning"": ""not-installed"", ""jupyddl"": ""2.3.0"", ""matplotlib"": ""3.10.9"", ""numpy"": ""2.2.6"", ""openplan-bench"": ""0.1.0"", ""pymapf"": ""0.8.0""}",3
mapf-scaling,mapf,pymapf,random_obstacles/16x16/n16/d0.15,random_obstacles/d0.15,wcbs,,,"{""weight"": 1.5}",2,0,20.0,3072,solved,True,True,0.06783767399610952,165.0,,19,165,18,,,18.82,,,2026-08-21T16:40:09+00:00,0.1.0,7c0b8e81ea92,3.10.12,Linux 6.8.0-136-generic (x86_64),11th Gen Intel(R) Core(TM) i7-11850H @ 2.50GHz,16,wardn-thinkpad,"{""cuda-planning"": ""not-installed"", ""jupyddl"": ""2.3.0"", ""matplotlib"": ""3.10.9"", ""numpy"": ""2.2.6"", ""openplan-bench"": ""0.1.0"", ""pymapf"": ""0.8.0""}",3
mapf-scaling,mapf,pymapf,random_obstacles/16x16/n16/d0.15,random_obstacles/d0.15,wcbs,,,"{""weight"": 1.5}",3,0,20.0,3072,solved,True,True,0.02778725099778967,170.0,,21,170,9,,,18.82,,,2026-08-21T16:40:09+00:00,0.1.0,7c0b8e81ea92,3.10.12,Linux 6.8.0-136-generic (x86_64),11th Gen Intel(R) Core(TM) i7-11850H @ 2.50GHz,16,wardn-thinkpad,"{""cuda-planning"": ""not-installed"", ""jupyddl"": ""2.3.0"", ""matplotlib"": ""3.10.9"", ""numpy"": ""2.2.6"", ""openplan-bench"": ""0.1.0"", ""pymapf"": ""0.8.0""}",3
mapf-scaling,mapf,pymapf,random_obstacles/16x16/n16/d0.15,random_obstacles/d0.15,wcbs,,,"{""weight"": 1.5}",4,0,20.0,3072,solved,True,True,0.04701253199891653,140.0,,17,140,15,,,18.82,,,2026-08-21T16:40:09+00:00,0.1.0,7c0b8e81ea92,3.10.12,Linux 6.8.0-136-generic (x86_64),11th Gen Intel(R) Core(TM) i7-11850H @ 2.50GHz,16,wardn-thinkpad,"{""cuda-planning"": ""not-installed"", ""jupyddl"": ""2.3.0"", ""matplotlib"": ""3.10.9"", ""numpy"": ""2.2.6"", ""openplan-bench"": ""0.1.0"", ""pymapf"": ""0.8.0""}",3
mapf-scaling,mapf,pymapf,random_obstacles/16x16/n16/d0.15,random_obstacles/d0.15,prioritized,,,,0,0,20.0,3072,solved,True,True,0.01419577699562069,181.0,,24,181,16,,,18.82,,,2026-08-21T16:40:09+00:00,0.1.0,7c0b8e81ea92,3.10.12,Linux 6.8.0-136-generic (x86_64),11th Gen Intel(R) Core(TM) i7-11850H @ 2.50GHz,16,wardn-thinkpad,"{""cuda-planning"": ""not-installed"", ""jupyddl"": ""2.3.0"", ""matplotlib"": ""3.10.9"", ""numpy"": ""2.2.6"", ""openplan-bench"": ""0.1.0"", ""pymapf"": ""0.8.0""}",3
mapf-scaling,mapf,pymapf,random_obstacles/16x16/n16/d0.15,random_obstacles/d0.15,prioritized,,,,1,0,20.0,3072,solved,True,True,0.01311524600168923,177.0,,19,177,16,,,18.82,,,2026-08-21T16:40:09+00:00,0.1.0,7c0b8e81ea92,3.10.12,Linux 6.8.0-136-generic (x86_64),11th Gen Intel(R) Core(TM) i7-11850H @ 2.50GHz,16,wardn-thinkpad,"{""cuda-planning"": ""not-installed"", ""jupyddl"": ""2.3.0"", ""matplotlib"": ""3.10.9"", ""numpy"": ""2.2.6"", ""openplan-bench"": ""0.1.0"", ""pymapf"": ""0.8.0""}",3
mapf-scaling,mapf,pymapf,random_obstacles/16x16/n16/d0.15,random_obstacles/d0.15,prioritized,,,,2,0,20.0,3072,solved,True,True,0.01241661899985047,165.0,,19,165,16,,,18.82,,,2026-08-21T16:40:09+00:00,0.1.0,7c0b8e81ea92,3.10.12,Linux 6.8.0-136-generic (x86_64),11th Gen Intel(R) Core(TM) i7-11850H @ 2.50GHz,16,wardn-thinkpad,"{""cuda-planning"": ""not-installed"", ""jupyddl"": ""2.3.0"", ""matplotlib"": ""3.10.9"", ""numpy"": ""2.2.6"", ""openplan-bench"": ""0.1.0"", ""pymapf"": ""0.8.0""}",3
mapf-scaling,mapf,pymapf,random_obstacles/16x16/n16/d0.15,random_obstacles/d0.15,prioritized,,,,3,0,20.0,3072,solved,True,True,0.012164517000201158,170.0,,21,170,16,,,18.82,,,2026-08-21T16:40:09+00:00,0.1.0,7c0b8e81ea92,3.10.12,Linux 6.8.0-136-generic (x86_64),11th Gen Intel(R) Core(TM) i7-11850H @ 2.50GHz,16,wardn-thinkpad,"{""cuda-planning"": ""not-installed"", ""jupyddl"": ""2.3.0"", ""matplotlib"": ""3.10.9"", ""numpy"": ""2.2.6"", ""openplan-bench"": ""0.1.0"", ""pymapf"": ""0.8.0""}",3
mapf-scaling,mapf,pymapf,random_obstacles/16x16/n16/d0.15,random_obstacles/d0.15,prioritized,,,,4,0,20.0,3072,solved,True,True,0.010621261993946973,137.0,,17,137,16,,,18.82,,,2026-08-21T16:40:10+00:00,0.1.0,7c0b8e81ea92,3.10.12,Linux 6.8.0-136-generic (x86_64),11th Gen Intel(R) Core(TM) i7-11850H @ 2.50GHz,16,wardn-thinkpad,"{""cuda-planning"": ""not-installed"", ""jupyddl"": ""2.3.0"", ""matplotlib"": ""3.10.9"", ""numpy"": ""2.2.6"", ""openplan-bench"": ""0.1.0"", ""pymapf"": ""0.8.0""}",3
mapf-scaling,mapf,pymapf,random_obstacles/16x16/n16/d0.15,random_obstacles/d0.15,pibt,,,,0,0,20.0,3072,solved,True,True,0.008474458001728635,223.0,,24,223,24,,,18.82,,,2026-08-21T16:40:10+00:00,0.1.0,7c0b8e81ea92,3.10.12,Linux 6.8.0-136-generic (x86_64),11th Gen Intel(R) Core(TM) i7-11850H @ 2.50GHz,16,wardn-thinkpad,"{""cuda-planning"": ""not-installed"", ""jupyddl"": ""2.3.0"", ""matplotlib"": ""3.10.9"", ""numpy"": ""2.2.6"", ""openplan-bench"": ""0.1.0"", ""pymapf"": ""0.8.0""}",3
mapf-scaling,mapf,pymapf,random_obstacles/16x16/n16/d0.15,random_obstacles/d0.15,pibt,,,,1,0,20.0,3072,solved,True,True,0.007796748002874665,176.0,,19,176,19,,,18.82,,,2026-08-21T16:40:10+00:00,0.1.0,7c0b8e81ea92,3.10.12,Linux 6.8.0-136-generic (x86_64),11th Gen Intel(R) Core(TM) i7-11850H @ 2.50GHz,16,wardn-thinkpad,"{""cuda-planning"": ""not-installed"", ""jupyddl"": ""2.3.0"", ""matplotlib"": ""3.10.9"", ""numpy"": ""2.2.6"", ""openplan-bench"": ""0.1.0"", ""pymapf"": ""0.8.0""}",3
mapf-scaling,mapf,pymapf,random_obstacles/16x16/n16/d0.15,random_obstacles/d0.15,pibt,,,,2,0,20.0,3072,solved,True,True,0.0073786829962045886,191.0,,19,191,19,,,18.82,,,2026-08-21T16:40:10+00:00,0.1.0,7c0b8e81ea92,3.10.12,Linux 6.8.0-136-generic (x86_64),11th Gen Intel(R) Core(TM) i7-11850H @ 2.50GHz,16,wardn-thinkpad,"{""cuda-planning"": ""not-installed"", ""jupyddl"": ""2.3.0"", ""matplotlib"": ""3.10.9"", ""numpy"": ""2.2.6"", ""openplan-bench"": ""0.1.0"", ""pymapf"": ""0.8.0""}",3
mapf-scaling,mapf,pymapf,random_obstacles/16x16/n16/d0.15,random_obstacles/d0.15,pibt,,,,3,0,20.0,3072,solved,True,True,0.008077311998931691,190.0,,21,190,21,,,18.82,,,2026-08-21T16:40:10+00:00,0.1.0,7c0b8e81ea92,3.10.12,Linux 6.8.0-136-generic (x86_64),11th Gen Intel(R) Core(TM) i7-11850H @ 2.50GHz,16,wardn-thinkpad,"{""cuda-planning"": ""not-installed"", ""jupyddl"": ""2.3.0"", ""matplotlib"": ""3.10.9"", ""numpy"": ""2.2.6"", ""openplan-bench"": ""0.1.0"", ""pymapf"": ""0.8.0""}",3
mapf-scaling,mapf,pymapf,random_obstacles/16x16/n16/d0.15,random_obstacles/d0.15,pibt,,,,4,0,20.0,3072,solved,True,True,0.0075452970049809664,170.0,,17,170,17,,,18.82,,,2026-08-21T16:40:10+00:00,0.1.0,7c0b8e81ea92,3.10.12,Linux 6.8.0-136-generic (x86_64),11th Gen Intel(R) Core(TM) i7-11850H @ 2.50GHz,16,wardn-thinkpad,"{""cuda-planning"": ""not-installed"", ""jupyddl"": ""2.3.0"", ""matplotlib"": ""3.10.9"", ""numpy"": ""2.2.6"", ""openplan-bench"": ""0.1.0"", ""pymapf"": ""0.8.0""}",3
mapf-scaling,mapf,pymapf,random_obstacles/16x16/n16/d0.15,random_obstacles/d0.15,lacam,,,,0,0,20.0,3072,solved,True,True,0.009359183997730725,223.0,,24,223,24,,,18.82,,,2026-08-21T16:40:10+00:00,0.1.0,7c0b8e81ea92,3.10.12,Linux 6.8.0-136-generic (x86_64),11th Gen Intel(R) Core(TM) i7-11850H @ 2.50GHz,16,wardn-thinkpad,"{""cuda-planning"": ""not-installed"", ""jupyddl"": ""2.3.0"", ""matplotlib"": ""3.10.9"", ""numpy"": ""2.2.6"", ""openplan-bench"": ""0.1.0"", ""pymapf"": ""0.8.0""}",3
mapf-scaling,mapf,pymapf,random_obstacles/16x16/n16/d0.15,random_obstacles/d0.15,lacam,,,,1,0,20.0,3072,solved,True,True,0.008652252996398602,176.0,,19,176,19,,,18.82,,,2026-08-21T16:40:10+00:00,0.1.0,7c0b8e81ea92,3.10.12,Linux 6.8.0-136-generic (x86_64),11th Gen Intel(R) Core(TM) i7-11850H @ 2.50GHz,16,wardn-thinkpad,"{""cuda-planning"": ""not-installed"", ""jupyddl"": ""2.3.0"", ""matplotlib"": ""3.10.9"", ""numpy"": ""2.2.6"", ""openplan-bench"": ""0.1.0"", ""pymapf"": ""0.8.0""}",3
mapf-scaling,mapf,pymapf,random_obstacles/16x16/n16/d0.15,random_obstacles/d0.15,lacam,,,,2,0,20.0,3072,solved,True,True,0.007998748995305505,191.0,,19,191,19,,,18.82,,,2026-08-21T16:40:10+00:00,0.1.0,7c0b8e81ea92,3.10.12,Linux 6.8.0-136-generic (x86_64),11th Gen Intel(R) Core(TM) i7-11850H @ 2.50GHz,16,wardn-thinkpad,"{""cuda-planning"": ""not-installed"", ""jupyddl"": ""2.3.0"", ""matplotlib"": ""3.10.9"", ""numpy"": ""2.2.6"", ""openplan-bench"": ""0.1.0"", ""pymapf"": ""0.8.0""}",3
mapf-scaling,mapf,pymapf,random_obstacles/16x16/n16/d0.15,random_obstacles/d0.15,lacam,,,,3,0,20.0,3072,solved,True,True,0.009284589999879245,190.0,,21,190,21,,,18.82,,,2026-08-21T16:40:10+00:00,0.1.0,7c0b8e81ea92,3.10.12,Linux 6.8.0-136-generic (x86_64),11th Gen Intel(R) Core(TM) i7-11850H @ 2.50GHz,16,wardn-thinkpad,"{""cuda-planning"": ""not-installed"", ""jupyddl"": ""2.3.0"", ""matplotlib"": ""3.10.9"", ""numpy"": ""2.2.6"", ""openplan-bench"": ""0.1.0"", ""pymapf"": ""0.8.0""}",3
mapf-scaling,mapf,pymapf,random_obstacles/16x16/n16/d0.15,random_obstacles/d0.15,lacam,,,,4,0,20.0,3072,solved,True,True,0.00773050999850966,170.0,,17,170,17,,,18.82,,,2026-08-21T16:40:10+00:00,0.1.0,7c0b8e81ea92,3.10.12,Linux 6.8.0-136-generic (x86_64),11th Gen Intel(R) Core(TM) i7-11850H @ 2.50GHz,16,wardn-thinkpad,"{""cuda-planning"": ""not-installed"", ""jupyddl"": ""2.3.0"", ""matplotlib"": ""3.10.9"", ""numpy"": ""2.2.6"", ""openplan-bench"": ""0.1.0"", ""pymapf"": ""0.8.0""}",3
mapf-scaling,mapf,pymapf,random_obstacles/16x16/n24/d0.15,random_obstacles/d0.15,cbs,,,,0,0,20.0,3072,solved,True,True,9.586502010002732,261.0,,22,261,1697,,,40.22,,,2026-08-21T16:40:20+00:00,0.1.0,7c0b8e81ea92,3.10.12,Linux 6.8.0-136-generic (x86_64),11th Gen Intel(R) Core(TM) i7-11850H @ 2.50GHz,16,wardn-thinkpad,"{""cuda-planning"": ""not-installed"", ""jupyddl"": ""2.3.0"", ""matplotlib"": ""3.10.9"", ""numpy"": ""2.2.6"", ""openplan-bench"": ""0.1.0"", ""pymapf"": ""0.8.0""}",3
mapf-scaling,mapf,pymapf,random_obstacles/16x16/n24/d0.15,random_obstacles/d0.15,cbs,,,,1,0,20.0,3072,timeout,False,False,20.023516334003943,,,,,,,,89.22,,time limit (20s) reached after 4914 nodes,2026-08-21T16:40:40+00:00,0.1.0,7c0b8e81ea92,3.10.12,Linux 6.8.0-136-generic (x86_64),11th Gen Intel(R) Core(TM) i7-11850H @ 2.50GHz,16,wardn-thinkpad,"{""cuda-planning"": ""not-installed"", ""jupyddl"": ""2.3.0"", ""matplotlib"": ""3.10.9"", ""numpy"": ""2.2.6"", ""openplan-bench"": ""0.1.0"", ""pymapf"": ""0.8.0""}",3
mapf-scaling,mapf,pymapf,random_obstacles/16x16/n24/d0.15,random_obstacles/d0.15,cbs,,,,2,0,20.0,3072,timeout,False,False,20.00929510500282,,,,,,,,50.22,,time limit (20s) reached after 2406 nodes,2026-08-21T16:41:00+00:00,0.1.0,7c0b8e81ea92,3.10.12,Linux 6.8.0-136-generic (x86_64),11th Gen Intel(R) Core(TM) i7-11850H @ 2.50GHz,16,wardn-thinkpad,"{""cuda-planning"": ""not-installed"", ""jupyddl"": ""2.3.0"", ""matplotlib"": ""3.10.9"", ""numpy"": ""2.2.6"", ""openplan-bench"": ""0.1.0"", ""pymapf"": ""0.8.0""}",3
mapf-scaling,mapf,pymapf,random_obstacles/16x16/n24/d0.15,random_obstacles/d0.15,cbs,,,,3,0,20.0,3072,timeout,False,False,20.030628569998953,,,,,,,,55.6,,time limit (20s) reached after 2646 nodes,2026-08-21T16:41:20+00:00,0.1.0,7c0b8e81ea92,3.10.12,Linux 6.8.0-136-generic (x86_64),11th Gen Intel(R) Core(TM) i7-11850H @ 2.50GHz,16,wardn-thinkpad,"{""cuda-planning"": ""not-installed"", ""jupyddl"": ""2.3.0"", ""matplotlib"": ""3.10.9"", ""numpy"": ""2.2.6"", ""openplan-bench"": ""0.1.0"", ""pymapf"": ""0.8.0""}",3
mapf-scaling,mapf,pymapf,random_obstacles/16x16/n24/d0.15,random_obstacles/d0.15,cbs,,,,4,0,20.0,3072,timeout,False,False,20.01678197500587,,,,,,,,56.35,,time limit (20s) reached after 2724 nodes,2026-08-21T16:41:40+00:00,0.1.0,7c0b8e81ea92,3.10.12,Linux 6.8.0-136-generic (x86_64),11th Gen Intel(R) Core(TM) i7-11850H @ 2.50GHz,16,wardn-thinkpad,"{""cuda-planning"": ""not-installed"", ""jupyddl"": ""2.3.0"", ""matplotlib"": ""3.10.9"", ""numpy"": ""2.2.6"", ""openplan-bench"": ""0.1.0"", ""pymapf"": ""0.8.0""}",3
mapf-scaling,mapf,pymapf,random_obstacles/16x16/n24/d0.15,random_obstacles/d0.15,wcbs,,,"{""weight"": 1.5}",0,0,20.0,3072,solved,True,True,0.1961924440038274,275.0,,22,275,31,,,18.82,,,2026-08-21T16:41:40+00:00,0.1.0,7c0b8e81ea92,3.10.12,Linux 6.8.0-136-generic (x86_64),11th Gen Intel(R) Core(TM) i7-11850H @ 2.50GHz,16,wardn-thinkpad,"{""cuda-planning"": ""not-installed"", ""jupyddl"": ""2.3.0"", ""matplotlib"": ""3.10.9"", ""numpy"": ""2.2.6"", ""openplan-bench"": ""0.1.0"", ""pymapf"": ""0.8.0""}",3
mapf-scaling,mapf,pymapf,random_obstacles/16x16/n24/d0.15,random_obstacles/d0.15,wcbs,,,"{""weight"": 1.5}",1,0,20.0,3072,solved,True,True,0.1994393549975939,237.0,,16,237,44,,,18.82,,,2026-08-21T16:41:40+00:00,0.1.0,7c0b8e81ea92,3.10.12,Linux 6.8.0-136-generic (x86_64),11th Gen Intel(R) Core(TM) i7-11850H @ 2.50GHz,16,wardn-thinkpad,"{""cuda-planning"": ""not-installed"", ""jupyddl"": ""2.3.0"", ""matplotlib"": ""3.10.9"", ""numpy"": ""2.2.6"", ""openplan-bench"": ""0.1.0"", ""pymapf"": ""0.8.0""}",3
mapf-scaling,mapf,pymapf,random_obstacles/16x16/n24/d0.15,random_obstacles/d0.15,wcbs,,,"{""weight"": 1.5}",2,0,20.0,3072,solved,True,True,0.33879130199784413,281.0,,21,281,56,,,18.82,,,2026-08-21T16:41:41+00:00,0.1.0,7c0b8e81ea92,3.10.12,Linux 6.8.0-136-generic (x86_64),11th Gen Intel(R) Core(TM) i7-11850H @ 2.50GHz,16,wardn-thinkpad,"{""cuda-planning"": ""not-installed"", ""jupyddl"": ""2.3.0"", ""matplotlib"": ""3.10.9"", ""numpy"": ""2.2.6"", ""openplan-bench"": ""0.1.0"", ""pymapf"": ""0.8.0""}",3
mapf-scaling,mapf,pymapf,random_obstacles/16x16/n24/d0.15,random_obstacles/d0.15,wcbs,,,"{""weight"": 1.5}",3,0,20.0,3072,solved,True,True,0.4386409349972382,308.0,,25,308,42,,,18.82,,,2026-08-21T16:41:41+00:00,0.1.0,7c0b8e81ea92,3.10.12,Linux 6.8.0-136-generic (x86_64),11th Gen Intel(R) Core(TM) i7-11850H @ 2.50GHz,16,wardn-thinkpad,"{""cuda-planning"": ""not-installed"", ""jupyddl"": ""2.3.0"", ""matplotlib"": ""3.10.9"", ""numpy"": ""2.2.6"", ""openplan-bench"": ""0.1.0"", ""pymapf"": ""0.8.0""}",3
mapf-scaling,mapf,pymapf,random_obstacles/16x16/n24/d0.15,random_obstacles/d0.15,wcbs,,,"{""weight"": 1.5}",4,0,20.0,3072,solved,True,True,0.13983936199656455,245.0,,20,245,24,,,18.82,,,2026-08-21T16:41:41+00:00,0.1.0,7c0b8e81ea92,3.10.12,Linux 6.8.0-136-generic (x86_64),11th Gen Intel(R) Core(TM) i7-11850H @ 2.50GHz,16,wardn-thinkpad,"{""cuda-planning"": ""not-installed"", ""jupyddl"": ""2.3.0"", ""matplotlib"": ""3.10.9"", ""numpy"": ""2.2.6"", ""openplan-bench"": ""0.1.0"", ""pymapf"": ""0.8.0""}",3
mapf-scaling,mapf,pymapf,random_obstacles/16x16/n24/d0.15,random_obstacles/d0.15,prioritized,,,,0,0,20.0,3072,solved,True,True,0.042041198001243174,285.0,,22,285,24,,,18.82,,,2026-08-21T16:41:41+00:00,0.1.0,7c0b8e81ea92,3.10.12,Linux 6.8.0-136-generic (x86_64),11th Gen Intel(R) Core(TM) i7-11850H @ 2.50GHz,16,wardn-thinkpad,"{""cuda-planning"": ""not-installed"", ""jupyddl"": ""2.3.0"", ""matplotlib"": ""3.10.9"", ""numpy"": ""2.2.6"", ""openplan-bench"": ""0.1.0"", ""pymapf"": ""0.8.0""}",3
mapf-scaling,mapf,pymapf,random_obstacles/16x16/n24/d0.15,random_obstacles/d0.15,prioritized,,,,1,0,20.0,3072,solved,True,True,0.035032495004998054,240.0,,16,240,24,,,18.82,,,2026-08-21T16:41:42+00:00,0.1.0,7c0b8e81ea92,3.10.12,Linux 6.8.0-136-generic (x86_64),11th Gen Intel(R) Core(TM) i7-11850H @ 2.50GHz,16,wardn-thinkpad,"{""cuda-planning"": ""not-installed"", ""jupyddl"": ""2.3.0"", ""matplotlib"": ""3.10.9"", ""numpy"": ""2.2.6"", ""openplan-bench"": ""0.1.0"", ""pymapf"": ""0.8.0""}",3
mapf-scaling,mapf,pymapf,random_obstacles/16x16/n24/d0.15,random_obstacles/d0.15,prioritized,,,,2,0,20.0,3072,solved,True,True,0.03889453700685408,282.0,,21,282,24,,,18.82,,,2026-08-21T16:41:42+00:00,0.1.0,7c0b8e81ea92,3.10.12,Linux 6.8.0-136-generic (x86_64),11th Gen Intel(R) Core(TM) i7-11850H @ 2.50GHz,16,wardn-thinkpad,"{""cuda-planning"": ""not-installed"", ""jupyddl"": ""2.3.0"", ""matplotlib"": ""3.10.9"", ""numpy"": ""2.2.6"", ""openplan-bench"": ""0.1.0"", ""pymapf"": ""0.8.0""}",3
mapf-scaling,mapf,pymapf,random_obstacles/16x16/n24/d0.15,random_obstacles/d0.15,prioritized,,,,3,0,20.0,3072,unsolved,False,False,0.353246938000666,,,,,,,,27.26,,agent 'a9' has no path under the reservations of the 9 higher-priority agents,2026-08-21T16:41:42+00:00,0.1.0,7c0b8e81ea92,3.10.12,Linux 6.8.0-136-generic (x86_64),11th Gen Intel(R) Core(TM) i7-11850H @ 2.50GHz,16,wardn-thinkpad,"{""cuda-planning"": ""not-installed"", ""jupyddl"": ""2.3.0"", ""matplotlib"": ""3.10.9"", ""numpy"": ""2.2.6"", ""openplan-bench"": ""0.1.0"", ""pymapf"": ""0.8.0""}",3
mapf-scaling,mapf,pymapf,random_obstacles/16x16/n24/d0.15,random_obstacles/d0.15,prioritized,,,,4,0,20.0,3072,solved,True,True,0.036819143999309745,264.0,,20,264,24,,,18.82,,,2026-08-21T16:41:42+00:00,0.1.0,7c0b8e81ea92,3.10.12,Linux 6.8.0-136-generic (x86_64),11th Gen Intel(R) Core(TM) i7-11850H @ 2.50GHz,16,wardn-thinkpad,"{""cuda-planning"": ""not-installed"", ""jupyddl"": ""2.3.0"", ""matplotlib"": ""3.10.9"", ""numpy"": ""2.2.6"", ""openplan-bench"": ""0.1.0"", ""pymapf"": ""0.8.0""}",3
mapf-scaling,mapf,pymapf,random_obstacles/16x16/n24/d0.15,random_obstacles/d0.15,pibt,,,,0,0,20.0,3072,solved,True,True,0.013958206996903755,365.0,,22,365,22,,,18.82,,,2026-08-21T16:41:42+00:00,0.1.0,7c0b8e81ea92,3.10.12,Linux 6.8.0-136-generic (x86_64),11th Gen Intel(R) Core(TM) i7-11850H @ 2.50GHz,16,wardn-thinkpad,"{""cuda-planning"": ""not-installed"", ""jupyddl"": ""2.3.0"", ""matplotlib"": ""3.10.9"", ""numpy"": ""2.2.6"", ""openplan-bench"": ""0.1.0"", ""pymapf"": ""0.8.0""}",3
mapf-scaling,mapf,pymapf,random_obstacles/16x16/n24/d0.15,random_obstacles/d0.15,pibt,,,,1,0,20.0,3072,solved,True,True,0.012215429997013416,277.0,,17,277,17,,,18.82,,,2026-08-21T16:41:42+00:00,0.1.0,7c0b8e81ea92,3.10.12,Linux 6.8.0-136-generic (x86_64),11th Gen Intel(R) Core(TM) i7-11850H @ 2.50GHz,16,wardn-thinkpad,"{""cuda-planning"": ""not-installed"", ""jupyddl"": ""2.3.0"", ""matplotlib"": ""3.10.9"", ""numpy"": ""2.2.6"", ""openplan-bench"": ""0.1.0"", ""pymapf"": ""0.8.0""}",3
mapf-scaling,mapf,pymapf,random_obstacles/16x16/n24/d0.15,random_obstacles/d0.15,pibt,,,,2,0,20.0,3072,solved,True,True,0.012929976997838821,335.0,,27,335,27,,,18.82,,,2026-08-21T16:41:42+00:00,0.1.0,7c0b8e81ea92,3.10.12,Linux 6.8.0-136-generic (x86_64),11th Gen Intel(R) Core(TM) i7-11850H @ 2.50GHz,16,wardn-thinkpad,"{""cuda-planning"": ""not-installed"", ""jupyddl"": ""2.3.0"", ""matplotlib"": ""3.10.9"", ""numpy"": ""2.2.6"", ""openplan-bench"": ""0.1.0"", ""pymapf"": ""0.8.0""}",3
mapf-scaling,mapf,pymapf,random_obstacles/16x16/n24/d0.15,random_obstacles/d0.15,pibt,,,,3,0,20.0,3072,solved,True,True,0.013568520997068845,434.0,,26,434,26,,,18.82,,,2026-08-21T16:41:42+00:00,0.1.0,7c0b8e81ea92,3.10.12,Linux 6.8.0-136-generic (x86_64),11th Gen Intel(R) Core(TM) i7-11850H @ 2.50GHz,16,wardn-thinkpad,"{""cuda-planning"": ""not-installed"", ""jupyddl"": ""2.3.0"", ""matplotlib"": ""3.10.9"", ""numpy"": ""2.2.6"", ""openplan-bench"": ""0.1.0"", ""pymapf"": ""0.8.0""}",3
mapf-scaling,mapf,pymapf,random_obstacles/16x16/n24/d0.15,random_obstacles/d0.15,pibt,,,,4,0,20.0,3072,solved,True,True,0.01241624599788338,291.0,,23,291,23,,,18.82,,,2026-08-21T16:41:42+00:00,0.1.0,7c0b8e81ea92,3.10.12,Linux 6.8.0-136-generic (x86_64),11th Gen Intel(R) Core(TM) i7-11850H @ 2.50GHz,16,wardn-thinkpad,"{""cuda-planning"": ""not-installed"", ""jupyddl"": ""2.3.0"", ""matplotlib"": ""3.10.9"", ""numpy"": ""2.2.6"", ""openplan-bench"": ""0.1.0"", ""pymapf"": ""0.8.0""}",3
mapf-scaling,mapf,pymapf,random_obstacles/16x16/n24/d0.15,random_obstacles/d0.15,lacam,,,,0,0,20.0,3072,solved,True,True,0.013674890004040208,365.0,,22,365,22,,,18.82,,,2026-08-21T16:41:42+00:00,0.1.0,7c0b8e81ea92,3.10.12,Linux 6.8.0-136-generic (x86_64),11th Gen Intel(R) Core(TM) i7-11850H @ 2.50GHz,16,wardn-thinkpad,"{""cuda-planning"": ""not-installed"", ""jupyddl"": ""2.3.0"", ""matplotlib"": ""3.10.9"", ""numpy"": ""2.2.6"", ""openplan-bench"": ""0.1.0"", ""pymapf"": ""0.8.0""}",3
mapf-scaling,mapf,pymapf,random_obstacles/16x16/n24/d0.15,random_obstacles/d0.15,lacam,,,,1,0,20.0,3072,solved,True,True,0.012842893003835343,277.0,,17,277,17,,,18.82,,,2026-08-21T16:41:42+00:00,0.1.0,7c0b8e81ea92,3.10.12,Linux 6.8.0-136-generic (x86_64),11th Gen Intel(R) Core(TM) i7-11850H @ 2.50GHz,16,wardn-thinkpad,"{""cuda-planning"": ""not-installed"", ""jupyddl"": ""2.3.0"", ""matplotlib"": ""3.10.9"", ""numpy"": ""2.2.6"", ""openplan-bench"": ""0.1.0"", ""pymapf"": ""0.8.0""}",3
mapf-scaling,mapf,pymapf,random_obstacles/16x16/n24/d0.15,random_obstacles/d0.15,lacam,,,,2,0,20.0,3072,solved,True,True,0.014249603998905513,335.0,,27,335,27,,,18.82,,,2026-08-21T16:41:42+00:00,0.1.0,7c0b8e81ea92,3.10.12,Linux 6.8.0-136-generic (x86_64),11th Gen Intel(R) Core(TM) i7-11850H @ 2.50GHz,16,wardn-thinkpad,"{""cuda-planning"": ""not-installed"", ""jupyddl"": ""2.3.0"", ""matplotlib"": ""3.10.9"", ""numpy"": ""2.2.6"", ""openplan-bench"": ""0.1.0"", ""pymapf"": ""0.8.0""}",3
mapf-scaling,mapf,pymapf,random_obstacles/16x16/n24/d0.15,random_obstacles/d0.15,lacam,,,,3,0,20.0,3072,solved,True,True,0.014935509003407788,434.0,,26,434,26,,,18.82,,,2026-08-21T16:41:43+00:00,0.1.0,7c0b8e81ea92,3.10.12,Linux 6.8.0-136-generic (x86_64),11th Gen Intel(R) Core(TM) i7-11850H @ 2.50GHz,16,wardn-thinkpad,"{""cuda-planning"": ""not-installed"", ""jupyddl"": ""2.3.0"", ""matplotlib"": ""3.10.9"", ""numpy"": ""2.2.6"", ""openplan-bench"": ""0.1.0"", ""pymapf"": ""0.8.0""}",3
mapf-scaling,mapf,pymapf,random_obstacles/16x16/n24/d0.15,random_obstacles/d0.15,lacam,,,,4,0,20.0,3072,solved,True,True,0.014361096000357065,291.0,,23,291,23,,,18.82,,,2026-08-21T16:41:43+00:00,0.1.0,7c0b8e81ea92,3.10.12,Linux 6.8.0-136-generic (x86_64),11th Gen Intel(R) Core(TM) i7-11850H @ 2.50GHz,16,wardn-thinkpad,"{""cuda-planning"": ""not-installed"", ""jupyddl"": ""2.3.0"", ""matplotlib"": ""3.10.9"", ""numpy"": ""2.2.6"", ""openplan-bench"": ""0.1.0"", ""pymapf"": ""0.8.0""}",3
mapf-scaling,mapf,pymapf,random_obstacles/16x16/n32/d0.15,random_obstacles/d0.15,cbs,,,,0,0,20.0,3072,timeout,False,False,20.009768587995495,,,,,,,,49.6,,time limit (20s) reached after 1884 nodes,2026-08-21T16:42:03+00:00,0.1.0,7c0b8e81ea92,3.10.12,Linux 6.8.0-136-generic (x86_64),11th Gen Intel(R) Core(TM) i7-11850H @ 2.50GHz,16,wardn-thinkpad,"{""cuda-planning"": ""not-installed"", ""jupyddl"": ""2.3.0"", ""matplotlib"": ""3.10.9"", ""numpy"": ""2.2.6"", ""openplan-bench"": ""0.1.0"", ""pymapf"": ""0.8.0""}",3
mapf-scaling,mapf,pymapf,random_obstacles/16x16/n32/d0.15,random_obstacles/d0.15,cbs,,,,1,0,20.0,3072,timeout,False,False,20.010894700004428,,,,,,,,66.97,,time limit (20s) reached after 2762 nodes,2026-08-21T16:42:23+00:00,0.1.0,7c0b8e81ea92,3.10.12,Linux 6.8.0-136-generic (x86_64),11th Gen Intel(R) Core(TM) i7-11850H @ 2.50GHz,16,wardn-thinkpad,"{""cuda-planning"": ""not-installed"", ""jupyddl"": ""2.3.0"", ""matplotlib"": ""3.10.9"", ""numpy"": ""2.2.6"", ""openplan-bench"": ""0.1.0"", ""pymapf"": ""0.8.0""}",3
mapf-scaling,mapf,pymapf,random_obstacles/16x16/n32/d0.15,random_obstacles/d0.15,cbs,,,,2,0,20.0,3072,timeout,False,False,20.017981292003242,,,,,,,,44.35,,time limit (20s) reached after 1627 nodes,2026-08-21T16:42:43+00:00,0.1.0,7c0b8e81ea92,3.10.12,Linux 6.8.0-136-generic (x86_64),11th Gen Intel(R) Core(TM) i7-11850H @ 2.50GHz,16,wardn-thinkpad,"{""cuda-planning"": ""not-installed"", ""jupyddl"": ""2.3.0"", ""matplotlib"": ""3.10.9"", ""numpy"": ""2.2.6"", ""openplan-bench"": ""0.1.0"", ""pymapf"": ""0.8.0""}",3
mapf-scaling,mapf,pymapf,random_obstacles/16x16/n32/d0.15,random_obstacles/d0.15,cbs,,,,3,0,20.0,3072,timeout,False,False,20.012902741997095,,,,,,,,52.85,,time limit (20s) reached after 2049 nodes,2026-08-21T16:43:03+00:00,0.1.0,7c0b8e81ea92,3.10.12,Linux 6.8.0-136-generic (x86_64),11th Gen Intel(R) Core(TM) i7-11850H @ 2.50GHz,16,wardn-thinkpad,"{""cuda-planning"": ""not-installed"", ""jupyddl"": ""2.3.0"", ""matplotlib"": ""3.10.9"", ""numpy"": ""2.2.6"", ""openplan-bench"": ""0.1.0"", ""pymapf"": ""0.8.0""}",3
mapf-scaling,mapf,pymapf,random_obstacles/16x16/n32/d0.15,random_obstacles/d0.15,cbs,,,,4,0,20.0,3072,timeout,False,False,20.00959947999945,,,,,,,,51.97,,time limit (20s) reached after 2021 nodes,2026-08-21T16:43:23+00:00,0.1.0,7c0b8e81ea92,3.10.12,Linux 6.8.0-136-generic (x86_64),11th Gen Intel(R) Core(TM) i7-11850H @ 2.50GHz,16,wardn-thinkpad,"{""cuda-planning"": ""not-installed"", ""jupyddl"": ""2.3.0"", ""matplotlib"": ""3.10.9"", ""numpy"": ""2.2.6"", ""openplan-bench"": ""0.1.0"", ""pymapf"": ""0.8.0""}",3
mapf-scaling,mapf,pymapf,random_obstacles/16x16/n32/d0.15,random_obstacles/d0.15,wcbs,,,"{""weight"": 1.5}",0,0,20.0,3072,solved,True,True,0.8310717720014509,332.0,,17,332,107,,,18.82,,,2026-08-21T16:43:24+00:00,0.1.0,7c0b8e81ea92,3.10.12,Linux 6.8.0-136-generic (x86_64),11th Gen Intel(R) Core(TM) i7-11850H @ 2.50GHz,16,wardn-thinkpad,"{""cuda-planning"": ""not-installed"", ""jupyddl"": ""2.3.0"", ""matplotlib"": ""3.10.9"", ""numpy"": ""2.2.6"", ""openplan-bench"": ""0.1.0"", ""pymapf"": ""0.8.0""}",3
mapf-scaling,mapf,pymapf,random_obstacles/16x16/n32/d0.15,random_obstacles/d0.15,wcbs,,,"{""weight"": 1.5}",1,0,20.0,3072,solved,True,True,0.7523432960006176,328.0,,18,328,89,,,18.82,,,2026-08-21T16:43:25+00:00,0.1.0,7c0b8e81ea92,3.10.12,Linux 6.8.0-136-generic (x86_64),11th Gen Intel(R) Core(TM) i7-11850H @ 2.50GHz,16,wardn-thinkpad,"{""cuda-planning"": ""not-installed"", ""jupyddl"": ""2.3.0"", ""matplotlib"": ""3.10.9"", ""numpy"": ""2.2.6"", ""openplan-bench"": ""0.1.0"", ""pymapf"": ""0.8.0""}",3
mapf-scaling,mapf,pymapf,random_obstacles/16x16/n32/d0.15,random_obstacles/d0.15,wcbs,,,"{""weight"": 1.5}",2,0,20.0,3072,solved,True,True,10.457636749000812,407.0,,23,407,980,,,52.97,,,2026-08-21T16:43:35+00:00,0.1.0,7c0b8e81ea92,3.10.12,Linux 6.8.0-136-generic (x86_64),11th Gen Intel(R) Core(TM) i7-11850H @ 2.50GHz,16,wardn-thinkpad,"{""cuda-planning"": ""not-installed"", ""jupyddl"": ""2.3.0"", ""matplotlib"": ""3.10.9"", ""numpy"": ""2.2.6"", ""openplan-bench"": ""0.1.0"", ""pymapf"": ""0.8.0""}",3
mapf-scaling,mapf,pymapf,random_obstacles/16x16/n32/d0.15,random_obstacles/d0.15,wcbs,,,"{""weight"": 1.5}",3,0,20.0,3072,solved,True,True,0.7297117209964199,399.0,,23,399,70,,,18.82,,,2026-08-21T16:43:36+00:00,0.1.0,7c0b8e81ea92,3.10.12,Linux 6.8.0-136-generic (x86_64),11th Gen Intel(R) Core(TM) i7-11850H @ 2.50GHz,16,wardn-thinkpad,"{""cuda-planning"": ""not-installed"", ""jupyddl"": ""2.3.0"", ""matplotlib"": ""3.10.9"", ""numpy"": ""2.2.6"", ""openplan-bench"": ""0.1.0"", ""pymapf"": ""0.8.0""}",3
mapf-scaling,mapf,pymapf,random_obstacles/16x16/n32/d0.15,random_obstacles/d0.15,wcbs,,,"{""weight"": 1.5}",4,0,20.0,3072,solved,True,True,1.1334154140058672,372.0,,23,372,103,,,18.82,,,2026-08-21T16:43:37+00:00,0.1.0,7c0b8e81ea92,3.10.12,Linux 6.8.0-136-generic (x86_64),11th Gen Intel(R) Core(TM) i7-11850H @ 2.50GHz,16,wardn-thinkpad,"{""cuda-planning"": ""not-installed"", ""jupyddl"": ""2.3.0"", ""matplotlib"": ""3.10.9"", ""numpy"": ""2.2.6"", ""openplan-bench"": ""0.1.0"", ""pymapf"": ""0.8.0""}",3
mapf-scaling,mapf,pymapf,random_obstacles/16x16/n32/d0.15,random_obstacles/d0.15,prioritized,,,,0,0,20.0,3072,unsolved,False,False,0.4931504859996494,,,,,,,,33.89,,agent 'a28' has no path under the reservations of the 28 higher-priority agents,2026-08-21T16:43:38+00:00,0.1.0,7c0b8e81ea92,3.10.12,Linux 6.8.0-136-generic (x86_64),11th Gen Intel(R) Core(TM) i7-11850H @ 2.50GHz,16,wardn-thinkpad,"{""cuda-planning"": ""not-installed"", ""jupyddl"": ""2.3.0"", ""matplotlib"": ""3.10.9"", ""numpy"": ""2.2.6"", ""openplan-bench"": ""0.1.0"", ""pymapf"": ""0.8.0""}",3
mapf-scaling,mapf,pymapf,random_obstacles/16x16/n32/d0.15,random_obstacles/d0.15,prioritized,,,,1,0,20.0,3072,solved,True,True,0.068079344004218,353.0,,19,353,32,,,18.82,,,2026-08-21T16:43:38+00:00,0.1.0,7c0b8e81ea92,3.10.12,Linux 6.8.0-136-generic (x86_64),11th Gen Intel(R) Core(TM) i7-11850H @ 2.50GHz,16,wardn-thinkpad,"{""cuda-planning"": ""not-installed"", ""jupyddl"": ""2.3.0"", ""matplotlib"": ""3.10.9"", ""numpy"": ""2.2.6"", ""openplan-bench"": ""0.1.0"", ""pymapf"": ""0.8.0""}",3
mapf-scaling,mapf,pymapf,random_obstacles/16x16/n32/d0.15,random_obstacles/d0.15,prioritized,,,,2,0,20.0,3072,unsolved,False,False,0.3809768069986603,,,,,,,,29.6,,agent 'a13' has no path under the reservations of the 13 higher-priority agents,2026-08-21T16:43:38+00:00,0.1.0,7c0b8e81ea92,3.10.12,Linux 6.8.0-136-generic (x86_64),11th Gen Intel(R) Core(TM) i7-11850H @ 2.50GHz,16,wardn-thinkpad,"{""cuda-planning"": ""not-installed"", ""jupyddl"": ""2.3.0"", ""matplotlib"": ""3.10.9"", ""numpy"": ""2.2.6"", ""openplan-bench"": ""0.1.0"", ""pymapf"": ""0.8.0""}",3
mapf-scaling,mapf,pymapf,random_obstacles/16x16/n32/d0.15,random_obstacles/d0.15,prioritized,,,,3,0,20.0,3072,solved,True,True,0.07371662300283788,385.0,,23,385,32,,,18.82,,,2026-08-21T16:43:38+00:00,0.1.0,7c0b8e81ea92,3.10.12,Linux 6.8.0-136-generic (x86_64),11th Gen Intel(R) Core(TM) i7-11850H @ 2.50GHz,16,wardn-thinkpad,"{""cuda-planning"": ""not-installed"", ""jupyddl"": ""2.3.0"", ""matplotlib"": ""3.10.9"", ""numpy"": ""2.2.6"", ""openplan-bench"": ""0.1.0"", ""pymapf"": ""0.8.0""}",3
mapf-scaling,mapf,pymapf,random_obstacles/16x16/n32/d0.15,random_obstacles/d0.15,prioritized,,,,4,0,20.0,3072,unsolved,False,False,0.48907953000161797,,,,,,,,34.18,,agent 'a28' has no path under the reservations of the 28 higher-priority agents,2026-08-21T16:43:39+00:00,0.1.0,7c0b8e81ea92,3.10.12,Linux 6.8.0-136-generic (x86_64),11th Gen Intel(R) Core(TM) i7-11850H @ 2.50GHz,16,wardn-thinkpad,"{""cuda-planning"": ""not-installed"", ""jupyddl"": ""2.3.0"", ""matplotlib"": ""3.10.9"", ""numpy"": ""2.2.6"", ""openplan-bench"": ""0.1.0"", ""pymapf"": ""0.8.0""}",3
mapf-scaling,mapf,pymapf,random_obstacles/16x16/n32/d0.15,random_obstacles/d0.15,pibt,,,,0,0,20.0,3072,solved,True,True,0.01771041799656814,465.0,,29,465,29,,,18.82,,,2026-08-21T16:43:39+00:00,0.1.0,7c0b8e81ea92,3.10.12,Linux 6.8.0-136-generic (x86_64),11th Gen Intel(R) Core(TM) i7-11850H @ 2.50GHz,16,wardn-thinkpad,"{""cuda-planning"": ""not-installed"", ""jupyddl"": ""2.3.0"", ""matplotlib"": ""3.10.9"", ""numpy"": ""2.2.6"", ""openplan-bench"": ""0.1.0"", ""pymapf"": ""0.8.0""}",3
mapf-scaling,mapf,pymapf,random_obstacles/16x16/n32/d0.15,random_obstacles/d0.15,pibt,,,,1,0,20.0,3072,solved,True,True,0.016069928999058902,425.0,,22,425,22,,,18.82,,,2026-08-21T16:43:39+00:00,0.1.0,7c0b8e81ea92,3.10.12,Linux 6.8.0-136-generic (x86_64),11th Gen Intel(R) Core(TM) i7-11850H @ 2.50GHz,16,wardn-thinkpad,"{""cuda-planning"": ""not-installed"", ""jupyddl"": ""2.3.0"", ""matplotlib"": ""3.10.9"", ""numpy"": ""2.2.6"", ""openplan-bench"": ""0.1.0"", ""pymapf"": ""0.8.0""}",3
mapf-scaling,mapf,pymapf,random_obstacles/16x16/n32/d0.15,random_obstacles/d0.15,pibt,,,,2,0,20.0,3072,unsolved,False,False,0.0638190969984862,,,,,,,,18.82,,livelock: 301 timesteps without reaching the goals,2026-08-21T16:43:39+00:00,0.1.0,7c0b8e81ea92,3.10.12,Linux 6.8.0-136-generic (x86_64),11th Gen Intel(R) Core(TM) i7-11850H @ 2.50GHz,16,wardn-thinkpad,"{""cuda-planning"": ""not-installed"", ""jupyddl"": ""2.3.0"", ""matplotlib"": ""3.10.9"", ""numpy"": ""2.2.6"", ""openplan-bench"": ""0.1.0"", ""pymapf"": ""0.8.0""}",3
mapf-scaling,mapf,pymapf,random_obstacles/16x16/n32/d0.15,random_obstacles/d0.15,pibt,,,,3,0,20.0,3072,solved,True,True,0.017478153000411112,539.0,,29,539,29,,,18.82,,,2026-08-21T16:43:39+00:00,0.1.0,7c0b8e81ea92,3.10.12,Linux 6.8.0-136-generic (x86_64),11th Gen Intel(R) Core(TM) i7-11850H @ 2.50GHz,16,wardn-thinkpad,"{""cuda-planning"": ""not-installed"", ""jupyddl"": ""2.3.0"", ""matplotlib"": ""3.10.9"", ""numpy"": ""2.2.6"", ""openplan-bench"": ""0.1.0"", ""pymapf"": ""0.8.0""}",3
mapf-scaling,mapf,pymapf,random_obstacles/16x16/n32/d0.15,random_obstacles/d0.15,pibt,,,,4,0,20.0,3072,solved,True,True,0.015866902002017014,520.0,,26,520,26,,,18.82,,,2026-08-21T16:43:39+00:00,0.1.0,7c0b8e81ea92,3.10.12,Linux 6.8.0-136-generic (x86_64),11th Gen Intel(R) Core(TM) i7-11850H @ 2.50GHz,16,wardn-thinkpad,"{""cuda-planning"": ""not-installed"", ""jupyddl"": ""2.3.0"", ""matplotlib"": ""3.10.9"", ""numpy"": ""2.2.6"", ""openplan-bench"": ""0.1.0"", ""pymapf"": ""0.8.0""}",3
mapf-scaling,mapf,pymapf,random_obstacles/16x16/n32/d0.15,random_obstacles/d0.15,lacam,,,,0,0,20.0,3072,solved,True,True,0.01997284800017951,489.0,,33,489,37,,,18.82,,,2026-08-21T16:43:39+00:00,0.1.0,7c0b8e81ea92,3.10.12,Linux 6.8.0-136-generic (x86_64),11th Gen Intel(R) Core(TM) i7-11850H @ 2.50GHz,16,wardn-thinkpad,"{""cuda-planning"": ""not-installed"", ""jupyddl"": ""2.3.0"", ""matplotlib"": ""3.10.9"", ""numpy"": ""2.2.6"", ""openplan-bench"": ""0.1.0"", ""pymapf"": ""0.8.0""}",3
mapf-scaling,mapf,pymapf,random_obstacles/16x16/n32/d0.15,random_obstacles/d0.15,lacam,,,,1,0,20.0,3072,solved,True,True,0.01666797199868597,425.0,,22,425,22,,,18.82,,,2026-08-21T16:43:39+00:00,0.1.0,7c0b8e81ea92,3.10.12,Linux 6.8.0-136-generic (x86_64),11th Gen Intel(R) Core(TM) i7-11850H @ 2.50GHz,16,wardn-thinkpad,"{""cuda-planning"": ""not-installed"", ""jupyddl"": ""2.3.0"", ""matplotlib"": ""3.10.9"", ""numpy"": ""2.2.6"", ""openplan-bench"": ""0.1.0"", ""pymapf"": ""0.8.0""}",3
mapf-scaling,mapf,pymapf,random_obstacles/16x16/n32/d0.15,random_obstacles/d0.15,lacam,,,,2,0,20.0,3072,solved,True,True,0.021807427001476754,679.0,,41,679,44,,,18.82,,,2026-08-21T16:43:39+00:00,0.1.0,7c0b8e81ea92,3.10.12,Linux 6.8.0-136-generic (x86_64),11th Gen Intel(R) Core(TM) i7-11850H @ 2.50GHz,16,wardn-thinkpad,"{""cuda-planning"": ""not-installed"", ""jupyddl"": ""2.3.0"", ""matplotlib"": ""3.10.9"", ""numpy"": ""2.2.6"", ""openplan-bench"": ""0.1.0"", ""pymapf"": ""0.8.0""}",3
mapf-scaling,mapf,pymapf,random_obstacles/16x16/n32/d0.15,random_obstacles/d0.15,lacam,,,,3,0,20.0,3072,solved,True,True,0.018514622002840042,539.0,,29,539,29,,,18.82,,,2026-08-21T16:43:39+00:00,0.1.0,7c0b8e81ea92,3.10.12,Linux 6.8.0-136-generic (x86_64),11th Gen Intel(R) Core(TM) i7-11850H @ 2.50GHz,16,wardn-thinkpad,"{""cuda-planning"": ""not-installed"", ""jupyddl"": ""2.3.0"", ""matplotlib"": ""3.10.9"", ""numpy"": ""2.2.6"", ""openplan-bench"": ""0.1.0"", ""pymapf"": ""0.8.0""}",3
mapf-scaling,mapf,pymapf,random_obstacles/16x16/n32/d0.15,random_obstacles/d0.15,lacam,,,,4,0,20.0,3072,solved,True,True,0.01711620100104483,520.0,,26,520,26,,,18.82,,,2026-08-21T16:43:39+00:00,0.1.0,7c0b8e81ea92,3.10.12,Linux 6.8.0-136-generic (x86_64),11th Gen Intel(R) Core(TM) i7-11850H @ 2.50GHz,16,wardn-thinkpad,"{""cuda-planning"": ""not-installed"", ""jupyddl"": ""2.3.0"", ""matplotlib"": ""3.10.9"", ""numpy"": ""2.2.6"", ""openplan-bench"": ""0.1.0"", ""pymapf"": ""0.8.0""}",3
mapf-scaling,mapf,pymapf,random_obstacles/24x24/n4/d0.15,random_obstacles/d0.15,cbs,,,,0,0,20.0,3072,solved,True,True,0.002992300003825221,98.0,,32,98,1,,,18.82,,,2026-08-21T16:43:39+00:00,0.1.0,7c0b8e81ea92,3.10.12,Linux 6.8.0-136-generic (x86_64),11th Gen Intel(R) Core(TM) i7-11850H @ 2.50GHz,16,wardn-thinkpad,"{""cuda-planning"": ""not-installed"", ""jupyddl"": ""2.3.0"", ""matplotlib"": ""3.10.9"", ""numpy"": ""2.2.6"", ""openplan-bench"": ""0.1.0"", ""pymapf"": ""0.8.0""}",3
mapf-scaling,mapf,pymapf,random_obstacles/24x24/n4/d0.15,random_obstacles/d0.15,cbs,,,,1,0,20.0,3072,solved,True,True,0.018933423001726624,77.0,,26,77,4,,,18.82,,,2026-08-21T16:43:39+00:00,0.1.0,7c0b8e81ea92,3.10.12,Linux 6.8.0-136-generic (x86_64),11th Gen Intel(R) Core(TM) i7-11850H @ 2.50GHz,16,wardn-thinkpad,"{""cuda-planning"": ""not-installed"", ""jupyddl"": ""2.3.0"", ""matplotlib"": ""3.10.9"", ""numpy"": ""2.2.6"", ""openplan-bench"": ""0.1.0"", ""pymapf"": ""0.8.0""}",3
mapf-scaling,mapf,pymapf,random_obstacles/24x24/n4/d0.15,random_obstacles/d0.15,cbs,,,,2,0,20.0,3072,solved,True,True,0.007423709997965489,86.0,,26,86,2,,,18.82,,,2026-08-21T16:43:39+00:00,0.1.0,7c0b8e81ea92,3.10.12,Linux 6.8.0-136-generic (x86_64),11th Gen Intel(R) Core(TM) i7-11850H @ 2.50GHz,16,wardn-thinkpad,"{""cuda-planning"": ""not-installed"", ""jupyddl"": ""2.3.0"", ""matplotlib"": ""3.10.9"", ""numpy"": ""2.2.6"", ""openplan-bench"": ""0.1.0"", ""pymapf"": ""0.8.0""}",3
mapf-scaling,mapf,pymapf,random_obstacles/24x24/n4/d0.15,random_obstacles/d0.15,cbs,,,,3,0,20.0,3072,solved,True,True,0.0020415190010680817,51.0,,16,51,1,,,18.82,,,2026-08-21T16:43:39+00:00,0.1.0,7c0b8e81ea92,3.10.12,Linux 6.8.0-136-generic (x86_64),11th Gen Intel(R) Core(TM) i7-11850H @ 2.50GHz,16,wardn-thinkpad,"{""cuda-planning"": ""not-installed"", ""jupyddl"": ""2.3.0"", ""matplotlib"": ""3.10.9"", ""numpy"": ""2.2.6"", ""openplan-bench"": ""0.1.0"", ""pymapf"": ""0.8.0""}",3
mapf-scaling,mapf,pymapf,random_obstacles/24x24/n4/d0.15,random_obstacles/d0.15,cbs,,,,4,0,20.0,3072,solved,True,True,0.0007019240001682192,42.0,,19,42,1,,,18.82,,,2026-08-21T16:43:40+00:00,0.1.0,7c0b8e81ea92,3.10.12,Linux 6.8.0-136-generic (x86_64),11th Gen Intel(R) Core(TM) i7-11850H @ 2.50GHz,16,wardn-thinkpad,"{""cuda-planning"": ""not-installed"", ""jupyddl"": ""2.3.0"", ""matplotlib"": ""3.10.9"", ""numpy"": ""2.2.6"", ""openplan-bench"": ""0.1.0"", ""pymapf"": ""0.8.0""}",3
mapf-scaling,mapf,pymapf,random_obstacles/24x24/n4/d0.15,random_obstacles/d0.15,wcbs,,,"{""weight"": 1.5}",0,0,20.0,3072,solved,True,True,0.003079970003454946,98.0,,32,98,1,,,18.82,,,2026-08-21T16:43:40+00:00,0.1.0,7c0b8e81ea92,3.10.12,Linux 6.8.0-136-generic (x86_64),11th Gen Intel(R) Core(TM) i7-11850H @ 2.50GHz,16,wardn-thinkpad,"{""cuda-planning"": ""not-installed"", ""jupyddl"": ""2.3.0"", ""matplotlib"": ""3.10.9"", ""numpy"": ""2.2.6"", ""openplan-bench"": ""0.1.0"", ""pymapf"": ""0.8.0""}",3
mapf-scaling,mapf,pymapf,random_obstacles/24x24/n4/d0.15,random_obstacles/d0.15,wcbs,,,"{""weight"": 1.5}",1,0,20.0,3072,solved,True,True,0.018768641995848157,77.0,,26,77,4,,,18.82,,,2026-08-21T16:43:40+00:00,0.1.0,7c0b8e81ea92,3.10.12,Linux 6.8.0-136-generic (x86_64),11th Gen Intel(R) Core(TM) i7-11850H @ 2.50GHz,16,wardn-thinkpad,"{""cuda-planning"": ""not-installed"", ""jupyddl"": ""2.3.0"", ""matplotlib"": ""3.10.9"", ""numpy"": ""2.2.6"", ""openplan-bench"": ""0.1.0"", ""pymapf"": ""0.8.0""}",3
mapf-scaling,mapf,pymapf,random_obstacles/24x24/n4/d0.15,random_obstacles/d0.15,wcbs,,,"{""weight"": 1.5}",2,0,20.0,3072,solved,True,True,0.007520760998886544,86.0,,26,86,2,,,18.82,,,2026-08-21T16:43:40+00:00,0.1.0,7c0b8e81ea92,3.10.12,Linux 6.8.0-136-generic (x86_64),11th Gen Intel(R) Core(TM) i7-11850H @ 2.50GHz,16,wardn-thinkpad,"{""cuda-planning"": ""not-installed"", ""jupyddl"": ""2.3.0"", ""matplotlib"": ""3.10.9"", ""numpy"": ""2.2.6"", ""openplan-bench"": ""0.1.0"", ""pymapf"": ""0.8.0""}",3
mapf-scaling,mapf,pymapf,random_obstacles/24x24/n4/d0.15,random_obstacles/d0.15,wcbs,,,"{""weight"": 1.5}",3,0,20.0,3072,solved,True,True,0.0020644420001190156,51.0,,16,51,1,,,18.82,,,2026-08-21T16:43:40+00:00,0.1.0,7c0b8e81ea92,3.10.12,Linux 6.8.0-136-generic (x86_64),11th Gen Intel(R) Core(TM) i7-11850H @ 2.50GHz,16,wardn-thinkpad,"{""cuda-planning"": ""not-installed"", ""jupyddl"": ""2.3.0"", ""matplotlib"": ""3.10.9"", ""numpy"": ""2.2.6"", ""openplan-bench"": ""0.1.0"", ""pymapf"": ""0.8.0""}",3
mapf-scaling,mapf,pymapf,random_obstacles/24x24/n4/d0.15,random_obstacles/d0.15,wcbs,,,"{""weight"": 1.5}",4,0,20.0,3072,solved,True,True,0.0007291989968507551,42.0,,19,42,1,,,18.82,,,2026-08-21T16:43:40+00:00,0.1.0,7c0b8e81ea92,3.10.12,Linux 6.8.0-136-generic (x86_64),11th Gen Intel(R) Core(TM) i7-11850H @ 2.50GHz,16,wardn-thinkpad,"{""cuda-planning"": ""not-installed"", ""jupyddl"": ""2.3.0"", ""matplotlib"": ""3.10.9"", ""numpy"": ""2.2.6"", ""openplan-bench"": ""0.1.0"", ""pymapf"": ""0.8.0""}",3
mapf-scaling,mapf,pymapf,random_obstacles/24x24/n4/d0.15,random_obstacles/d0.15,prioritized,,,,0,0,20.0,3072,solved,True,True,0.0036822580004809424,98.0,,32,98,4,,,18.82,,,2026-08-21T16:43:40+00:00,0.1.0,7c0b8e81ea92,3.10.12,Linux 6.8.0-136-generic (x86_64),11th Gen Intel(R) Core(TM) i7-11850H @ 2.50GHz,16,wardn-thinkpad,"{""cuda-planning"": ""not-installed"", ""jupyddl"": ""2.3.0"", ""matplotlib"": ""3.10.9"", ""numpy"": ""2.2.6"", ""openplan-bench"": ""0.1.0"", ""pymapf"": ""0.8.0""}",3
mapf-scaling,mapf,pymapf,random_obstacles/24x24/n4/d0.15,random_obstacles/d0.15,prioritized,,,,1,0,20.0,3072,solved,True,True,0.004256981999787968,77.0,,26,77,4,,,18.82,,,2026-08-21T16:43:40+00:00,0.1.0,7c0b8e81ea92,3.10.12,Linux 6.8.0-136-generic (x86_64),11th Gen Intel(R) Core(TM) i7-11850H @ 2.50GHz,16,wardn-thinkpad,"{""cuda-planning"": ""not-installed"", ""jupyddl"": ""2.3.0"", ""matplotlib"": ""3.10.9"", ""numpy"": ""2.2.6"", ""openplan-bench"": ""0.1.0"", ""pymapf"": ""0.8.0""}",3
mapf-scaling,mapf,pymapf,random_obstacles/24x24/n4/d0.15,random_obstacles/d0.15,prioritized,,,,2,0,20.0,3072,solved,True,True,0.004479083996557165,86.0,,26,86,4,,,18.82,,,2026-08-21T16:43:40+00:00,0.1.0,7c0b8e81ea92,3.10.12,Linux 6.8.0-136-generic (x86_64),11th Gen Intel(R) Core(TM) i7-11850H @ 2.50GHz,16,wardn-thinkpad,"{""cuda-planning"": ""not-installed"", ""jupyddl"": ""2.3.0"", ""matplotlib"": ""3.10.9"", ""numpy"": ""2.2.6"", ""openplan-bench"": ""0.1.0"", ""pymapf"": ""0.8.0""}",3
mapf-scaling,mapf,pymapf,random_obstacles/24x24/n4/d0.15,random_obstacles/d0.15,prioritized,,,,3,0,20.0,3072,solved,True,True,0.002711485998588614,51.0,,16,51,4,,,18.82,,,2026-08-21T16:43:40+00:00,0.1.0,7c0b8e81ea92,3.10.12,Linux 6.8.0-136-generic (x86_64),11th Gen Intel(R) Core(TM) i7-11850H @ 2.50GHz,16,wardn-thinkpad,"{""cuda-planning"": ""not-installed"", ""jupyddl"": ""2.3.0"", ""matplotlib"": ""3.10.9"", ""numpy"": ""2.2.6"", ""openplan-bench"": ""0.1.0"", ""pymapf"": ""0.8.0""}",3
mapf-scaling,mapf,pymapf,random_obstacles/24x24/n4/d0.15,random_obstacles/d0.15,prioritized,,,,4,0,20.0,3072,solved,True,True,0.0013105749967508018,42.0,,19,42,4,,,18.82,,,2026-08-21T16:43:40+00:00,0.1.0,7c0b8e81ea92,3.10.12,Linux 6.8.0-136-generic (x86_64),11th Gen Intel(R) Core(TM) i7-11850H @ 2.50GHz,16,wardn-thinkpad,"{""cuda-planning"": ""not-installed"", ""jupyddl"": ""2.3.0"", ""matplotlib"": ""3.10.9"", ""numpy"": ""2.2.6"", ""openplan-bench"": ""0.1.0"", ""pymapf"": ""0.8.0""}",3
mapf-scaling,mapf,pymapf,random_obstacles/24x24/n4/d0.15,random_obstacles/d0.15,pibt,,,,0,0,20.0,3072,solved,True,True,0.005014405003748834,98.0,,32,98,32,,,18.82,,,2026-08-21T16:43:40+00:00,0.1.0,7c0b8e81ea92,3.10.12,Linux 6.8.0-136-generic (x86_64),11th Gen Intel(R) Core(TM) i7-11850H @ 2.50GHz,16,wardn-thinkpad,"{""cuda-planning"": ""not-installed"", ""jupyddl"": ""2.3.0"", ""matplotlib"": ""3.10.9"", ""numpy"": ""2.2.6"", ""openplan-bench"": ""0.1.0"", ""pymapf"": ""0.8.0""}",3
mapf-scaling,mapf,pymapf,random_obstacles/24x24/n4/d0.15,random_obstacles/d0.15,pibt,,,,1,0,20.0,3072,solved,True,True,0.0045447860029526055,87.0,,24,87,24,,,18.82,,,2026-08-21T16:43:40+00:00,0.1.0,7c0b8e81ea92,3.10.12,Linux 6.8.0-136-generic (x86_64),11th Gen Intel(R) Core(TM) i7-11850H @ 2.50GHz,16,wardn-thinkpad,"{""cuda-planning"": ""not-installed"", ""jupyddl"": ""2.3.0"", ""matplotlib"": ""3.10.9"", ""numpy"": ""2.2.6"", ""openplan-bench"": ""0.1.0"", ""pymapf"": ""0.8.0""}",3
mapf-scaling,mapf,pymapf,random_obstacles/24x24/n4/d0.15,random_obstacles/d0.15,pibt,,,,2,0,20.0,3072,solved,True,True,0.004550603000097908,86.0,,26,86,26,,,18.82,,,2026-08-21T16:43:40+00:00,0.1.0,7c0b8e81ea92,3.10.12,Linux 6.8.0-136-generic (x86_64),11th Gen Intel(R) Core(TM) i7-11850H @ 2.50GHz,16,wardn-thinkpad,"{""cuda-planning"": ""not-installed"", ""jupyddl"": ""2.3.0"", ""matplotlib"": ""3.10.9"", ""numpy"": ""2.2.6"", ""openplan-bench"": ""0.1.0"", ""pymapf"": ""0.8.0""}",3
mapf-scaling,mapf,pymapf,random_obstacles/24x24/n4/d0.15,random_obstacles/d0.15,pibt,,,,3,0,20.0,3072,solved,True,True,0.004285522001737263,51.0,,16,51,16,,,18.82,,,2026-08-21T16:43:40+00:00,0.1.0,7c0b8e81ea92,3.10.12,Linux 6.8.0-136-generic (x86_64),11th Gen Intel(R) Core(TM) i7-11850H @ 2.50GHz,16,wardn-thinkpad,"{""cuda-planning"": ""not-installed"", ""jupyddl"": ""2.3.0"", ""matplotlib"": ""3.10.9"", ""numpy"": ""2.2.6"", ""openplan-bench"": ""0.1.0"", ""pymapf"": ""0.8.0""}",3
mapf-scaling,mapf,pymapf,random_obstacles/24x24/n4/d0.15,random_obstacles/d0.15,pibt,,,,4,0,20.0,3072,solved,True,True,0.004304824004066177,42.0,,19,42,19,,,18.82,,,2026-08-21T16:43:40+00:00,0.1.0,7c0b8e81ea92,3.10.12,Linux 6.8.0-136-generic (x86_64),11th Gen Intel(R) Core(TM) i7-11850H @ 2.50GHz,16,wardn-thinkpad,"{""cuda-planning"": ""not-installed"", ""jupyddl"": ""2.3.0"", ""matplotlib"": ""3.10.9"", ""numpy"": ""2.2.6"", ""openplan-bench"": ""0.1.0"", ""pymapf"": ""0.8.0""}",3
mapf-scaling,mapf,pymapf,random_obstacles/24x24/n4/d0.15,random_obstacles/d0.15,lacam,,,,0,0,20.0,3072,solved,True,True,0.005341657000826672,98.0,,32,98,32,,,18.82,,,2026-08-21T16:43:40+00:00,0.1.0,7c0b8e81ea92,3.10.12,Linux 6.8.0-136-generic (x86_64),11th Gen Intel(R) Core(TM) i7-11850H @ 2.50GHz,16,wardn-thinkpad,"{""cuda-planning"": ""not-installed"", ""jupyddl"": ""2.3.0"", ""matplotlib"": ""3.10.9"", ""numpy"": ""2.2.6"", ""openplan-bench"": ""0.1.0"", ""pymapf"": ""0.8.0""}",3
mapf-scaling,mapf,pymapf,random_obstacles/24x24/n4/d0.15,random_obstacles/d0.15,lacam,,,,1,0,20.0,3072,solved,True,True,0.004764740995597094,87.0,,24,87,24,,,18.82,,,2026-08-21T16:43:40+00:00,0.1.0,7c0b8e81ea92,3.10.12,Linux 6.8.0-136-generic (x86_64),11th Gen Intel(R) Core(TM) i7-11850H @ 2.50GHz,16,wardn-thinkpad,"{""cuda-planning"": ""not-installed"", ""jupyddl"": ""2.3.0"", ""matplotlib"": ""3.10.9"", ""numpy"": ""2.2.6"", ""openplan-bench"": ""0.1.0"", ""pymapf"": ""0.8.0""}",3
mapf-scaling,mapf,pymapf,random_obstacles/24x24/n4/d0.15,random_obstacles/d0.15,lacam,,,,2,0,20.0,3072,solved,True,True,0.004993779002688825,86.0,,26,86,26,,,18.82,,,2026-08-21T16:43:40+00:00,0.1.0,7c0b8e81ea92,3.10.12,Linux 6.8.0-136-generic (x86_64),11th Gen Intel(R) Core(TM) i7-11850H @ 2.50GHz,16,wardn-thinkpad,"{""cuda-planning"": ""not-installed"", ""jupyddl"": ""2.3.0"", ""matplotlib"": ""3.10.9"", ""numpy"": ""2.2.6"", ""openplan-bench"": ""0.1.0"", ""pymapf"": ""0.8.0""}",3
mapf-scaling,mapf,pymapf,random_obstacles/24x24/n4/d0.15,random_obstacles/d0.15,lacam,,,,3,0,20.0,3072,solved,True,True,0.004605850997904781,51.0,,16,51,16,,,18.82,,,2026-08-21T16:43:40+00:00,0.1.0,7c0b8e81ea92,3.10.12,Linux 6.8.0-136-generic (x86_64),11th Gen Intel(R) Core(TM) i7-11850H @ 2.50GHz,16,wardn-thinkpad,"{""cuda-planning"": ""not-installed"", ""jupyddl"": ""2.3.0"", ""matplotlib"": ""3.10.9"", ""numpy"": ""2.2.6"", ""openplan-bench"": ""0.1.0"", ""pymapf"": ""0.8.0""}",3
mapf-scaling,mapf,pymapf,random_obstacles/24x24/n4/d0.15,random_obstacles/d0.15,lacam,,,,4,0,20.0,3072,solved,True,True,0.004508960999373812,42.0,,19,42,19,,,18.82,,,2026-08-21T16:43:40+00:00,0.1.0,7c0b8e81ea92,3.10.12,Linux 6.8.0-136-generic (x86_64),11th Gen Intel(R) Core(TM) i7-11850H @ 2.50GHz,16,wardn-thinkpad,"{""cuda-planning"": ""not-installed"", ""jupyddl"": ""2.3.0"", ""matplotlib"": ""3.10.9"", ""numpy"": ""2.2.6"", ""openplan-bench"": ""0.1.0"", ""pymapf"": ""0.8.0""}",3
mapf-scaling,mapf,pymapf,random_obstacles/24x24/n8/d0.15,random_obstacles/d0.15,cbs,,,,0,0,20.0,3072,solved,True,True,0.36659062300168443,153.0,,25,153,211,,,18.82,,,2026-08-21T16:43:41+00:00,0.1.0,7c0b8e81ea92,3.10.12,Linux 6.8.0-136-generic (x86_64),11th Gen Intel(R) Core(TM) i7-11850H @ 2.50GHz,16,wardn-thinkpad,"{""cuda-planning"": ""not-installed"", ""jupyddl"": ""2.3.0"", ""matplotlib"": ""3.10.9"", ""numpy"": ""2.2.6"", ""openplan-bench"": ""0.1.0"", ""pymapf"": ""0.8.0""}",3
mapf-scaling,mapf,pymapf,random_obstacles/24x24/n8/d0.15,random_obstacles/d0.15,cbs,,,,1,0,20.0,3072,solved,True,True,0.0054434099947684444,144.0,,25,144,2,,,18.82,,,2026-08-21T16:43:41+00:00,0.1.0,7c0b8e81ea92,3.10.12,Linux 6.8.0-136-generic (x86_64),11th Gen Intel(R) Core(TM) i7-11850H @ 2.50GHz,16,wardn-thinkpad,"{""cuda-planning"": ""not-installed"", ""jupyddl"": ""2.3.0"", ""matplotlib"": ""3.10.9"", ""numpy"": ""2.2.6"", ""openplan-bench"": ""0.1.0"", ""pymapf"": ""0.8.0""}",3
mapf-scaling,mapf,pymapf,random_obstacles/24x24/n8/d0.15,random_obstacles/d0.15,cbs,,,,2,0,20.0,3072,solved,True,True,0.0031446419961866923,128.0,,20,128,1,,,18.82,,,2026-08-21T16:43:41+00:00,0.1.0,7c0b8e81ea92,3.10.12,Linux 6.8.0-136-generic (x86_64),11th Gen Intel(R) Core(TM) i7-11850H @ 2.50GHz,16,wardn-thinkpad,"{""cuda-planning"": ""not-installed"", ""jupyddl"": ""2.3.0"", ""matplotlib"": ""3.10.9"", ""numpy"": ""2.2.6"", ""openplan-bench"": ""0.1.0"", ""pymapf"": ""0.8.0""}",3
mapf-scaling,mapf,pymapf,random_obstacles/24x24/n8/d0.15,random_obstacles/d0.15,cbs,,,,3,0,20.0,3072,solved,True,True,0.03059118000237504,94.0,,34,94,10,,,18.82,,,2026-08-21T16:43:41+00:00,0.1.0,7c0b8e81ea92,3.10.12,Linux 6.8.0-136-generic (x86_64),11th Gen Intel(R) Core(TM) i7-11850H @ 2.50GHz,16,wardn-thinkpad,"{""cuda-planning"": ""not-installed"", ""jupyddl"": ""2.3.0"", ""matplotlib"": ""3.10.9"", ""numpy"": ""2.2.6"", ""openplan-bench"": ""0.1.0"", ""pymapf"": ""0.8.0""}",3
mapf-scaling,mapf,pymapf,random_obstacles/24x24/n8/d0.15,random_obstacles/d0.15,cbs,,,,4,0,20.0,3072,solved,True,True,0.005478421997395344,113.0,,27,113,3,,,18.82,,,2026-08-21T16:43:41+00:00,0.1.0,7c0b8e81ea92,3.10.12,Linux 6.8.0-136-generic (x86_64),11th Gen Intel(R) Core(TM) i7-11850H @ 2.50GHz,16,wardn-thinkpad,"{""cuda-planning"": ""not-installed"", ""jupyddl"": ""2.3.0"", ""matplotlib"": ""3.10.9"", ""numpy"": ""2.2.6"", ""openplan-bench"": ""0.1.0"", ""pymapf"": ""0.8.0""}",3
mapf-scaling,mapf,pymapf,random_obstacles/24x24/n8/d0.15,random_obstacles/d0.15,wcbs,,,"{""weight"": 1.5}",0,0,20.0,3072,solved,True,True,0.011455353997007478,154.0,,26,154,6,,,18.82,,,2026-08-21T16:43:41+00:00,0.1.0,7c0b8e81ea92,3.10.12,Linux 6.8.0-136-generic (x86_64),11th Gen Intel(R) Core(TM) i7-11850H @ 2.50GHz,16,wardn-thinkpad,"{""cuda-planning"": ""not-installed"", ""jupyddl"": ""2.3.0"", ""matplotlib"": ""3.10.9"", ""numpy"": ""2.2.6"", ""openplan-bench"": ""0.1.0"", ""pymapf"": ""0.8.0""}",3
mapf-scaling,mapf,pymapf,random_obstacles/24x24/n8/d0.15,random_obstacles/d0.15,wcbs,,,"{""weight"": 1.5}",1,0,20.0,3072,solved,True,True,0.00532453200139571,144.0,,25,144,2,,,18.82,,,2026-08-21T16:43:41+00:00,0.1.0,7c0b8e81ea92,3.10.12,Linux 6.8.0-136-generic (x86_64),11th Gen Intel(R) Core(TM) i7-11850H @ 2.50GHz,16,wardn-thinkpad,"{""cuda-planning"": ""not-installed"", ""jupyddl"": ""2.3.0"", ""matplotlib"": ""3.10.9"", ""numpy"": ""2.2.6"", ""openplan-bench"": ""0.1.0"", ""pymapf"": ""0.8.0""}",3
mapf-scaling,mapf,pymapf,random_obstacles/24x24/n8/d0.15,random_obstacles/d0.15,wcbs,,,"{""weight"": 1.5}",2,0,20.0,3072,solved,True,True,0.003163173001667019,128.0,,20,128,1,,,18.82,,,2026-08-21T16:43:41+00:00,0.1.0,7c0b8e81ea92,3.10.12,Linux 6.8.0-136-generic (x86_64),11th Gen Intel(R) Core(TM) i7-11850H @ 2.50GHz,16,wardn-thinkpad,"{""cuda-planning"": ""not-installed"", ""jupyddl"": ""2.3.0"", ""matplotlib"": ""3.10.9"", ""numpy"": ""2.2.6"", ""openplan-bench"": ""0.1.0"", ""pymapf"": ""0.8.0""}",3
mapf-scaling,mapf,pymapf,random_obstacles/24x24/n8/d0.15,random_obstacles/d0.15,wcbs,,,"{""weight"": 1.5}",3,0,20.0,3072,solved,True,True,0.018307278005522676,95.0,,32,95,6,,,18.82,,,2026-08-21T16:43:41+00:00,0.1.0,7c0b8e81ea92,3.10.12,Linux 6.8.0-136-generic (x86_64),11th Gen Intel(R) Core(TM) i7-11850H @ 2.50GHz,16,wardn-thinkpad,"{""cuda-planning"": ""not-installed"", ""jupyddl"": ""2.3.0"", ""matplotlib"": ""3.10.9"", ""numpy"": ""2.2.6"", ""openplan-bench"": ""0.1.0"", ""pymapf"": ""0.8.0""}",3
mapf-scaling,mapf,pymapf,random_obstacles/24x24/n8/d0.15,random_obstacles/d0.15,wcbs,,,"{""weight"": 1.5}",4,0,20.0,3072,solved,True,True,0.005373480002162978,113.0,,27,113,3,,,18.82,,,2026-08-21T16:43:41+00:00,0.1.0,7c0b8e81ea92,3.10.12,Linux 6.8.0-136-generic (x86_64),11th Gen Intel(R) Core(TM) i7-11850H @ 2.50GHz,16,wardn-thinkpad,"{""cuda-planning"": ""not-installed"", ""jupyddl"": ""2.3.0"", ""matplotlib"": ""3.10.9"", ""numpy"": ""2.2.6"", ""openplan-bench"": ""0.1.0"", ""pymapf"": ""0.8.0""}",3
mapf-scaling,mapf,pymapf,random_obstacles/24x24/n8/d0.15,random_obstacles/d0.15,prioritized,,,,0,0,20.0,3072,solved,True,True,0.007661541996640153,156.0,,26,156,8,,,18.82,,,2026-08-21T16:43:41+00:00,0.1.0,7c0b8e81ea92,3.10.12,Linux 6.8.0-136-generic (x86_64),11th Gen Intel(R) Core(TM) i7-11850H @ 2.50GHz,16,wardn-thinkpad,"{""cuda-planning"": ""not-installed"", ""jupyddl"": ""2.3.0"", ""matplotlib"": ""3.10.9"", ""numpy"": ""2.2.6"", ""openplan-bench"": ""0.1.0"", ""pymapf"": ""0.8.0""}",3
mapf-scaling,mapf,pymapf,random_obstacles/24x24/n8/d0.15,random_obstacles/d0.15,prioritized,,,,1,0,20.0,3072,solved,True,True,0.007359399998676963,144.0,,25,144,8,,,18.82,,,2026-08-21T16:43:41+00:00,0.1.0,7c0b8e81ea92,3.10.12,Linux 6.8.0-136-generic (x86_64),11th Gen Intel(R) Core(TM) i7-11850H @ 2.50GHz,16,wardn-thinkpad,"{""cuda-planning"": ""not-installed"", ""jupyddl"": ""2.3.0"", ""matplotlib"": ""3.10.9"", ""numpy"": ""2.2.6"", ""openplan-bench"": ""0.1.0"", ""pymapf"": ""0.8.0""}",3
mapf-scaling,mapf,pymapf,random_obstacles/24x24/n8/d0.15,random_obstacles/d0.15,prioritized,,,,2,0,20.0,3072,solved,True,True,0.006654600998444948,128.0,,20,128,8,,,18.82,,,2026-08-21T16:43:41+00:00,0.1.0,7c0b8e81ea92,3.10.12,Linux 6.8.0-136-generic (x86_64),11th Gen Intel(R) Core(TM) i7-11850H @ 2.50GHz,16,wardn-thinkpad,"{""cuda-planning"": ""not-installed"", ""jupyddl"": ""2.3.0"", ""matplotlib"": ""3.10.9"", ""numpy"": ""2.2.6"", ""openplan-bench"": ""0.1.0"", ""pymapf"": ""0.8.0""}",3
mapf-scaling,mapf,pymapf,random_obstacles/24x24/n8/d0.15,random_obstacles/d0.15,prioritized,,,,3,0,20.0,3072,solved,True,True,0.007850257999962196,94.0,,34,94,8,,,18.82,,,2026-08-21T16:43:41+00:00,0.1.0,7c0b8e81ea92,3.10.12,Linux 6.8.0-136-generic (x86_64),11th Gen Intel(R) Core(TM) i7-11850H @ 2.50GHz,16,wardn-thinkpad,"{""cuda-planning"": ""not-installed"", ""jupyddl"": ""2.3.0"", ""matplotlib"": ""3.10.9"", ""numpy"": ""2.2.6"", ""openplan-bench"": ""0.1.0"", ""pymapf"": ""0.8.0""}",3
mapf-scaling,mapf,pymapf,random_obstacles/24x24/n8/d0.15,random_obstacles/d0.15,prioritized,,,,4,0,20.0,3072,solved,True,True,0.009764228998392355,115.0,,27,115,8,,,18.82,,,2026-08-21T16:43:41+00:00,0.1.0,7c0b8e81ea92,3.10.12,Linux 6.8.0-136-generic (x86_64),11th Gen Intel(R) Core(TM) i7-11850H @ 2.50GHz,16,wardn-thinkpad,"{""cuda-planning"": ""not-installed"", ""jupyddl"": ""2.3.0"", ""matplotlib"": ""3.10.9"", ""numpy"": ""2.2.6"", ""openplan-bench"": ""0.1.0"", ""pymapf"": ""0.8.0""}",3
mapf-scaling,mapf,pymapf,random_obstacles/24x24/n8/d0.15,random_obstacles/d0.15,pibt,,,,0,0,20.0,3072,solved,True,True,0.009015078001539223,174.0,,27,174,27,,,18.82,,,2026-08-21T16:43:41+00:00,0.1.0,7c0b8e81ea92,3.10.12,Linux 6.8.0-136-generic (x86_64),11th Gen Intel(R) Core(TM) i7-11850H @ 2.50GHz,16,wardn-thinkpad,"{""cuda-planning"": ""not-installed"", ""jupyddl"": ""2.3.0"", ""matplotlib"": ""3.10.9"", ""numpy"": ""2.2.6"", ""openplan-bench"": ""0.1.0"", ""pymapf"": ""0.8.0""}",3
mapf-scaling,mapf,pymapf,random_obstacles/24x24/n8/d0.15,random_obstacles/d0.15,pibt,,,,1,0,20.0,3072,solved,True,True,0.008696237004187424,146.0,,25,146,25,,,18.82,,,2026-08-21T16:43:41+00:00,0.1.0,7c0b8e81ea92,3.10.12,Linux 6.8.0-136-generic (x86_64),11th Gen Intel(R) Core(TM) i7-11850H @ 2.50GHz,16,wardn-thinkpad,"{""cuda-planning"": ""not-installed"", ""jupyddl"": ""2.3.0"", ""matplotlib"": ""3.10.9"", ""numpy"": ""2.2.6"", ""openplan-bench"": ""0.1.0"", ""pymapf"": ""0.8.0""}",3
mapf-scaling,mapf,pymapf,random_obstacles/24x24/n8/d0.15,random_obstacles/d0.15,pibt,,,,2,0,20.0,3072,solved,True,True,0.008754508999118116,128.0,,20,128,20,,,18.82,,,2026-08-21T16:43:41+00:00,0.1.0,7c0b8e81ea92,3.10.12,Linux 6.8.0-136-generic (x86_64),11th Gen Intel(R) Core(TM) i7-11850H @ 2.50GHz,16,wardn-thinkpad,"{""cuda-planning"": ""not-installed"", ""jupyddl"": ""2.3.0"", ""matplotlib"": ""3.10.9"", ""numpy"": ""2.2.6"", ""openplan-bench"": ""0.1.0"", ""pymapf"": ""0.8.0""}",3
mapf-scaling,mapf,pymapf,random_obstacles/24x24/n8/d0.15,random_obstacles/d0.15,pibt,,,,3,0,20.0,3072,solved,True,True,0.009237316000508144,95.0,,32,95,32,,,18.82,,,2026-08-21T16:43:41+00:00,0.1.0,7c0b8e81ea92,3.10.12,Linux 6.8.0-136-generic (x86_64),11th Gen Intel(R) Core(TM) i7-11850H @ 2.50GHz,16,wardn-thinkpad,"{""cuda-planning"": ""not-installed"", ""jupyddl"": ""2.3.0"", ""matplotlib"": ""3.10.9"", ""numpy"": ""2.2.6"", ""openplan-bench"": ""0.1.0"", ""pymapf"": ""0.8.0""}",3
mapf-scaling,mapf,pymapf,random_obstacles/24x24/n8/d0.15,random_obstacles/d0.15,pibt,,,,4,0,20.0,3072,solved,True,True,0.009175749000860378,119.0,,30,119,30,,,18.82,,,2026-08-21T16:43:42+00:00,0.1.0,7c0b8e81ea92,3.10.12,Linux 6.8.0-136-generic (x86_64),11th Gen Intel(R) Core(TM) i7-11850H @ 2.50GHz,16,wardn-thinkpad,"{""cuda-planning"": ""not-installed"", ""jupyddl"": ""2.3.0"", ""matplotlib"": ""3.10.9"", ""numpy"": ""2.2.6"", ""openplan-bench"": ""0.1.0"", ""pymapf"": ""0.8.0""}",3
mapf-scaling,mapf,pymapf,random_obstacles/24x24/n8/d0.15,random_obstacles/d0.15,lacam,,,,0,0,20.0,3072,solved,True,True,0.009486053997534327,174.0,,27,174,27,,,18.82,,,2026-08-21T16:43:42+00:00,0.1.0,7c0b8e81ea92,3.10.12,Linux 6.8.0-136-generic (x86_64),11th Gen Intel(R) Core(TM) i7-11850H @ 2.50GHz,16,wardn-thinkpad,"{""cuda-planning"": ""not-installed"", ""jupyddl"": ""2.3.0"", ""matplotlib"": ""3.10.9"", ""numpy"": ""2.2.6"", ""openplan-bench"": ""0.1.0"", ""pymapf"": ""0.8.0""}",3
mapf-scaling,mapf,pymapf,random_obstacles/24x24/n8/d0.15,random_obstacles/d0.15,lacam,,,,1,0,20.0,3072,solved,True,True,0.009393295003974345,146.0,,25,146,25,,,18.82,,,2026-08-21T16:43:42+00:00,0.1.0,7c0b8e81ea92,3.10.12,Linux 6.8.0-136-generic (x86_64),11th Gen Intel(R) Core(TM) i7-11850H @ 2.50GHz,16,wardn-thinkpad,"{""cuda-planning"": ""not-installed"", ""jupyddl"": ""2.3.0"", ""matplotlib"": ""3.10.9"", ""numpy"": ""2.2.6"", ""openplan-bench"": ""0.1.0"", ""pymapf"": ""0.8.0""}",3
mapf-scaling,mapf,pymapf,random_obstacles/24x24/n8/d0.15,random_obstacles/d0.15,lacam,,,,2,0,20.0,3072,solved,True,True,0.009076743997866288,128.0,,20,128,20,,,18.82,,,2026-08-21T16:43:42+00:00,0.1.0,7c0b8e81ea92,3.10.12,Linux 6.8.0-136-generic (x86_64),11th Gen Intel(R) Core(TM) i7-11850H @ 2.50GHz,16,wardn-thinkpad,"{""cuda-planning"": ""not-installed"", ""jupyddl"": ""2.3.0"", ""matplotlib"": ""3.10.9"", ""numpy"": ""2.2.6"", ""openplan-bench"": ""0.1.0"", ""pymapf"": ""0.8.0""}",3
mapf-scaling,mapf,pymapf,random_obstacles/24x24/n8/d0.15,random_obstacles/d0.15,lacam,,,,3,0,20.0,3072,solved,True,True,0.00988238400168484,95.0,,32,95,32,,,18.82,,,2026-08-21T16:43:42+00:00,0.1.0,7c0b8e81ea92,3.10.12,Linux 6.8.0-136-generic (x86_64),11th Gen Intel(R) Core(TM) i7-11850H @ 2.50GHz,16,wardn-thinkpad,"{""cuda-planning"": ""not-installed"", ""jupyddl"": ""2.3.0"", ""matplotlib"": ""3.10.9"", ""numpy"": ""2.2.6"", ""openplan-bench"": ""0.1.0"", ""pymapf"": ""0.8.0""}",3
mapf-scaling,mapf,pymapf,random_obstacles/24x24/n8/d0.15,random_obstacles/d0.15,lacam,,,,4,0,20.0,3072,solved,True,True,0.009743168004206382,119.0,,30,119,30,,,18.82,,,2026-08-21T16:43:42+00:00,0.1.0,7c0b8e81ea92,3.10.12,Linux 6.8.0-136-generic (x86_64),11th Gen Intel(R) Core(TM) i7-11850H @ 2.50GHz,16,wardn-thinkpad,"{""cuda-planning"": ""not-installed"", ""jupyddl"": ""2.3.0"", ""matplotlib"": ""3.10.9"", ""numpy"": ""2.2.6"", ""openplan-bench"": ""0.1.0"", ""pymapf"": ""0.8.0""}",3
mapf-scaling,mapf,pymapf,random_obstacles/24x24/n16/d0.15,random_obstacles/d0.15,cbs,,,,0,0,20.0,3072,solved,True,True,0.12505419200169854,278.0,,30,278,26,,,18.82,,,2026-08-21T16:43:42+00:00,0.1.0,7c0b8e81ea92,3.10.12,Linux 6.8.0-136-generic (x86_64),11th Gen Intel(R) Core(TM) i7-11850H @ 2.50GHz,16,wardn-thinkpad,"{""cuda-planning"": ""not-installed"", ""jupyddl"": ""2.3.0"", ""matplotlib"": ""3.10.9"", ""numpy"": ""2.2.6"", ""openplan-bench"": ""0.1.0"", ""pymapf"": ""0.8.0""}",3
mapf-scaling,mapf,pymapf,random_obstacles/24x24/n16/d0.15,random_obstacles/d0.15,cbs,,,,1,0,20.0,3072,solved,True,True,1.3893082229988067,280.0,,38,280,209,,,18.82,,,2026-08-21T16:43:43+00:00,0.1.0,7c0b8e81ea92,3.10.12,Linux 6.8.0-136-generic (x86_64),11th Gen Intel(R) Core(TM) i7-11850H @ 2.50GHz,16,wardn-thinkpad,"{""cuda-planning"": ""not-installed"", ""jupyddl"": ""2.3.0"", ""matplotlib"": ""3.10.9"", ""numpy"": ""2.2.6"", ""openplan-bench"": ""0.1.0"", ""pymapf"": ""0.8.0""}",3
mapf-scaling,mapf,pymapf,random_obstacles/24x24/n16/d0.15,random_obstacles/d0.15,cbs,,,,2,0,20.0,3072,solved,True,True,0.036309221999545116,234.0,,25,234,9,,,18.82,,,2026-08-21T16:43:43+00:00,0.1.0,7c0b8e81ea92,3.10.12,Linux 6.8.0-136-generic (x86_64),11th Gen Intel(R) Core(TM) i7-11850H @ 2.50GHz,16,wardn-thinkpad,"{""cuda-planning"": ""not-installed"", ""jupyddl"": ""2.3.0"", ""matplotlib"": ""3.10.9"", ""numpy"": ""2.2.6"", ""openplan-bench"": ""0.1.0"", ""pymapf"": ""0.8.0""}",3
mapf-scaling,mapf,pymapf,random_obstacles/24x24/n16/d0.15,random_obstacles/d0.15,cbs,,,,3,0,20.0,3072,solved,True,True,0.056550501998572145,275.0,,34,275,5,,,18.82,,,2026-08-21T16:43:43+00:00,0.1.0,7c0b8e81ea92,3.10.12,Linux 6.8.0-136-generic (x86_64),11th Gen Intel(R) Core(TM) i7-11850H @ 2.50GHz,16,wardn-thinkpad,"{""cuda-planning"": ""not-installed"", ""jupyddl"": ""2.3.0"", ""matplotlib"": ""3.10.9"", ""numpy"": ""2.2.6"", ""openplan-bench"": ""0.1.0"", ""pymapf"": ""0.8.0""}",3
mapf-scaling,mapf,pymapf,random_obstacles/24x24/n16/d0.15,random_obstacles/d0.15,cbs,,,,4,0,20.0,3072,solved,True,True,0.07663439900352387,227.0,,27,227,24,,,18.82,,,2026-08-21T16:43:44+00:00,0.1.0,7c0b8e81ea92,3.10.12,Linux 6.8.0-136-generic (x86_64),11th Gen Intel(R) Core(TM) i7-11850H @ 2.50GHz,16,wardn-thinkpad,"{""cuda-planning"": ""not-installed"", ""jupyddl"": ""2.3.0"", ""matplotlib"": ""3.10.9"", ""numpy"": ""2.2.6"", ""openplan-bench"": ""0.1.0"", ""pymapf"": ""0.8.0""}",3
mapf-scaling,mapf,pymapf,random_obstacles/24x24/n16/d0.15,random_obstacles/d0.15,wcbs,,,"{""weight"": 1.5}",0,0,20.0,3072,solved,True,True,0.091409406006278,279.0,,30,279,18,,,18.82,,,2026-08-21T16:43:44+00:00,0.1.0,7c0b8e81ea92,3.10.12,Linux 6.8.0-136-generic (x86_64),11th Gen Intel(R) Core(TM) i7-11850H @ 2.50GHz,16,wardn-thinkpad,"{""cuda-planning"": ""not-installed"", ""jupyddl"": ""2.3.0"", ""matplotlib"": ""3.10.9"", ""numpy"": ""2.2.6"", ""openplan-bench"": ""0.1.0"", ""pymapf"": ""0.8.0""}",3
mapf-scaling,mapf,pymapf,random_obstacles/24x24/n16/d0.15,random_obstacles/d0.15,wcbs,,,"{""weight"": 1.5}",1,0,20.0,3072,solved,True,True,0.052918319997843355,288.0,,38,288,9,,,18.82,,,2026-08-21T16:43:44+00:00,0.1.0,7c0b8e81ea92,3.10.12,Linux 6.8.0-136-generic (x86_64),11th Gen Intel(R) Core(TM) i7-11850H @ 2.50GHz,16,wardn-thinkpad,"{""cuda-planning"": ""not-installed"", ""jupyddl"": ""2.3.0"", ""matplotlib"": ""3.10.9"", ""numpy"": ""2.2.6"", ""openplan-bench"": ""0.1.0"", ""pymapf"": ""0.8.0""}",3
mapf-scaling,mapf,pymapf,random_obstacles/24x24/n16/d0.15,random_obstacles/d0.15,wcbs,,,"{""weight"": 1.5}",2,0,20.0,3072,solved,True,True,0.03645481599960476,234.0,,25,234,9,,,18.82,,,2026-08-21T16:43:44+00:00,0.1.0,7c0b8e81ea92,3.10.12,Linux 6.8.0-136-generic (x86_64),11th Gen Intel(R) Core(TM) i7-11850H @ 2.50GHz,16,wardn-thinkpad,"{""cuda-planning"": ""not-installed"", ""jupyddl"": ""2.3.0"", ""matplotlib"": ""3.10.9"", ""numpy"": ""2.2.6"", ""openplan-bench"": ""0.1.0"", ""pymapf"": ""0.8.0""}",3
mapf-scaling,mapf,pymapf,random_obstacles/24x24/n16/d0.15,random_obstacles/d0.15,wcbs,,,"{""weight"": 1.5}",3,0,20.0,3072,solved,True,True,0.058736570994369686,275.0,,34,275,5,,,18.82,,,2026-08-21T16:43:44+00:00,0.1.0,7c0b8e81ea92,3.10.12,Linux 6.8.0-136-generic (x86_64),11th Gen Intel(R) Core(TM) i7-11850H @ 2.50GHz,16,wardn-thinkpad,"{""cuda-planning"": ""not-installed"", ""jupyddl"": ""2.3.0"", ""matplotlib"": ""3.10.9"", ""numpy"": ""2.2.6"", ""openplan-bench"": ""0.1.0"", ""pymapf"": ""0.8.0""}",3
mapf-scaling,mapf,pymapf,random_obstacles/24x24/n16/d0.15,random_obstacles/d0.15,wcbs,,,"{""weight"": 1.5}",4,0,20.0,3072,solved,True,True,0.04611013099929551,227.0,,27,227,15,,,18.82,,,2026-08-21T16:43:44+00:00,0.1.0,7c0b8e81ea92,3.10.12,Linux 6.8.0-136-generic (x86_64),11th Gen Intel(R) Core(TM) i7-11850H @ 2.50GHz,16,wardn-thinkpad,"{""cuda-planning"": ""not-installed"", ""jupyddl"": ""2.3.0"", ""matplotlib"": ""3.10.9"", ""numpy"": ""2.2.6"", ""openplan-bench"": ""0.1.0"", ""pymapf"": ""0.8.0""}",3
mapf-scaling,mapf,pymapf,random_obstacles/24x24/n16/d0.15,random_obstacles/d0.15,prioritized,,,,0,0,20.0,3072,solved,True,True,0.03592015299363993,301.0,,30,301,16,,,18.82,,,2026-08-21T16:43:44+00:00,0.1.0,7c0b8e81ea92,3.10.12,Linux 6.8.0-136-generic (x86_64),11th Gen Intel(R) Core(TM) i7-11850H @ 2.50GHz,16,wardn-thinkpad,"{""cuda-planning"": ""not-installed"", ""jupyddl"": ""2.3.0"", ""matplotlib"": ""3.10.9"", ""numpy"": ""2.2.6"", ""openplan-bench"": ""0.1.0"", ""pymapf"": ""0.8.0""}",3
mapf-scaling,mapf,pymapf,random_obstacles/24x24/n16/d0.15,random_obstacles/d0.15,prioritized,,,,1,0,20.0,3072,solved,True,True,0.030305052001494914,291.0,,40,291,16,,,18.82,,,2026-08-21T16:43:44+00:00,0.1.0,7c0b8e81ea92,3.10.12,Linux 6.8.0-136-generic (x86_64),11th Gen Intel(R) Core(TM) i7-11850H @ 2.50GHz,16,wardn-thinkpad,"{""cuda-planning"": ""not-installed"", ""jupyddl"": ""2.3.0"", ""matplotlib"": ""3.10.9"", ""numpy"": ""2.2.6"", ""openplan-bench"": ""0.1.0"", ""pymapf"": ""0.8.0""}",3
mapf-scaling,mapf,pymapf,random_obstacles/24x24/n16/d0.15,random_obstacles/d0.15,prioritized,,,,2,0,20.0,3072,solved,True,True,0.028731338999932632,244.0,,25,244,16,,,18.82,,,2026-08-21T16:43:44+00:00,0.1.0,7c0b8e81ea92,3.10.12,Linux 6.8.0-136-generic (x86_64),11th Gen Intel(R) Core(TM) i7-11850H @ 2.50GHz,16,wardn-thinkpad,"{""cuda-planning"": ""not-installed"", ""jupyddl"": ""2.3.0"", ""matplotlib"": ""3.10.9"", ""numpy"": ""2.2.6"", ""openplan-bench"": ""0.1.0"", ""pymapf"": ""0.8.0""}",3
mapf-scaling,mapf,pymapf,random_obstacles/24x24/n16/d0.15,random_obstacles/d0.15,prioritized,,,,3,0,20.0,3072,solved,True,True,0.03053443100361619,275.0,,34,275,16,,,18.82,,,2026-08-21T16:43:44+00:00,0.1.0,7c0b8e81ea92,3.10.12,Linux 6.8.0-136-generic (x86_64),11th Gen Intel(R) Core(TM) i7-11850H @ 2.50GHz,16,wardn-thinkpad,"{""cuda-planning"": ""not-installed"", ""jupyddl"": ""2.3.0"", ""matplotlib"": ""3.10.9"", ""numpy"": ""2.2.6"", ""openplan-bench"": ""0.1.0"", ""pymapf"": ""0.8.0""}",3
mapf-scaling,mapf,pymapf,random_obstacles/24x24/n16/d0.15,random_obstacles/d0.15,prioritized,,,,4,0,20.0,3072,solved,True,True,0.02427916200394975,231.0,,27,231,16,,,18.82,,,2026-08-21T16:43:44+00:00,0.1.0,7c0b8e81ea92,3.10.12,Linux 6.8.0-136-generic (x86_64),11th Gen Intel(R) Core(TM) i7-11850H @ 2.50GHz,16,wardn-thinkpad,"{""cuda-planning"": ""not-installed"", ""jupyddl"": ""2.3.0"", ""matplotlib"": ""3.10.9"", ""numpy"": ""2.2.6"", ""openplan-bench"": ""0.1.0"", ""pymapf"": ""0.8.0""}",3
mapf-scaling,mapf,pymapf,random_obstacles/24x24/n16/d0.15,random_obstacles/d0.15,pibt,,,,0,0,20.0,3072,solved,True,True,0.017862558001070283,286.0,,32,286,32,,,18.82,,,2026-08-21T16:43:44+00:00,0.1.0,7c0b8e81ea92,3.10.12,Linux 6.8.0-136-generic (x86_64),11th Gen Intel(R) Core(TM) i7-11850H @ 2.50GHz,16,wardn-thinkpad,"{""cuda-planning"": ""not-installed"", ""jupyddl"": ""2.3.0"", ""matplotlib"": ""3.10.9"", ""numpy"": ""2.2.6"", ""openplan-bench"": ""0.1.0"", ""pymapf"": ""0.8.0""}",3
mapf-scaling,mapf,pymapf,random_obstacles/24x24/n16/d0.15,random_obstacles/d0.15,pibt,,,,1,0,20.0,3072,solved,True,True,0.01850022999860812,317.0,,38,317,38,,,18.82,,,2026-08-21T16:43:45+00:00,0.1.0,7c0b8e81ea92,3.10.12,Linux 6.8.0-136-generic (x86_64),11th Gen Intel(R) Core(TM) i7-11850H @ 2.50GHz,16,wardn-thinkpad,"{""cuda-planning"": ""not-installed"", ""jupyddl"": ""2.3.0"", ""matplotlib"": ""3.10.9"", ""numpy"": ""2.2.6"", ""openplan-bench"": ""0.1.0"", ""pymapf"": ""0.8.0""}",3
mapf-scaling,mapf,pymapf,random_obstacles/24x24/n16/d0.15,random_obstacles/d0.15,pibt,,,,2,0,20.0,3072,solved,True,True,0.017750427999999374,247.0,,26,247,26,,,18.82,,,2026-08-21T16:43:45+00:00,0.1.0,7c0b8e81ea92,3.10.12,Linux 6.8.0-136-generic (x86_64),11th Gen Intel(R) Core(TM) i7-11850H @ 2.50GHz,16,wardn-thinkpad,"{""cuda-planning"": ""not-installed"", ""jupyddl"": ""2.3.0"", ""matplotlib"": ""3.10.9"", ""numpy"": ""2.2.6"", ""openplan-bench"": ""0.1.0"", ""pymapf"": ""0.8.0""}",3
mapf-scaling,mapf,pymapf,random_obstacles/24x24/n16/d0.15,random_obstacles/d0.15,pibt,,,,3,0,20.0,3072,solved,True,True,0.01854516100138426,318.0,,34,318,34,,,18.82,,,2026-08-21T16:43:45+00:00,0.1.0,7c0b8e81ea92,3.10.12,Linux 6.8.0-136-generic (x86_64),11th Gen Intel(R) Core(TM) i7-11850H @ 2.50GHz,16,wardn-thinkpad,"{""cuda-planning"": ""not-installed"", ""jupyddl"": ""2.3.0"", ""matplotlib"": ""3.10.9"", ""numpy"": ""2.2.6"", ""openplan-bench"": ""0.1.0"", ""pymapf"": ""0.8.0""}",3
mapf-scaling,mapf,pymapf,random_obstacles/24x24/n16/d0.15,random_obstacles/d0.15,pibt,,,,4,0,20.0,3072,solved,True,True,0.0177323960015201,250.0,,27,250,27,,,18.82,,,2026-08-21T16:43:45+00:00,0.1.0,7c0b8e81ea92,3.10.12,Linux 6.8.0-136-generic (x86_64),11th Gen Intel(R) Core(TM) i7-11850H @ 2.50GHz,16,wardn-thinkpad,"{""cuda-planning"": ""not-installed"", ""jupyddl"": ""2.3.0"", ""matplotlib"": ""3.10.9"", ""numpy"": ""2.2.6"", ""openplan-bench"": ""0.1.0"", ""pymapf"": ""0.8.0""}",3
mapf-scaling,mapf,pymapf,random_obstacles/24x24/n16/d0.15,random_obstacles/d0.15,lacam,,,,0,0,20.0,3072,solved,True,True,0.018937540997285396,286.0,,32,286,32,,,18.82,,,2026-08-21T16:43:45+00:00,0.1.0,7c0b8e81ea92,3.10.12,Linux 6.8.0-136-generic (x86_64),11th Gen Intel(R) Core(TM) i7-11850H @ 2.50GHz,16,wardn-thinkpad,"{""cuda-planning"": ""not-installed"", ""jupyddl"": ""2.3.0"", ""matplotlib"": ""3.10.9"", ""numpy"": ""2.2.6"", ""openplan-bench"": ""0.1.0"", ""pymapf"": ""0.8.0""}",3
mapf-scaling,mapf,pymapf,random_obstacles/24x24/n16/d0.15,random_obstacles/d0.15,lacam,,,,1,0,20.0,3072,solved,True,True,0.019715777001692913,317.0,,38,317,38,,,18.82,,,2026-08-21T16:43:45+00:00,0.1.0,7c0b8e81ea92,3.10.12,Linux 6.8.0-136-generic (x86_64),11th Gen Intel(R) Core(TM) i7-11850H @ 2.50GHz,16,wardn-thinkpad,"{""cuda-planning"": ""not-installed"", ""jupyddl"": ""2.3.0"", ""matplotlib"": ""3.10.9"", ""numpy"": ""2.2.6"", ""openplan-bench"": ""0.1.0"", ""pymapf"": ""0.8.0""}",3
mapf-scaling,mapf,pymapf,random_obstacles/24x24/n16/d0.15,random_obstacles/d0.15,lacam,,,,2,0,20.0,3072,solved,True,True,0.018661775000509806,247.0,,26,247,26,,,18.82,,,2026-08-21T16:43:45+00:00,0.1.0,7c0b8e81ea92,3.10.12,Linux 6.8.0-136-generic (x86_64),11th Gen Intel(R) Core(TM) i7-11850H @ 2.50GHz,16,wardn-thinkpad,"{""cuda-planning"": ""not-installed"", ""jupyddl"": ""2.3.0"", ""matplotlib"": ""3.10.9"", ""numpy"": ""2.2.6"", ""openplan-bench"": ""0.1.0"", ""pymapf"": ""0.8.0""}",3
mapf-scaling,mapf,pymapf,random_obstacles/24x24/n16/d0.15,random_obstacles/d0.15,lacam,,,,3,0,20.0,3072,solved,True,True,0.019368634995771572,318.0,,34,318,34,,,18.82,,,2026-08-21T16:43:45+00:00,0.1.0,7c0b8e81ea92,3.10.12,Linux 6.8.0-136-generic (x86_64),11th Gen Intel(R) Core(TM) i7-11850H @ 2.50GHz,16,wardn-thinkpad,"{""cuda-planning"": ""not-installed"", ""jupyddl"": ""2.3.0"", ""matplotlib"": ""3.10.9"", ""numpy"": ""2.2.6"", ""openplan-bench"": ""0.1.0"", ""pymapf"": ""0.8.0""}",3
mapf-scaling,mapf,pymapf,random_obstacles/24x24/n16/d0.15,random_obstacles/d0.15,lacam,,,,4,0,20.0,3072,solved,True,True,0.018043195996142458,250.0,,27,250,27,,,18.82,,,2026-08-21T16:43:45+00:00,0.1.0,7c0b8e81ea92,3.10.12,Linux 6.8.0-136-generic (x86_64),11th Gen Intel(R) Core(TM) i7-11850H @ 2.50GHz,16,wardn-thinkpad,"{""cuda-planning"": ""not-installed"", ""jupyddl"": ""2.3.0"", ""matplotlib"": ""3.10.9"", ""numpy"": ""2.2.6"", ""openplan-bench"": ""0.1.0"", ""pymapf"": ""0.8.0""}",3
mapf-scaling,mapf,pymapf,random_obstacles/24x24/n24/d0.15,random_obstacles/d0.15,cbs,,,,0,0,20.0,3072,timeout,False,False,20.018271519002155,,,,,,,,55.22,,time limit (20s) reached after 2508 nodes,2026-08-21T16:44:05+00:00,0.1.0,7c0b8e81ea92,3.10.12,Linux 6.8.0-136-generic (x86_64),11th Gen Intel(R) Core(TM) i7-11850H @ 2.50GHz,16,wardn-thinkpad,"{""cuda-planning"": ""not-installed"", ""jupyddl"": ""2.3.0"", ""matplotlib"": ""3.10.9"", ""numpy"": ""2.2.6"", ""openplan-bench"": ""0.1.0"", ""pymapf"": ""0.8.0""}",3
mapf-scaling,mapf,pymapf,random_obstacles/24x24/n24/d0.15,random_obstacles/d0.15,cbs,,,,1,0,20.0,3072,timeout,False,False,20.017547596995428,,,,,,,,49.75,,time limit (20s) reached after 2214 nodes,2026-08-21T16:44:25+00:00,0.1.0,7c0b8e81ea92,3.10.12,Linux 6.8.0-136-generic (x86_64),11th Gen Intel(R) Core(TM) i7-11850H @ 2.50GHz,16,wardn-thinkpad,"{""cuda-planning"": ""not-installed"", ""jupyddl"": ""2.3.0"", ""matplotlib"": ""3.10.9"", ""numpy"": ""2.2.6"", ""openplan-bench"": ""0.1.0"", ""pymapf"": ""0.8.0""}",3
mapf-scaling,mapf,pymapf,random_obstacles/24x24/n24/d0.15,random_obstacles/d0.15,cbs,,,,2,0,20.0,3072,solved,True,True,0.8266980719999992,351.0,,25,351,69,,,18.82,,,2026-08-21T16:44:26+00:00,0.1.0,7c0b8e81ea92,3.10.12,Linux 6.8.0-136-generic (x86_64),11th Gen Intel(R) Core(TM) i7-11850H @ 2.50GHz,16,wardn-thinkpad,"{""cuda-planning"": ""not-installed"", ""jupyddl"": ""2.3.0"", ""matplotlib"": ""3.10.9"", ""numpy"": ""2.2.6"", ""openplan-bench"": ""0.1.0"", ""pymapf"": ""0.8.0""}",3
mapf-scaling,mapf,pymapf,random_obstacles/24x24/n24/d0.15,random_obstacles/d0.15,cbs,,,,3,0,20.0,3072,solved,True,True,2.726869704994897,351.0,,31,351,199,,,18.82,,,2026-08-21T16:44:29+00:00,0.1.0,7c0b8e81ea92,3.10.12,Linux 6.8.0-136-generic (x86_64),11th Gen Intel(R) Core(TM) i7-11850H @ 2.50GHz,16,wardn-thinkpad,"{""cuda-planning"": ""not-installed"", ""jupyddl"": ""2.3.0"", ""matplotlib"": ""3.10.9"", ""numpy"": ""2.2.6"", ""openplan-bench"": ""0.1.0"", ""pymapf"": ""0.8.0""}",3
mapf-scaling,mapf,pymapf,random_obstacles/24x24/n24/d0.15,random_obstacles/d0.15,cbs,,,,4,0,20.0,3072,timeout,False,False,20.011053987997002,,,,,,,,55.35,,time limit (20s) reached after 2627 nodes,2026-08-21T16:44:49+00:00,0.1.0,7c0b8e81ea92,3.10.12,Linux 6.8.0-136-generic (x86_64),11th Gen Intel(R) Core(TM) i7-11850H @ 2.50GHz,16,wardn-thinkpad,"{""cuda-planning"": ""not-installed"", ""jupyddl"": ""2.3.0"", ""matplotlib"": ""3.10.9"", ""numpy"": ""2.2.6"", ""openplan-bench"": ""0.1.0"", ""pymapf"": ""0.8.0""}",3
mapf-scaling,mapf,pymapf,random_obstacles/24x24/n24/d0.15,random_obstacles/d0.15,wcbs,,,"{""weight"": 1.5}",0,0,20.0,3072,solved,True,True,0.2931560580036603,442.0,,33,442,24,,,18.82,,,2026-08-21T16:44:49+00:00,0.1.0,7c0b8e81ea92,3.10.12,Linux 6.8.0-136-generic (x86_64),11th Gen Intel(R) Core(TM) i7-11850H @ 2.50GHz,16,wardn-thinkpad,"{""cuda-planning"": ""not-installed"", ""jupyddl"": ""2.3.0"", ""matplotlib"": ""3.10.9"", ""numpy"": ""2.2.6"", ""openplan-bench"": ""0.1.0"", ""pymapf"": ""0.8.0""}",3
mapf-scaling,mapf,pymapf,random_obstacles/24x24/n24/d0.15,random_obstacles/d0.15,wcbs,,,"{""weight"": 1.5}",1,0,20.0,3072,solved,True,True,0.34158391399978427,369.0,,31,369,33,,,18.82,,,2026-08-21T16:44:50+00:00,0.1.0,7c0b8e81ea92,3.10.12,Linux 6.8.0-136-generic (x86_64),11th Gen Intel(R) Core(TM) i7-11850H @ 2.50GHz,16,wardn-thinkpad,"{""cuda-planning"": ""not-installed"", ""jupyddl"": ""2.3.0"", ""matplotlib"": ""3.10.9"", ""numpy"": ""2.2.6"", ""openplan-bench"": ""0.1.0"", ""pymapf"": ""0.8.0""}",3
mapf-scaling,mapf,pymapf,random_obstacles/24x24/n24/d0.15,random_obstacles/d0.15,wcbs,,,"{""weight"": 1.5}",2,0,20.0,3072,solved,True,True,0.1343411370035028,358.0,,25,358,19,,,18.82,,,2026-08-21T16:44:50+00:00,0.1.0,7c0b8e81ea92,3.10.12,Linux 6.8.0-136-generic (x86_64),11th Gen Intel(R) Core(TM) i7-11850H @ 2.50GHz,16,wardn-thinkpad,"{""cuda-planning"": ""not-installed"", ""jupyddl"": ""2.3.0"", ""matplotlib"": ""3.10.9"", ""numpy"": ""2.2.6"", ""openplan-bench"": ""0.1.0"", ""pymapf"": ""0.8.0""}",3
mapf-scaling,mapf,pymapf,random_obstacles/24x24/n24/d0.15,random_obstacles/d0.15,wcbs,,,"{""weight"": 1.5}",3,0,20.0,3072,solved,True,True,0.1228265800018562,359.0,,31,359,14,,,18.82,,,2026-08-21T16:44:50+00:00,0.1.0,7c0b8e81ea92,3.10.12,Linux 6.8.0-136-generic (x86_64),11th Gen Intel(R) Core(TM) i7-11850H @ 2.50GHz,16,wardn-thinkpad,"{""cuda-planning"": ""not-installed"", ""jupyddl"": ""2.3.0"", ""matplotlib"": ""3.10.9"", ""numpy"": ""2.2.6"", ""openplan-bench"": ""0.1.0"", ""pymapf"": ""0.8.0""}",3
mapf-scaling,mapf,pymapf,random_obstacles/24x24/n24/d0.15,random_obstacles/d0.15,wcbs,,,"{""weight"": 1.5}",4,0,20.0,3072,solved,True,True,0.176628975001222,361.0,,25,361,21,,,18.82,,,2026-08-21T16:44:50+00:00,0.1.0,7c0b8e81ea92,3.10.12,Linux 6.8.0-136-generic (x86_64),11th Gen Intel(R) Core(TM) i7-11850H @ 2.50GHz,16,wardn-thinkpad,"{""cuda-planning"": ""not-installed"", ""jupyddl"": ""2.3.0"", ""matplotlib"": ""3.10.9"", ""numpy"": ""2.2.6"", ""openplan-bench"": ""0.1.0"", ""pymapf"": ""0.8.0""}",3
mapf-scaling,mapf,pymapf,random_obstacles/24x24/n24/d0.15,random_obstacles/d0.15,prioritized,,,,0,0,20.0,3072,solved,True,True,0.09778691700194031,462.0,,33,462,24,,,19.53,,,2026-08-21T16:44:50+00:00,0.1.0,7c0b8e81ea92,3.10.12,Linux 6.8.0-136-generic (x86_64),11th Gen Intel(R) Core(TM) i7-11850H @ 2.50GHz,16,wardn-thinkpad,"{""cuda-planning"": ""not-installed"", ""jupyddl"": ""2.3.0"", ""matplotlib"": ""3.10.9"", ""numpy"": ""2.2.6"", ""openplan-bench"": ""0.1.0"", ""pymapf"": ""0.8.0""}",3
mapf-scaling,mapf,pymapf,random_obstacles/24x24/n24/d0.15,random_obstacles/d0.15,prioritized,,,,1,0,20.0,3072,solved,True,True,0.07364221599709708,363.0,,31,363,24,,,18.82,,,2026-08-21T16:44:50+00:00,0.1.0,7c0b8e81ea92,3.10.12,Linux 6.8.0-136-generic (x86_64),11th Gen Intel(R) Core(TM) i7-11850H @ 2.50GHz,16,wardn-thinkpad,"{""cuda-planning"": ""not-installed"", ""jupyddl"": ""2.3.0"", ""matplotlib"": ""3.10.9"", ""numpy"": ""2.2.6"", ""openplan-bench"": ""0.1.0"", ""pymapf"": ""0.8.0""}",3
mapf-scaling,mapf,pymapf,random_obstacles/24x24/n24/d0.15,random_obstacles/d0.15,prioritized,,,,2,0,20.0,3072,solved,True,True,0.06441760600137059,358.0,,25,358,24,,,18.82,,,2026-08-21T16:44:50+00:00,0.1.0,7c0b8e81ea92,3.10.12,Linux 6.8.0-136-generic (x86_64),11th Gen Intel(R) Core(TM) i7-11850H @ 2.50GHz,16,wardn-thinkpad,"{""cuda-planning"": ""not-installed"", ""jupyddl"": ""2.3.0"", ""matplotlib"": ""3.10.9"", ""numpy"": ""2.2.6"", ""openplan-bench"": ""0.1.0"", ""pymapf"": ""0.8.0""}",3
mapf-scaling,mapf,pymapf,random_obstacles/24x24/n24/d0.15,random_obstacles/d0.15,prioritized,,,,3,0,20.0,3072,solved,True,True,0.06908731400471879,379.0,,31,379,24,,,18.82,,,2026-08-21T16:44:51+00:00,0.1.0,7c0b8e81ea92,3.10.12,Linux 6.8.0-136-generic (x86_64),11th Gen Intel(R) Core(TM) i7-11850H @ 2.50GHz,16,wardn-thinkpad,"{""cuda-planning"": ""not-installed"", ""jupyddl"": ""2.3.0"", ""matplotlib"": ""3.10.9"", ""numpy"": ""2.2.6"", ""openplan-bench"": ""0.1.0"", ""pymapf"": ""0.8.0""}",3
mapf-scaling,mapf,pymapf,random_obstacles/24x24/n24/d0.15,random_obstacles/d0.15,prioritized,,,,4,0,20.0,3072,solved,True,True,0.06864065599802416,379.0,,26,379,24,,,18.82,,,2026-08-21T16:44:51+00:00,0.1.0,7c0b8e81ea92,3.10.12,Linux 6.8.0-136-generic (x86_64),11th Gen Intel(R) Core(TM) i7-11850H @ 2.50GHz,16,wardn-thinkpad,"{""cuda-planning"": ""not-installed"", ""jupyddl"": ""2.3.0"", ""matplotlib"": ""3.10.9"", ""numpy"": ""2.2.6"", ""openplan-bench"": ""0.1.0"", ""pymapf"": ""0.8.0""}",3
mapf-scaling,mapf,pymapf,random_obstacles/24x24/n24/d0.15,random_obstacles/d0.15,pibt,,,,0,0,20.0,3072,solved,True,True,0.027376934005587827,517.0,,39,517,39,,,18.82,,,2026-08-21T16:44:51+00:00,0.1.0,7c0b8e81ea92,3.10.12,Linux 6.8.0-136-generic (x86_64),11th Gen Intel(R) Core(TM) i7-11850H @ 2.50GHz,16,wardn-thinkpad,"{""cuda-planning"": ""not-installed"", ""jupyddl"": ""2.3.0"", ""matplotlib"": ""3.10.9"", ""numpy"": ""2.2.6"", ""openplan-bench"": ""0.1.0"", ""pymapf"": ""0.8.0""}",3
mapf-scaling,mapf,pymapf,random_obstacles/24x24/n24/d0.15,random_obstacles/d0.15,pibt,,,,1,0,20.0,3072,solved,True,True,0.0264949889970012,408.0,,32,408,32,,,18.82,,,2026-08-21T16:44:51+00:00,0.1.0,7c0b8e81ea92,3.10.12,Linux 6.8.0-136-generic (x86_64),11th Gen Intel(R) Core(TM) i7-11850H @ 2.50GHz,16,wardn-thinkpad,"{""cuda-planning"": ""not-installed"", ""jupyddl"": ""2.3.0"", ""matplotlib"": ""3.10.9"", ""numpy"": ""2.2.6"", ""openplan-bench"": ""0.1.0"", ""pymapf"": ""0.8.0""}",3
mapf-scaling,mapf,pymapf,random_obstacles/24x24/n24/d0.15,random_obstacles/d0.15,pibt,,,,2,0,20.0,3072,solved,True,True,0.027122177998535335,389.0,,25,389,25,,,18.82,,,2026-08-21T16:44:51+00:00,0.1.0,7c0b8e81ea92,3.10.12,Linux 6.8.0-136-generic (x86_64),11th Gen Intel(R) Core(TM) i7-11850H @ 2.50GHz,16,wardn-thinkpad,"{""cuda-planning"": ""not-installed"", ""jupyddl"": ""2.3.0"", ""matplotlib"": ""3.10.9"", ""numpy"": ""2.2.6"", ""openplan-bench"": ""0.1.0"", ""pymapf"": ""0.8.0""}",3
mapf-scaling,mapf,pymapf,random_obstacles/24x24/n24/d0.15,random_obstacles/d0.15,pibt,,,,3,0,20.0,3072,solved,True,True,0.027285547002975363,389.0,,31,389,31,,,18.82,,,2026-08-21T16:44:51+00:00,0.1.0,7c0b8e81ea92,3.10.12,Linux 6.8.0-136-generic (x86_64),11th Gen Intel(R) Core(TM) i7-11850H @ 2.50GHz,16,wardn-thinkpad,"{""cuda-planning"": ""not-installed"", ""jupyddl"": ""2.3.0"", ""matplotlib"": ""3.10.9"", ""numpy"": ""2.2.6"", ""openplan-bench"": ""0.1.0"", ""pymapf"": ""0.8.0""}",3
mapf-scaling,mapf,pymapf,random_obstacles/24x24/n24/d0.15,random_obstacles/d0.15,pibt,,,,4,0,20.0,3072,solved,True,True,0.02549327399901813,405.0,,25,405,25,,,18.82,,,2026-08-21T16:44:51+00:00,0.1.0,7c0b8e81ea92,3.10.12,Linux 6.8.0-136-generic (x86_64),11th Gen Intel(R) Core(TM) i7-11850H @ 2.50GHz,16,wardn-thinkpad,"{""cuda-planning"": ""not-installed"", ""jupyddl"": ""2.3.0"", ""matplotlib"": ""3.10.9"", ""numpy"": ""2.2.6"", ""openplan-bench"": ""0.1.0"", ""pymapf"": ""0.8.0""}",3
mapf-scaling,mapf,pymapf,random_obstacles/24x24/n24/d0.15,random_obstacles/d0.15,lacam,,,,0,0,20.0,3072,solved,True,True,0.029319176996068563,517.0,,39,517,39,,,18.82,,,2026-08-21T16:44:51+00:00,0.1.0,7c0b8e81ea92,3.10.12,Linux 6.8.0-136-generic (x86_64),11th Gen Intel(R) Core(TM) i7-11850H @ 2.50GHz,16,wardn-thinkpad,"{""cuda-planning"": ""not-installed"", ""jupyddl"": ""2.3.0"", ""matplotlib"": ""3.10.9"", ""numpy"": ""2.2.6"", ""openplan-bench"": ""0.1.0"", ""pymapf"": ""0.8.0""}",3
mapf-scaling,mapf,pymapf,random_obstacles/24x24/n24/d0.15,random_obstacles/d0.15,lacam,,,,1,0,20.0,3072,solved,True,True,0.027893593993212562,408.0,,32,408,32,,,18.82,,,2026-08-21T16:44:51+00:00,0.1.0,7c0b8e81ea92,3.10.12,Linux 6.8.0-136-generic (x86_64),11th Gen Intel(R) Core(TM) i7-11850H @ 2.50GHz,16,wardn-thinkpad,"{""cuda-planning"": ""not-installed"", ""jupyddl"": ""2.3.0"", ""matplotlib"": ""3.10.9"", ""numpy"": ""2.2.6"", ""openplan-bench"": ""0.1.0"", ""pymapf"": ""0.8.0""}",3
mapf-scaling,mapf,pymapf,random_obstacles/24x24/n24/d0.15,random_obstacles/d0.15,lacam,,,,2,0,20.0,3072,solved,True,True,0.026221240004815627,389.0,,25,389,25,,,18.82,,,2026-08-21T16:44:51+00:00,0.1.0,7c0b8e81ea92,3.10.12,Linux 6.8.0-136-generic (x86_64),11th Gen Intel(R) Core(TM) i7-11850H @ 2.50GHz,16,wardn-thinkpad,"{""cuda-planning"": ""not-installed"", ""jupyddl"": ""2.3.0"", ""matplotlib"": ""3.10.9"", ""numpy"": ""2.2.6"", ""openplan-bench"": ""0.1.0"", ""pymapf"": ""0.8.0""}",3
mapf-scaling,mapf,pymapf,random_obstacles/24x24/n24/d0.15,random_obstacles/d0.15,lacam,,,,3,0,20.0,3072,solved,True,True,0.02772759899380617,389.0,,31,389,31,,,18.82,,,2026-08-21T16:44:51+00:00,0.1.0,7c0b8e81ea92,3.10.12,Linux 6.8.0-136-generic (x86_64),11th Gen Intel(R) Core(TM) i7-11850H @ 2.50GHz,16,wardn-thinkpad,"{""cuda-planning"": ""not-installed"", ""jupyddl"": ""2.3.0"", ""matplotlib"": ""3.10.9"", ""numpy"": ""2.2.6"", ""openplan-bench"": ""0.1.0"", ""pymapf"": ""0.8.0""}",3
mapf-scaling,mapf,pymapf,random_obstacles/24x24/n24/d0.15,random_obstacles/d0.15,lacam,,,,4,0,20.0,3072,solved,True,True,0.025653267002780922,405.0,,25,405,25,,,18.82,,,2026-08-21T16:44:51+00:00,0.1.0,7c0b8e81ea92,3.10.12,Linux 6.8.0-136-generic (x86_64),11th Gen Intel(R) Core(TM) i7-11850H @ 2.50GHz,16,wardn-thinkpad,"{""cuda-planning"": ""not-installed"", ""jupyddl"": ""2.3.0"", ""matplotlib"": ""3.10.9"", ""numpy"": ""2.2.6"", ""openplan-bench"": ""0.1.0"", ""pymapf"": ""0.8.0""}",3
mapf-scaling,mapf,pymapf,random_obstacles/24x24/n32/d0.15,random_obstacles/d0.15,cbs,,,,0,0,20.0,3072,timeout,False,False,20.019605882996984,,,,,,,,47.97,,time limit (20s) reached after 1657 nodes,2026-08-21T16:45:11+00:00,0.1.0,7c0b8e81ea92,3.10.12,Linux 6.8.0-136-generic (x86_64),11th Gen Intel(R) Core(TM) i7-11850H @ 2.50GHz,16,wardn-thinkpad,"{""cuda-planning"": ""not-installed"", ""jupyddl"": ""2.3.0"", ""matplotlib"": ""3.10.9"", ""numpy"": ""2.2.6"", ""openplan-bench"": ""0.1.0"", ""pymapf"": ""0.8.0""}",3
mapf-scaling,mapf,pymapf,random_obstacles/24x24/n32/d0.15,random_obstacles/d0.15,cbs,,,,1,0,20.0,3072,timeout,False,False,20.014009365004313,,,,,,,,46.97,,time limit (20s) reached after 1620 nodes,2026-08-21T16:45:31+00:00,0.1.0,7c0b8e81ea92,3.10.12,Linux 6.8.0-136-generic (x86_64),11th Gen Intel(R) Core(TM) i7-11850H @ 2.50GHz,16,wardn-thinkpad,"{""cuda-planning"": ""not-installed"", ""jupyddl"": ""2.3.0"", ""matplotlib"": ""3.10.9"", ""numpy"": ""2.2.6"", ""openplan-bench"": ""0.1.0"", ""pymapf"": ""0.8.0""}",3
mapf-scaling,mapf,pymapf,random_obstacles/24x24/n32/d0.15,random_obstacles/d0.15,cbs,,,,2,0,20.0,3072,timeout,False,False,20.00991310700192,,,,,,,,42.6,,time limit (20s) reached after 1469 nodes,2026-08-21T16:45:51+00:00,0.1.0,7c0b8e81ea92,3.10.12,Linux 6.8.0-136-generic (x86_64),11th Gen Intel(R) Core(TM) i7-11850H @ 2.50GHz,16,wardn-thinkpad,"{""cuda-planning"": ""not-installed"", ""jupyddl"": ""2.3.0"", ""matplotlib"": ""3.10.9"", ""numpy"": ""2.2.6"", ""openplan-bench"": ""0.1.0"", ""pymapf"": ""0.8.0""}",3
mapf-scaling,mapf,pymapf,random_obstacles/24x24/n32/d0.15,random_obstacles/d0.15,cbs,,,,3,0,20.0,3072,solved,True,True,5.683086611999897,490.0,,29,490,265,,,18.82,,,2026-08-21T16:45:57+00:00,0.1.0,7c0b8e81ea92,3.10.12,Linux 6.8.0-136-generic (x86_64),11th Gen Intel(R) Core(TM) i7-11850H @ 2.50GHz,16,wardn-thinkpad,"{""cuda-planning"": ""not-installed"", ""jupyddl"": ""2.3.0"", ""matplotlib"": ""3.10.9"", ""numpy"": ""2.2.6"", ""openplan-bench"": ""0.1.0"", ""pymapf"": ""0.8.0""}",3
mapf-scaling,mapf,pymapf,random_obstacles/24x24/n32/d0.15,random_obstacles/d0.15,cbs,,,,4,0,20.0,3072,timeout,False,False,20.017906107997987,,,,,,,,44.47,,time limit (20s) reached after 1513 nodes,2026-08-21T16:46:17+00:00,0.1.0,7c0b8e81ea92,3.10.12,Linux 6.8.0-136-generic (x86_64),11th Gen Intel(R) Core(TM) i7-11850H @ 2.50GHz,16,wardn-thinkpad,"{""cuda-planning"": ""not-installed"", ""jupyddl"": ""2.3.0"", ""matplotlib"": ""3.10.9"", ""numpy"": ""2.2.6"", ""openplan-bench"": ""0.1.0"", ""pymapf"": ""0.8.0""}",3
mapf-scaling,mapf,pymapf,random_obstacles/24x24/n32/d0.15,random_obstacles/d0.15,wcbs,,,"{""weight"": 1.5}",0,0,20.0,3072,solved,True,True,0.516326499004208,491.0,,28,491,41,,,18.82,,,2026-08-21T16:46:18+00:00,0.1.0,7c0b8e81ea92,3.10.12,Linux 6.8.0-136-generic (x86_64),11th Gen Intel(R) Core(TM) i7-11850H @ 2.50GHz,16,wardn-thinkpad,"{""cuda-planning"": ""not-installed"", ""jupyddl"": ""2.3.0"", ""matplotlib"": ""3.10.9"", ""numpy"": ""2.2.6"", ""openplan-bench"": ""0.1.0"", ""pymapf"": ""0.8.0""}",3
mapf-scaling,mapf,pymapf,random_obstacles/24x24/n32/d0.15,random_obstacles/d0.15,wcbs,,,"{""weight"": 1.5}",1,0,20.0,3072,solved,True,True,0.6060284849954769,498.0,,29,498,38,,,18.82,,,2026-08-21T16:46:18+00:00,0.1.0,7c0b8e81ea92,3.10.12,Linux 6.8.0-136-generic (x86_64),11th Gen Intel(R) Core(TM) i7-11850H @ 2.50GHz,16,wardn-thinkpad,"{""cuda-planning"": ""not-installed"", ""jupyddl"": ""2.3.0"", ""matplotlib"": ""3.10.9"", ""numpy"": ""2.2.6"", ""openplan-bench"": ""0.1.0"", ""pymapf"": ""0.8.0""}",3
mapf-scaling,mapf,pymapf,random_obstacles/24x24/n32/d0.15,random_obstacles/d0.15,wcbs,,,"{""weight"": 1.5}",2,0,20.0,3072,solved,True,True,0.5453194650035584,528.0,,30,528,35,,,18.82,,,2026-08-21T16:46:19+00:00,0.1.0,7c0b8e81ea92,3.10.12,Linux 6.8.0-136-generic (x86_64),11th Gen Intel(R) Core(TM) i7-11850H @ 2.50GHz,16,wardn-thinkpad,"{""cuda-planning"": ""not-installed"", ""jupyddl"": ""2.3.0"", ""matplotlib"": ""3.10.9"", ""numpy"": ""2.2.6"", ""openplan-bench"": ""0.1.0"", ""pymapf"": ""0.8.0""}",3
mapf-scaling,mapf,pymapf,random_obstacles/24x24/n32/d0.15,random_obstacles/d0.15,wcbs,,,"{""weight"": 1.5}",3,0,20.0,3072,solved,True,True,0.45222002000082284,497.0,,29,497,33,,,18.82,,,2026-08-21T16:46:20+00:00,0.1.0,7c0b8e81ea92,3.10.12,Linux 6.8.0-136-generic (x86_64),11th Gen Intel(R) Core(TM) i7-11850H @ 2.50GHz,16,wardn-thinkpad,"{""cuda-planning"": ""not-installed"", ""jupyddl"": ""2.3.0"", ""matplotlib"": ""3.10.9"", ""numpy"": ""2.2.6"", ""openplan-bench"": ""0.1.0"", ""pymapf"": ""0.8.0""}",3
mapf-scaling,mapf,pymapf,random_obstacles/24x24/n32/d0.15,random_obstacles/d0.15,wcbs,,,"{""weight"": 1.5}",4,0,20.0,3072,solved,True,True,0.9921948749979492,575.0,,31,575,66,,,18.82,,,2026-08-21T16:46:21+00:00,0.1.0,7c0b8e81ea92,3.10.12,Linux 6.8.0-136-generic (x86_64),11th Gen Intel(R) Core(TM) i7-11850H @ 2.50GHz,16,wardn-thinkpad,"{""cuda-planning"": ""not-installed"", ""jupyddl"": ""2.3.0"", ""matplotlib"": ""3.10.9"", ""numpy"": ""2.2.6"", ""openplan-bench"": ""0.1.0"", ""pymapf"": ""0.8.0""}",3
mapf-scaling,mapf,pymapf,random_obstacles/24x24/n32/d0.15,random_obstacles/d0.15,prioritized,,,,0,0,20.0,3072,solved,True,True,0.13979348899738397,511.0,,28,511,32,,,22.68,,,2026-08-21T16:46:21+00:00,0.1.0,7c0b8e81ea92,3.10.12,Linux 6.8.0-136-generic (x86_64),11th Gen Intel(R) Core(TM) i7-11850H @ 2.50GHz,16,wardn-thinkpad,"{""cuda-planning"": ""not-installed"", ""jupyddl"": ""2.3.0"", ""matplotlib"": ""3.10.9"", ""numpy"": ""2.2.6"", ""openplan-bench"": ""0.1.0"", ""pymapf"": ""0.8.0""}",3
mapf-scaling,mapf,pymapf,random_obstacles/24x24/n32/d0.15,random_obstacles/d0.15,prioritized,,,,1,0,20.0,3072,solved,True,True,0.13395244000275852,510.0,,29,510,32,,,22.65,,,2026-08-21T16:46:21+00:00,0.1.0,7c0b8e81ea92,3.10.12,Linux 6.8.0-136-generic (x86_64),11th Gen Intel(R) Core(TM) i7-11850H @ 2.50GHz,16,wardn-thinkpad,"{""cuda-planning"": ""not-installed"", ""jupyddl"": ""2.3.0"", ""matplotlib"": ""3.10.9"", ""numpy"": ""2.2.6"", ""openplan-bench"": ""0.1.0"", ""pymapf"": ""0.8.0""}",3
mapf-scaling,mapf,pymapf,random_obstacles/24x24/n32/d0.15,random_obstacles/d0.15,prioritized,,,,2,0,20.0,3072,solved,True,True,0.1479376890056301,545.0,,32,545,32,,,22.77,,,2026-08-21T16:46:21+00:00,0.1.0,7c0b8e81ea92,3.10.12,Linux 6.8.0-136-generic (x86_64),11th Gen Intel(R) Core(TM) i7-11850H @ 2.50GHz,16,wardn-thinkpad,"{""cuda-planning"": ""not-installed"", ""jupyddl"": ""2.3.0"", ""matplotlib"": ""3.10.9"", ""numpy"": ""2.2.6"", ""openplan-bench"": ""0.1.0"", ""pymapf"": ""0.8.0""}",3
mapf-scaling,mapf,pymapf,random_obstacles/24x24/n32/d0.15,random_obstacles/d0.15,prioritized,,,,3,0,20.0,3072,solved,True,True,0.12851840799703496,502.0,,31,502,32,,,22.7,,,2026-08-21T16:46:21+00:00,0.1.0,7c0b8e81ea92,3.10.12,Linux 6.8.0-136-generic (x86_64),11th Gen Intel(R) Core(TM) i7-11850H @ 2.50GHz,16,wardn-thinkpad,"{""cuda-planning"": ""not-installed"", ""jupyddl"": ""2.3.0"", ""matplotlib"": ""3.10.9"", ""numpy"": ""2.2.6"", ""openplan-bench"": ""0.1.0"", ""pymapf"": ""0.8.0""}",3
mapf-scaling,mapf,pymapf,random_obstacles/24x24/n32/d0.15,random_obstacles/d0.15,prioritized,,,,4,0,20.0,3072,solved,True,True,0.1394257879946963,569.0,,29,569,32,,,23.07,,,2026-08-21T16:46:21+00:00,0.1.0,7c0b8e81ea92,3.10.12,Linux 6.8.0-136-generic (x86_64),11th Gen Intel(R) Core(TM) i7-11850H @ 2.50GHz,16,wardn-thinkpad,"{""cuda-planning"": ""not-installed"", ""jupyddl"": ""2.3.0"", ""matplotlib"": ""3.10.9"", ""numpy"": ""2.2.6"", ""openplan-bench"": ""0.1.0"", ""pymapf"": ""0.8.0""}",3
mapf-scaling,mapf,pymapf,random_obstacles/24x24/n32/d0.15,random_obstacles/d0.15,pibt,,,,0,0,20.0,3072,solved,True,True,0.03444051900441991,597.0,,28,597,28,,,18.82,,,2026-08-21T16:46:22+00:00,0.1.0,7c0b8e81ea92,3.10.12,Linux 6.8.0-136-generic (x86_64),11th Gen Intel(R) Core(TM) i7-11850H @ 2.50GHz,16,wardn-thinkpad,"{""cuda-planning"": ""not-installed"", ""jupyddl"": ""2.3.0"", ""matplotlib"": ""3.10.9"", ""numpy"": ""2.2.6"", ""openplan-bench"": ""0.1.0"", ""pymapf"": ""0.8.0""}",3
mapf-scaling,mapf,pymapf,random_obstacles/24x24/n32/d0.15,random_obstacles/d0.15,pibt,,,,1,0,20.0,3072,solved,True,True,0.034686514001805335,590.0,,30,590,30,,,18.82,,,2026-08-21T16:46:22+00:00,0.1.0,7c0b8e81ea92,3.10.12,Linux 6.8.0-136-generic (x86_64),11th Gen Intel(R) Core(TM) i7-11850H @ 2.50GHz,16,wardn-thinkpad,"{""cuda-planning"": ""not-installed"", ""jupyddl"": ""2.3.0"", ""matplotlib"": ""3.10.9"", ""numpy"": ""2.2.6"", ""openplan-bench"": ""0.1.0"", ""pymapf"": ""0.8.0""}",3
mapf-scaling,mapf,pymapf,random_obstacles/24x24/n32/d0.15,random_obstacles/d0.15,pibt,,,,2,0,20.0,3072,solved,True,True,0.036086940999666695,573.0,,34,573,34,,,18.82,,,2026-08-21T16:46:22+00:00,0.1.0,7c0b8e81ea92,3.10.12,Linux 6.8.0-136-generic (x86_64),11th Gen Intel(R) Core(TM) i7-11850H @ 2.50GHz,16,wardn-thinkpad,"{""cuda-planning"": ""not-installed"", ""jupyddl"": ""2.3.0"", ""matplotlib"": ""3.10.9"", ""numpy"": ""2.2.6"", ""openplan-bench"": ""0.1.0"", ""pymapf"": ""0.8.0""}",3
mapf-scaling,mapf,pymapf,random_obstacles/24x24/n32/d0.15,random_obstacles/d0.15,pibt,,,,3,0,20.0,3072,solved,True,True,0.037329619997763075,567.0,,31,567,31,,,18.82,,,2026-08-21T16:46:22+00:00,0.1.0,7c0b8e81ea92,3.10.12,Linux 6.8.0-136-generic (x86_64),11th Gen Intel(R) Core(TM) i7-11850H @ 2.50GHz,16,wardn-thinkpad,"{""cuda-planning"": ""not-installed"", ""jupyddl"": ""2.3.0"", ""matplotlib"": ""3.10.9"", ""numpy"": ""2.2.6"", ""openplan-bench"": ""0.1.0"", ""pymapf"": ""0.8.0""}",3
mapf-scaling,mapf,pymapf,random_obstacles/24x24/n32/d0.15,random_obstacles/d0.15,pibt,,,,4,0,20.0,3072,solved,True,True,0.03824616000201786,701.0,,34,701,34,,,18.82,,,2026-08-21T16:46:22+00:00,0.1.0,7c0b8e81ea92,3.10.12,Linux 6.8.0-136-generic (x86_64),11th Gen Intel(R) Core(TM) i7-11850H @ 2.50GHz,16,wardn-thinkpad,"{""cuda-planning"": ""not-installed"", ""jupyddl"": ""2.3.0"", ""matplotlib"": ""3.10.9"", ""numpy"": ""2.2.6"", ""openplan-bench"": ""0.1.0"", ""pymapf"": ""0.8.0""}",3
mapf-scaling,mapf,pymapf,random_obstacles/24x24/n32/d0.15,random_obstacles/d0.15,lacam,,,,0,0,20.0,3072,solved,True,True,0.039544962004583795,597.0,,28,597,28,,,18.82,,,2026-08-21T16:46:22+00:00,0.1.0,7c0b8e81ea92,3.10.12,Linux 6.8.0-136-generic (x86_64),11th Gen Intel(R) Core(TM) i7-11850H @ 2.50GHz,16,wardn-thinkpad,"{""cuda-planning"": ""not-installed"", ""jupyddl"": ""2.3.0"", ""matplotlib"": ""3.10.9"", ""numpy"": ""2.2.6"", ""openplan-bench"": ""0.1.0"", ""pymapf"": ""0.8.0""}",3
mapf-scaling,mapf,pymapf,random_obstacles/24x24/n32/d0.15,random_obstacles/d0.15,lacam,,,,1,0,20.0,3072,solved,True,True,0.04066673000488663,590.0,,30,590,30,,,18.82,,,2026-08-21T16:46:22+00:00,0.1.0,7c0b8e81ea92,3.10.12,Linux 6.8.0-136-generic (x86_64),11th Gen Intel(R) Core(TM) i7-11850H @ 2.50GHz,16,wardn-thinkpad,"{""cuda-planning"": ""not-installed"", ""jupyddl"": ""2.3.0"", ""matplotlib"": ""3.10.9"", ""numpy"": ""2.2.6"", ""openplan-bench"": ""0.1.0"", ""pymapf"": ""0.8.0""}",3
mapf-scaling,mapf,pymapf,random_obstacles/24x24/n32/d0.15,random_obstacles/d0.15,lacam,,,,2,0,20.0,3072,solved,True,True,0.04232919200148899,573.0,,34,573,34,,,18.82,,,2026-08-21T16:46:22+00:00,0.1.0,7c0b8e81ea92,3.10.12,Linux 6.8.0-136-generic (x86_64),11th Gen Intel(R) Core(TM) i7-11850H @ 2.50GHz,16,wardn-thinkpad,"{""cuda-planning"": ""not-installed"", ""jupyddl"": ""2.3.0"", ""matplotlib"": ""3.10.9"", ""numpy"": ""2.2.6"", ""openplan-bench"": ""0.1.0"", ""pymapf"": ""0.8.0""}",3
mapf-scaling,mapf,pymapf,random_obstacles/24x24/n32/d0.15,random_obstacles/d0.15,lacam,,,,3,0,20.0,3072,solved,True,True,0.04183117399952607,567.0,,31,567,31,,,18.82,,,2026-08-21T16:46:22+00:00,0.1.0,7c0b8e81ea92,3.10.12,Linux 6.8.0-136-generic (x86_64),11th Gen Intel(R) Core(TM) i7-11850H @ 2.50GHz,16,wardn-thinkpad,"{""cuda-planning"": ""not-installed"", ""jupyddl"": ""2.3.0"", ""matplotlib"": ""3.10.9"", ""numpy"": ""2.2.6"", ""openplan-bench"": ""0.1.0"", ""pymapf"": ""0.8.0""}",3
mapf-scaling,mapf,pymapf,random_obstacles/24x24/n32/d0.15,random_obstacles/d0.15,lacam,,,,4,0,20.0,3072,solved,True,True,0.04074657699675299,701.0,,34,701,34,,,18.82,,,2026-08-21T16:46:22+00:00,0.1.0,7c0b8e81ea92,3.10.12,Linux 6.8.0-136-generic (x86_64),11th Gen Intel(R) Core(TM) i7-11850H @ 2.50GHz,16,wardn-thinkpad,"{""cuda-planning"": ""not-installed"", ""jupyddl"": ""2.3.0"", ""matplotlib"": ""3.10.9"", ""numpy"": ""2.2.6"", ""openplan-bench"": ""0.1.0"", ""pymapf"": ""0.8.0""}",3
mapf-scaling,mapf,cuplan,random_obstacles/16x16/n4/d0.15,random_obstacles/d0.15,prioritized,,cpu,"{""backend"": ""cpu""}",0,0,20.0,3072,solved,True,True,0.008999514000606723,60.0,,21,60,,,,30.82,,backend=cpu,2026-08-21T16:46:23+00:00,0.1.0,7c0b8e81ea92,3.10.12,Linux 6.8.0-136-generic (x86_64),11th Gen Intel(R) Core(TM) i7-11850H @ 2.50GHz,16,wardn-thinkpad,"{""cuda-planning"": ""not-installed"", ""jupyddl"": ""2.3.0"", ""matplotlib"": ""3.10.9"", ""numpy"": ""2.2.6"", ""openplan-bench"": ""0.1.0"", ""pymapf"": ""0.8.0""}",3
mapf-scaling,mapf,cuplan,random_obstacles/16x16/n4/d0.15,random_obstacles/d0.15,prioritized,,cpu,"{""backend"": ""cpu""}",1,0,20.0,3072,solved,True,True,0.004222454997943714,38.0,,12,38,,,,30.82,,backend=cpu,2026-08-21T16:46:23+00:00,0.1.0,7c0b8e81ea92,3.10.12,Linux 6.8.0-136-generic (x86_64),11th Gen Intel(R) Core(TM) i7-11850H @ 2.50GHz,16,wardn-thinkpad,"{""cuda-planning"": ""not-installed"", ""jupyddl"": ""2.3.0"", ""matplotlib"": ""3.10.9"", ""numpy"": ""2.2.6"", ""openplan-bench"": ""0.1.0"", ""pymapf"": ""0.8.0""}",3
mapf-scaling,mapf,cuplan,random_obstacles/16x16/n4/d0.15,random_obstacles/d0.15,prioritized,,cpu,"{""backend"": ""cpu""}",2,0,20.0,3072,solved,True,True,0.004519046000496019,42.0,,15,42,,,,30.82,,backend=cpu,2026-08-21T16:46:23+00:00,0.1.0,7c0b8e81ea92,3.10.12,Linux 6.8.0-136-generic (x86_64),11th Gen Intel(R) Core(TM) i7-11850H @ 2.50GHz,16,wardn-thinkpad,"{""cuda-planning"": ""not-installed"", ""jupyddl"": ""2.3.0"", ""matplotlib"": ""3.10.9"", ""numpy"": ""2.2.6"", ""openplan-bench"": ""0.1.0"", ""pymapf"": ""0.8.0""}",3
mapf-scaling,mapf,cuplan,random_obstacles/16x16/n4/d0.15,random_obstacles/d0.15,prioritized,,cpu,"{""backend"": ""cpu""}",3,0,20.0,3072,solved,True,True,0.00655000600090716,33.0,,12,33,,,,30.82,,backend=cpu,2026-08-21T16:46:23+00:00,0.1.0,7c0b8e81ea92,3.10.12,Linux 6.8.0-136-generic (x86_64),11th Gen Intel(R) Core(TM) i7-11850H @ 2.50GHz,16,wardn-thinkpad,"{""cuda-planning"": ""not-installed"", ""jupyddl"": ""2.3.0"", ""matplotlib"": ""3.10.9"", ""numpy"": ""2.2.6"", ""openplan-bench"": ""0.1.0"", ""pymapf"": ""0.8.0""}",3
mapf-scaling,mapf,cuplan,random_obstacles/16x16/n4/d0.15,random_obstacles/d0.15,prioritized,,cpu,"{""backend"": ""cpu""}",4,0,20.0,3072,solved,True,True,0.005731176002882421,58.0,,20,58,,,,30.82,,backend=cpu,2026-08-21T16:46:23+00:00,0.1.0,7c0b8e81ea92,3.10.12,Linux 6.8.0-136-generic (x86_64),11th Gen Intel(R) Core(TM) i7-11850H @ 2.50GHz,16,wardn-thinkpad,"{""cuda-planning"": ""not-installed"", ""jupyddl"": ""2.3.0"", ""matplotlib"": ""3.10.9"", ""numpy"": ""2.2.6"", ""openplan-bench"": ""0.1.0"", ""pymapf"": ""0.8.0""}",3
mapf-scaling,mapf,cuplan,random_obstacles/16x16/n4/d0.15,random_obstacles/d0.15,pibt,,cpu,"{""backend"": ""cpu""}",0,0,20.0,3072,solved,True,True,0.009363562996441033,60.0,,21,60,,,,32.98,,backend=cpu,2026-08-21T16:46:24+00:00,0.1.0,7c0b8e81ea92,3.10.12,Linux 6.8.0-136-generic (x86_64),11th Gen Intel(R) Core(TM) i7-11850H @ 2.50GHz,16,wardn-thinkpad,"{""cuda-planning"": ""not-installed"", ""jupyddl"": ""2.3.0"", ""matplotlib"": ""3.10.9"", ""numpy"": ""2.2.6"", ""openplan-bench"": ""0.1.0"", ""pymapf"": ""0.8.0""}",3
mapf-scaling,mapf,cuplan,random_obstacles/16x16/n4/d0.15,random_obstacles/d0.15,pibt,,cpu,"{""backend"": ""cpu""}",1,0,20.0,3072,solved,True,True,0.008482802004436962,38.0,,12,38,,,,33.1,,backend=cpu,2026-08-21T16:46:24+00:00,0.1.0,7c0b8e81ea92,3.10.12,Linux 6.8.0-136-generic (x86_64),11th Gen Intel(R) Core(TM) i7-11850H @ 2.50GHz,16,wardn-thinkpad,"{""cuda-planning"": ""not-installed"", ""jupyddl"": ""2.3.0"", ""matplotlib"": ""3.10.9"", ""numpy"": ""2.2.6"", ""openplan-bench"": ""0.1.0"", ""pymapf"": ""0.8.0""}",3
mapf-scaling,mapf,cuplan,random_obstacles/16x16/n4/d0.15,random_obstacles/d0.15,pibt,,cpu,"{""backend"": ""cpu""}",2,0,20.0,3072,solved,True,True,0.008972016999905463,44.0,,16,44,,,,32.94,,backend=cpu,2026-08-21T16:46:24+00:00,0.1.0,7c0b8e81ea92,3.10.12,Linux 6.8.0-136-generic (x86_64),11th Gen Intel(R) Core(TM) i7-11850H @ 2.50GHz,16,wardn-thinkpad,"{""cuda-planning"": ""not-installed"", ""jupyddl"": ""2.3.0"", ""matplotlib"": ""3.10.9"", ""numpy"": ""2.2.6"", ""openplan-bench"": ""0.1.0"", ""pymapf"": ""0.8.0""}",3
mapf-scaling,mapf,cuplan,random_obstacles/16x16/n4/d0.15,random_obstacles/d0.15,pibt,,cpu,"{""backend"": ""cpu""}",3,0,20.0,3072,solved,True,True,0.008686685003340244,37.0,,13,37,,,,32.97,,backend=cpu,2026-08-21T16:46:24+00:00,0.1.0,7c0b8e81ea92,3.10.12,Linux 6.8.0-136-generic (x86_64),11th Gen Intel(R) Core(TM) i7-11850H @ 2.50GHz,16,wardn-thinkpad,"{""cuda-planning"": ""not-installed"", ""jupyddl"": ""2.3.0"", ""matplotlib"": ""3.10.9"", ""numpy"": ""2.2.6"", ""openplan-bench"": ""0.1.0"", ""pymapf"": ""0.8.0""}",3
mapf-scaling,mapf,cuplan,random_obstacles/16x16/n4/d0.15,random_obstacles/d0.15,pibt,,cpu,"{""backend"": ""cpu""}",4,0,20.0,3072,solved,True,True,0.009033237001858652,58.0,,20,58,,,,32.72,,backend=cpu,2026-08-21T16:46:24+00:00,0.1.0,7c0b8e81ea92,3.10.12,Linux 6.8.0-136-generic (x86_64),11th Gen Intel(R) Core(TM) i7-11850H @ 2.50GHz,16,wardn-thinkpad,"{""cuda-planning"": ""not-installed"", ""jupyddl"": ""2.3.0"", ""matplotlib"": ""3.10.9"", ""numpy"": ""2.2.6"", ""openplan-bench"": ""0.1.0"", ""pymapf"": ""0.8.0""}",3
mapf-scaling,mapf,cuplan,random_obstacles/16x16/n4/d0.15,random_obstacles/d0.15,pibt,,cuda,"{""backend"": ""cuda""}",0,0,20.0,3072,skipped,False,False,0.0,,,,,,,,,,no working CUDA device (cuplan.cuda_available() returned False),2026-08-21T16:46:24+00:00,0.1.0,7c0b8e81ea92,3.10.12,Linux 6.8.0-136-generic (x86_64),11th Gen Intel(R) Core(TM) i7-11850H @ 2.50GHz,16,wardn-thinkpad,"{""cuda-planning"": ""not-installed"", ""jupyddl"": ""2.3.0"", ""matplotlib"": ""3.10.9"", ""numpy"": ""2.2.6"", ""openplan-bench"": ""0.1.0"", ""pymapf"": ""0.8.0""}",3
mapf-scaling,mapf,cuplan,random_obstacles/16x16/n4/d0.15,random_obstacles/d0.15,pibt,,cuda,"{""backend"": ""cuda""}",1,0,20.0,3072,skipped,False,False,0.0,,,,,,,,,,no working CUDA device (cuplan.cuda_available() returned False),2026-08-21T16:46:24+00:00,0.1.0,7c0b8e81ea92,3.10.12,Linux 6.8.0-136-generic (x86_64),11th Gen Intel(R) Core(TM) i7-11850H @ 2.50GHz,16,wardn-thinkpad,"{""cuda-planning"": ""not-installed"", ""jupyddl"": ""2.3.0"", ""matplotlib"": ""3.10.9"", ""numpy"": ""2.2.6"", ""openplan-bench"": ""0.1.0"", ""pymapf"": ""0.8.0""}",3
mapf-scaling,mapf,cuplan,random_obstacles/16x16/n4/d0.15,random_obstacles/d0.15,pibt,,cuda,"{""backend"": ""cuda""}",2,0,20.0,3072,skipped,False,False,0.0,,,,,,,,,,no working CUDA device (cuplan.cuda_available() returned False),2026-08-21T16:46:24+00:00,0.1.0,7c0b8e81ea92,3.10.12,Linux 6.8.0-136-generic (x86_64),11th Gen Intel(R) Core(TM) i7-11850H @ 2.50GHz,16,wardn-thinkpad,"{""cuda-planning"": ""not-installed"", ""jupyddl"": ""2.3.0"", ""matplotlib"": ""3.10.9"", ""numpy"": ""2.2.6"", ""openplan-bench"": ""0.1.0"", ""pymapf"": ""0.8.0""}",3
mapf-scaling,mapf,cuplan,random_obstacles/16x16/n4/d0.15,random_obstacles/d0.15,pibt,,cuda,"{""backend"": ""cuda""}",3,0,20.0,3072,skipped,False,False,0.0,,,,,,,,,,no working CUDA device (cuplan.cuda_available() returned False),2026-08-21T16:46:24+00:00,0.1.0,7c0b8e81ea92,3.10.12,Linux 6.8.0-136-generic (x86_64),11th Gen Intel(R) Core(TM) i7-11850H @ 2.50GHz,16,wardn-thinkpad,"{""cuda-planning"": ""not-installed"", ""jupyddl"": ""2.3.0"", ""matplotlib"": ""3.10.9"", ""numpy"": ""2.2.6"", ""openplan-bench"": ""0.1.0"", ""pymapf"": ""0.8.0""}",3
mapf-scaling,mapf,cuplan,random_obstacles/16x16/n4/d0.15,random_obstacles/d0.15,pibt,,cuda,"{""backend"": ""cuda""}",4,0,20.0,3072,skipped,False,False,0.0,,,,,,,,,,no working CUDA device (cuplan.cuda_available() returned False),2026-08-21T16:46:24+00:00,0.1.0,7c0b8e81ea92,3.10.12,Linux 6.8.0-136-generic (x86_64),11th Gen Intel(R) Core(TM) i7-11850H @ 2.50GHz,16,wardn-thinkpad,"{""cuda-planning"": ""not-installed"", ""jupyddl"": ""2.3.0"", ""matplotlib"": ""3.10.9"", ""numpy"": ""2.2.6"", ""openplan-bench"": ""0.1.0"", ""pymapf"": ""0.8.0""}",3
mapf-scaling,mapf,cuplan,random_obstacles/16x16/n8/d0.15,random_obstacles/d0.15,prioritized,,cpu,"{""backend"": ""cpu""}",0,0,20.0,3072,solved,True,True,0.009360457996081095,98.0,,19,98,,,,30.82,,backend=cpu,2026-08-21T16:46:24+00:00,0.1.0,7c0b8e81ea92,3.10.12,Linux 6.8.0-136-generic (x86_64),11th Gen Intel(R) Core(TM) i7-11850H @ 2.50GHz,16,wardn-thinkpad,"{""cuda-planning"": ""not-installed"", ""jupyddl"": ""2.3.0"", ""matplotlib"": ""3.10.9"", ""numpy"": ""2.2.6"", ""openplan-bench"": ""0.1.0"", ""pymapf"": ""0.8.0""}",3
mapf-scaling,mapf,cuplan,random_obstacles/16x16/n8/d0.15,random_obstacles/d0.15,prioritized,,cpu,"{""backend"": ""cpu""}",1,0,20.0,3072,solved,True,True,0.006346961003146134,64.0,,14,64,,,,30.82,,backend=cpu,2026-08-21T16:46:25+00:00,0.1.0,7c0b8e81ea92,3.10.12,Linux 6.8.0-136-generic (x86_64),11th Gen Intel(R) Core(TM) i7-11850H @ 2.50GHz,16,wardn-thinkpad,"{""cuda-planning"": ""not-installed"", ""jupyddl"": ""2.3.0"", ""matplotlib"": ""3.10.9"", ""numpy"": ""2.2.6"", ""openplan-bench"": ""0.1.0"", ""pymapf"": ""0.8.0""}",3
mapf-scaling,mapf,cuplan,random_obstacles/16x16/n8/d0.15,random_obstacles/d0.15,prioritized,,cpu,"{""backend"": ""cpu""}",2,0,20.0,3072,solved,True,True,0.006209311002749018,62.0,,11,62,,,,30.82,,backend=cpu,2026-08-21T16:46:25+00:00,0.1.0,7c0b8e81ea92,3.10.12,Linux 6.8.0-136-generic (x86_64),11th Gen Intel(R) Core(TM) i7-11850H @ 2.50GHz,16,wardn-thinkpad,"{""cuda-planning"": ""not-installed"", ""jupyddl"": ""2.3.0"", ""matplotlib"": ""3.10.9"", ""numpy"": ""2.2.6"", ""openplan-bench"": ""0.1.0"", ""pymapf"": ""0.8.0""}",3
mapf-scaling,mapf,cuplan,random_obstacles/16x16/n8/d0.15,random_obstacles/d0.15,prioritized,,cpu,"{""backend"": ""cpu""}",3,0,20.0,3072,solved,True,True,0.01256222899974091,70.0,,16,70,,,,30.82,,backend=cpu,2026-08-21T16:46:25+00:00,0.1.0,7c0b8e81ea92,3.10.12,Linux 6.8.0-136-generic (x86_64),11th Gen Intel(R) Core(TM) i7-11850H @ 2.50GHz,16,wardn-thinkpad,"{""cuda-planning"": ""not-installed"", ""jupyddl"": ""2.3.0"", ""matplotlib"": ""3.10.9"", ""numpy"": ""2.2.6"", ""openplan-bench"": ""0.1.0"", ""pymapf"": ""0.8.0""}",3
mapf-scaling,mapf,cuplan,random_obstacles/16x16/n8/d0.15,random_obstacles/d0.15,prioritized,,cpu,"{""backend"": ""cpu""}",4,0,20.0,3072,solved,True,True,0.00606611499824794,63.0,,17,63,,,,30.82,,backend=cpu,2026-08-21T16:46:25+00:00,0.1.0,7c0b8e81ea92,3.10.12,Linux 6.8.0-136-generic (x86_64),11th Gen Intel(R) Core(TM) i7-11850H @ 2.50GHz,16,wardn-thinkpad,"{""cuda-planning"": ""not-installed"", ""jupyddl"": ""2.3.0"", ""matplotlib"": ""3.10.9"", ""numpy"": ""2.2.6"", ""openplan-bench"": ""0.1.0"", ""pymapf"": ""0.8.0""}",3
mapf-scaling,mapf,cuplan,random_obstacles/16x16/n8/d0.15,random_obstacles/d0.15,pibt,,cpu,"{""backend"": ""cpu""}",0,0,20.0,3072,solved,True,True,0.00941621799574932,105.0,,19,105,,,,32.97,,backend=cpu,2026-08-21T16:46:25+00:00,0.1.0,7c0b8e81ea92,3.10.12,Linux 6.8.0-136-generic (x86_64),11th Gen Intel(R) Core(TM) i7-11850H @ 2.50GHz,16,wardn-thinkpad,"{""cuda-planning"": ""not-installed"", ""jupyddl"": ""2.3.0"", ""matplotlib"": ""3.10.9"", ""numpy"": ""2.2.6"", ""openplan-bench"": ""0.1.0"", ""pymapf"": ""0.8.0""}",3
mapf-scaling,mapf,cuplan,random_obstacles/16x16/n8/d0.15,random_obstacles/d0.15,pibt,,cpu,"{""backend"": ""cpu""}",1,0,20.0,3072,solved,True,True,0.008989162000943907,68.0,,14,68,,,,32.57,,backend=cpu,2026-08-21T16:46:26+00:00,0.1.0,7c0b8e81ea92,3.10.12,Linux 6.8.0-136-generic (x86_64),11th Gen Intel(R) Core(TM) i7-11850H @ 2.50GHz,16,wardn-thinkpad,"{""cuda-planning"": ""not-installed"", ""jupyddl"": ""2.3.0"", ""matplotlib"": ""3.10.9"", ""numpy"": ""2.2.6"", ""openplan-bench"": ""0.1.0"", ""pymapf"": ""0.8.0""}",3
mapf-scaling,mapf,cuplan,random_obstacles/16x16/n8/d0.15,random_obstacles/d0.15,pibt,,cpu,"{""backend"": ""cpu""}",2,0,20.0,3072,solved,True,True,0.009012344999064226,62.0,,11,62,,,,32.98,,backend=cpu,2026-08-21T16:46:26+00:00,0.1.0,7c0b8e81ea92,3.10.12,Linux 6.8.0-136-generic (x86_64),11th Gen Intel(R) Core(TM) i7-11850H @ 2.50GHz,16,wardn-thinkpad,"{""cuda-planning"": ""not-installed"", ""jupyddl"": ""2.3.0"", ""matplotlib"": ""3.10.9"", ""numpy"": ""2.2.6"", ""openplan-bench"": ""0.1.0"", ""pymapf"": ""0.8.0""}",3
mapf-scaling,mapf,cuplan,random_obstacles/16x16/n8/d0.15,random_obstacles/d0.15,pibt,,cpu,"{""backend"": ""cpu""}",3,0,20.0,3072,solved,True,True,0.009602491001714952,70.0,,16,70,,,,32.89,,backend=cpu,2026-08-21T16:46:26+00:00,0.1.0,7c0b8e81ea92,3.10.12,Linux 6.8.0-136-generic (x86_64),11th Gen Intel(R) Core(TM) i7-11850H @ 2.50GHz,16,wardn-thinkpad,"{""cuda-planning"": ""not-installed"", ""jupyddl"": ""2.3.0"", ""matplotlib"": ""3.10.9"", ""numpy"": ""2.2.6"", ""openplan-bench"": ""0.1.0"", ""pymapf"": ""0.8.0""}",3
mapf-scaling,mapf,cuplan,random_obstacles/16x16/n8/d0.15,random_obstacles/d0.15,pibt,,cpu,"{""backend"": ""cpu""}",4,0,20.0,3072,solved,True,True,0.010737520999100525,78.0,,22,78,,,,32.5,,backend=cpu,2026-08-21T16:46:26+00:00,0.1.0,7c0b8e81ea92,3.10.12,Linux 6.8.0-136-generic (x86_64),11th Gen Intel(R) Core(TM) i7-11850H @ 2.50GHz,16,wardn-thinkpad,"{""cuda-planning"": ""not-installed"", ""jupyddl"": ""2.3.0"", ""matplotlib"": ""3.10.9"", ""numpy"": ""2.2.6"", ""openplan-bench"": ""0.1.0"", ""pymapf"": ""0.8.0""}",3
mapf-scaling,mapf,cuplan,random_obstacles/16x16/n8/d0.15,random_obstacles/d0.15,pibt,,cuda,"{""backend"": ""cuda""}",0,0,20.0,3072,skipped,False,False,0.0,,,,,,,,,,no working CUDA device (cuplan.cuda_available() returned False),2026-08-21T16:46:26+00:00,0.1.0,7c0b8e81ea92,3.10.12,Linux 6.8.0-136-generic (x86_64),11th Gen Intel(R) Core(TM) i7-11850H @ 2.50GHz,16,wardn-thinkpad,"{""cuda-planning"": ""not-installed"", ""jupyddl"": ""2.3.0"", ""matplotlib"": ""3.10.9"", ""numpy"": ""2.2.6"", ""openplan-bench"": ""0.1.0"", ""pymapf"": ""0.8.0""}",3
mapf-scaling,mapf,cuplan,random_obstacles/16x16/n8/d0.15,random_obstacles/d0.15,pibt,,cuda,"{""backend"": ""cuda""}",1,0,20.0,3072,skipped,False,False,0.0,,,,,,,,,,no working CUDA device (cuplan.cuda_available() returned False),2026-08-21T16:46:26+00:00,0.1.0,7c0b8e81ea92,3.10.12,Linux 6.8.0-136-generic (x86_64),11th Gen Intel(R) Core(TM) i7-11850H @ 2.50GHz,16,wardn-thinkpad,"{""cuda-planning"": ""not-installed"", ""jupyddl"": ""2.3.0"", ""matplotlib"": ""3.10.9"", ""numpy"": ""2.2.6"", ""openplan-bench"": ""0.1.0"", ""pymapf"": ""0.8.0""}",3
mapf-scaling,mapf,cuplan,random_obstacles/16x16/n8/d0.15,random_obstacles/d0.15,pibt,,cuda,"{""backend"": ""cuda""}",2,0,20.0,3072,skipped,False,False,0.0,,,,,,,,,,no working CUDA device (cuplan.cuda_available() returned False),2026-08-21T16:46:26+00:00,0.1.0,7c0b8e81ea92,3.10.12,Linux 6.8.0-136-generic (x86_64),11th Gen Intel(R) Core(TM) i7-11850H @ 2.50GHz,16,wardn-thinkpad,"{""cuda-planning"": ""not-installed"", ""jupyddl"": ""2.3.0"", ""matplotlib"": ""3.10.9"", ""numpy"": ""2.2.6"", ""openplan-bench"": ""0.1.0"", ""pymapf"": ""0.8.0""}",3
mapf-scaling,mapf,cuplan,random_obstacles/16x16/n8/d0.15,random_obstacles/d0.15,pibt,,cuda,"{""backend"": ""cuda""}",3,0,20.0,3072,skipped,False,False,0.0,,,,,,,,,,no working CUDA device (cuplan.cuda_available() returned False),2026-08-21T16:46:26+00:00,0.1.0,7c0b8e81ea92,3.10.12,Linux 6.8.0-136-generic (x86_64),11th Gen Intel(R) Core(TM) i7-11850H @ 2.50GHz,16,wardn-thinkpad,"{""cuda-planning"": ""not-installed"", ""jupyddl"": ""2.3.0"", ""matplotlib"": ""3.10.9"", ""numpy"": ""2.2.6"", ""openplan-bench"": ""0.1.0"", ""pymapf"": ""0.8.0""}",3
mapf-scaling,mapf,cuplan,random_obstacles/16x16/n8/d0.15,random_obstacles/d0.15,pibt,,cuda,"{""backend"": ""cuda""}",4,0,20.0,3072,skipped,False,False,0.0,,,,,,,,,,no working CUDA device (cuplan.cuda_available() returned False),2026-08-21T16:46:26+00:00,0.1.0,7c0b8e81ea92,3.10.12,Linux 6.8.0-136-generic (x86_64),11th Gen Intel(R) Core(TM) i7-11850H @ 2.50GHz,16,wardn-thinkpad,"{""cuda-planning"": ""not-installed"", ""jupyddl"": ""2.3.0"", ""matplotlib"": ""3.10.9"", ""numpy"": ""2.2.6"", ""openplan-bench"": ""0.1.0"", ""pymapf"": ""0.8.0""}",3
mapf-scaling,mapf,cuplan,random_obstacles/16x16/n16/d0.15,random_obstacles/d0.15,prioritized,,cpu,"{""backend"": ""cpu""}",0,0,20.0,3072,solved,True,True,0.016699607003829442,187.0,,24,187,,,,30.82,,backend=cpu,2026-08-21T16:46:26+00:00,0.1.0,7c0b8e81ea92,3.10.12,Linux 6.8.0-136-generic (x86_64),11th Gen Intel(R) Core(TM) i7-11850H @ 2.50GHz,16,wardn-thinkpad,"{""cuda-planning"": ""not-installed"", ""jupyddl"": ""2.3.0"", ""matplotlib"": ""3.10.9"", ""numpy"": ""2.2.6"", ""openplan-bench"": ""0.1.0"", ""pymapf"": ""0.8.0""}",3
mapf-scaling,mapf,cuplan,random_obstacles/16x16/n16/d0.15,random_obstacles/d0.15,prioritized,,cpu,"{""backend"": ""cpu""}",1,0,20.0,3072,solved,True,True,0.01599264700053027,181.0,,19,181,,,,30.82,,backend=cpu,2026-08-21T16:46:27+00:00,0.1.0,7c0b8e81ea92,3.10.12,Linux 6.8.0-136-generic (x86_64),11th Gen Intel(R) Core(TM) i7-11850H @ 2.50GHz,16,wardn-thinkpad,"{""cuda-planning"": ""not-installed"", ""jupyddl"": ""2.3.0"", ""matplotlib"": ""3.10.9"", ""numpy"": ""2.2.6"", ""openplan-bench"": ""0.1.0"", ""pymapf"": ""0.8.0""}",3
mapf-scaling,mapf,cuplan,random_obstacles/16x16/n16/d0.15,random_obstacles/d0.15,prioritized,,cpu,"{""backend"": ""cpu""}",2,0,20.0,3072,solved,True,True,0.014835451998806093,165.0,,19,165,,,,30.82,,backend=cpu,2026-08-21T16:46:27+00:00,0.1.0,7c0b8e81ea92,3.10.12,Linux 6.8.0-136-generic (x86_64),11th Gen Intel(R) Core(TM) i7-11850H @ 2.50GHz,16,wardn-thinkpad,"{""cuda-planning"": ""not-installed"", ""jupyddl"": ""2.3.0"", ""matplotlib"": ""3.10.9"", ""numpy"": ""2.2.6"", ""openplan-bench"": ""0.1.0"", ""pymapf"": ""0.8.0""}",3
mapf-scaling,mapf,cuplan,random_obstacles/16x16/n16/d0.15,random_obstacles/d0.15,prioritized,,cpu,"{""backend"": ""cpu""}",3,0,20.0,3072,solved,True,True,0.015665081999031827,180.0,,21,180,,,,30.82,,backend=cpu,2026-08-21T16:46:27+00:00,0.1.0,7c0b8e81ea92,3.10.12,Linux 6.8.0-136-generic (x86_64),11th Gen Intel(R) Core(TM) i7-11850H @ 2.50GHz,16,wardn-thinkpad,"{""cuda-planning"": ""not-installed"", ""jupyddl"": ""2.3.0"", ""matplotlib"": ""3.10.9"", ""numpy"": ""2.2.6"", ""openplan-bench"": ""0.1.0"", ""pymapf"": ""0.8.0""}",3
mapf-scaling,mapf,cuplan,random_obstacles/16x16/n16/d0.15,random_obstacles/d0.15,prioritized,,cpu,"{""backend"": ""cpu""}",4,0,20.0,3072,solved,True,True,0.013811411001370288,152.0,,17,152,,,,30.82,,backend=cpu,2026-08-21T16:46:27+00:00,0.1.0,7c0b8e81ea92,3.10.12,Linux 6.8.0-136-generic (x86_64),11th Gen Intel(R) Core(TM) i7-11850H @ 2.50GHz,16,wardn-thinkpad,"{""cuda-planning"": ""not-installed"", ""jupyddl"": ""2.3.0"", ""matplotlib"": ""3.10.9"", ""numpy"": ""2.2.6"", ""openplan-bench"": ""0.1.0"", ""pymapf"": ""0.8.0""}",3
mapf-scaling,mapf,cuplan,random_obstacles/16x16/n16/d0.15,random_obstacles/d0.15,pibt,,cpu,"{""backend"": ""cpu""}",0,0,20.0,3072,solved,True,True,0.011622972000623122,215.0,,24,215,,,,33.2,,backend=cpu,2026-08-21T16:46:27+00:00,0.1.0,7c0b8e81ea92,3.10.12,Linux 6.8.0-136-generic (x86_64),11th Gen Intel(R) Core(TM) i7-11850H @ 2.50GHz,16,wardn-thinkpad,"{""cuda-planning"": ""not-installed"", ""jupyddl"": ""2.3.0"", ""matplotlib"": ""3.10.9"", ""numpy"": ""2.2.6"", ""openplan-bench"": ""0.1.0"", ""pymapf"": ""0.8.0""}",3
mapf-scaling,mapf,cuplan,random_obstacles/16x16/n16/d0.15,random_obstacles/d0.15,pibt,,cpu,"{""backend"": ""cpu""}",1,0,20.0,3072,unsolved,False,False,0.032804866998048965,,,,,,,,33.22,,backend=cpu; solver returned no solution,2026-08-21T16:46:28+00:00,0.1.0,7c0b8e81ea92,3.10.12,Linux 6.8.0-136-generic (x86_64),11th Gen Intel(R) Core(TM) i7-11850H @ 2.50GHz,16,wardn-thinkpad,"{""cuda-planning"": ""not-installed"", ""jupyddl"": ""2.3.0"", ""matplotlib"": ""3.10.9"", ""numpy"": ""2.2.6"", ""openplan-bench"": ""0.1.0"", ""pymapf"": ""0.8.0""}",3
mapf-scaling,mapf,cuplan,random_obstacles/16x16/n16/d0.15,random_obstacles/d0.15,pibt,,cpu,"{""backend"": ""cpu""}",2,0,20.0,3072,solved,True,True,0.011026164997019805,200.0,,21,200,,,,32.98,,backend=cpu,2026-08-21T16:46:28+00:00,0.1.0,7c0b8e81ea92,3.10.12,Linux 6.8.0-136-generic (x86_64),11th Gen Intel(R) Core(TM) i7-11850H @ 2.50GHz,16,wardn-thinkpad,"{""cuda-planning"": ""not-installed"", ""jupyddl"": ""2.3.0"", ""matplotlib"": ""3.10.9"", ""numpy"": ""2.2.6"", ""openplan-bench"": ""0.1.0"", ""pymapf"": ""0.8.0""}",3
mapf-scaling,mapf,cuplan,random_obstacles/16x16/n16/d0.15,random_obstacles/d0.15,pibt,,cpu,"{""backend"": ""cpu""}",3,0,20.0,3072,solved,True,True,0.011562895997485612,231.0,,23,231,,,,32.84,,backend=cpu,2026-08-21T16:46:28+00:00,0.1.0,7c0b8e81ea92,3.10.12,Linux 6.8.0-136-generic (x86_64),11th Gen Intel(R) Core(TM) i7-11850H @ 2.50GHz,16,wardn-thinkpad,"{""cuda-planning"": ""not-installed"", ""jupyddl"": ""2.3.0"", ""matplotlib"": ""3.10.9"", ""numpy"": ""2.2.6"", ""openplan-bench"": ""0.1.0"", ""pymapf"": ""0.8.0""}",3
mapf-scaling,mapf,cuplan,random_obstacles/16x16/n16/d0.15,random_obstacles/d0.15,pibt,,cpu,"{""backend"": ""cpu""}",4,0,20.0,3072,solved,True,True,0.010615685001539532,152.0,,17,152,,,,32.98,,backend=cpu,2026-08-21T16:46:28+00:00,0.1.0,7c0b8e81ea92,3.10.12,Linux 6.8.0-136-generic (x86_64),11th Gen Intel(R) Core(TM) i7-11850H @ 2.50GHz,16,wardn-thinkpad,"{""cuda-planning"": ""not-installed"", ""jupyddl"": ""2.3.0"", ""matplotlib"": ""3.10.9"", ""numpy"": ""2.2.6"", ""openplan-bench"": ""0.1.0"", ""pymapf"": ""0.8.0""}",3
mapf-scaling,mapf,cuplan,random_obstacles/16x16/n16/d0.15,random_obstacles/d0.15,pibt,,cuda,"{""backend"": ""cuda""}",0,0,20.0,3072,skipped,False,False,0.0,,,,,,,,,,no working CUDA device (cuplan.cuda_available() returned False),2026-08-21T16:46:28+00:00,0.1.0,7c0b8e81ea92,3.10.12,Linux 6.8.0-136-generic (x86_64),11th Gen Intel(R) Core(TM) i7-11850H @ 2.50GHz,16,wardn-thinkpad,"{""cuda-planning"": ""not-installed"", ""jupyddl"": ""2.3.0"", ""matplotlib"": ""3.10.9"", ""numpy"": ""2.2.6"", ""openplan-bench"": ""0.1.0"", ""pymapf"": ""0.8.0""}",3
mapf-scaling,mapf,cuplan,random_obstacles/16x16/n16/d0.15,random_obstacles/d0.15,pibt,,cuda,"{""backend"": ""cuda""}",1,0,20.0,3072,skipped,False,False,0.0,,,,,,,,,,no working CUDA device (cuplan.cuda_available() returned False),2026-08-21T16:46:28+00:00,0.1.0,7c0b8e81ea92,3.10.12,Linux 6.8.0-136-generic (x86_64),11th Gen Intel(R) Core(TM) i7-11850H @ 2.50GHz,16,wardn-thinkpad,"{""cuda-planning"": ""not-installed"", ""jupyddl"": ""2.3.0"", ""matplotlib"": ""3.10.9"", ""numpy"": ""2.2.6"", ""openplan-bench"": ""0.1.0"", ""pymapf"": ""0.8.0""}",3
mapf-scaling,mapf,cuplan,random_obstacles/16x16/n16/d0.15,random_obstacles/d0.15,pibt,,cuda,"{""backend"": ""cuda""}",2,0,20.0,3072,skipped,False,False,0.0,,,,,,,,,,no working CUDA device (cuplan.cuda_available() returned False),2026-08-21T16:46:28+00:00,0.1.0,7c0b8e81ea92,3.10.12,Linux 6.8.0-136-generic (x86_64),11th Gen Intel(R) Core(TM) i7-11850H @ 2.50GHz,16,wardn-thinkpad,"{""cuda-planning"": ""not-installed"", ""jupyddl"": ""2.3.0"", ""matplotlib"": ""3.10.9"", ""numpy"": ""2.2.6"", ""openplan-bench"": ""0.1.0"", ""pymapf"": ""0.8.0""}",3
mapf-scaling,mapf,cuplan,random_obstacles/16x16/n16/d0.15,random_obstacles/d0.15,pibt,,cuda,"{""backend"": ""cuda""}",3,0,20.0,3072,skipped,False,False,0.0,,,,,,,,,,no working CUDA device (cuplan.cuda_available() returned False),2026-08-21T16:46:28+00:00,0.1.0,7c0b8e81ea92,3.10.12,Linux 6.8.0-136-generic (x86_64),11th Gen Intel(R) Core(TM) i7-11850H @ 2.50GHz,16,wardn-thinkpad,"{""cuda-planning"": ""not-installed"", ""jupyddl"": ""2.3.0"", ""matplotlib"": ""3.10.9"", ""numpy"": ""2.2.6"", ""openplan-bench"": ""0.1.0"", ""pymapf"": ""0.8.0""}",3
mapf-scaling,mapf,cuplan,random_obstacles/16x16/n16/d0.15,random_obstacles/d0.15,pibt,,cuda,"{""backend"": ""cuda""}",4,0,20.0,3072,skipped,False,False,0.0,,,,,,,,,,no working CUDA device (cuplan.cuda_available() returned False),2026-08-21T16:46:28+00:00,0.1.0,7c0b8e81ea92,3.10.12,Linux 6.8.0-136-generic (x86_64),11th Gen Intel(R) Core(TM) i7-11850H @ 2.50GHz,16,wardn-thinkpad,"{""cuda-planning"": ""not-installed"", ""jupyddl"": ""2.3.0"", ""matplotlib"": ""3.10.9"", ""numpy"": ""2.2.6"", ""openplan-bench"": ""0.1.0"", ""pymapf"": ""0.8.0""}",3
mapf-scaling,mapf,cuplan,random_obstacles/16x16/n24/d0.15,random_obstacles/d0.15,prioritized,,cpu,"{""backend"": ""cpu""}",0,0,20.0,3072,solved,True,True,0.028480830005719326,337.0,,22,337,,,,30.82,,backend=cpu,2026-08-21T16:46:28+00:00,0.1.0,7c0b8e81ea92,3.10.12,Linux 6.8.0-136-generic (x86_64),11th Gen Intel(R) Core(TM) i7-11850H @ 2.50GHz,16,wardn-thinkpad,"{""cuda-planning"": ""not-installed"", ""jupyddl"": ""2.3.0"", ""matplotlib"": ""3.10.9"", ""numpy"": ""2.2.6"", ""openplan-bench"": ""0.1.0"", ""pymapf"": ""0.8.0""}",3
mapf-scaling,mapf,cuplan,random_obstacles/16x16/n24/d0.15,random_obstacles/d0.15,prioritized,,cpu,"{""backend"": ""cpu""}",1,0,20.0,3072,solved,True,True,0.0216356300006737,245.0,,16,245,,,,30.82,,backend=cpu,2026-08-21T16:46:28+00:00,0.1.0,7c0b8e81ea92,3.10.12,Linux 6.8.0-136-generic (x86_64),11th Gen Intel(R) Core(TM) i7-11850H @ 2.50GHz,16,wardn-thinkpad,"{""cuda-planning"": ""not-installed"", ""jupyddl"": ""2.3.0"", ""matplotlib"": ""3.10.9"", ""numpy"": ""2.2.6"", ""openplan-bench"": ""0.1.0"", ""pymapf"": ""0.8.0""}",3
mapf-scaling,mapf,cuplan,random_obstacles/16x16/n24/d0.15,random_obstacles/d0.15,prioritized,,cpu,"{""backend"": ""cpu""}",2,0,20.0,3072,solved,True,True,0.022822368002380244,270.0,,21,270,,,,30.82,,backend=cpu,2026-08-21T16:46:29+00:00,0.1.0,7c0b8e81ea92,3.10.12,Linux 6.8.0-136-generic (x86_64),11th Gen Intel(R) Core(TM) i7-11850H @ 2.50GHz,16,wardn-thinkpad,"{""cuda-planning"": ""not-installed"", ""jupyddl"": ""2.3.0"", ""matplotlib"": ""3.10.9"", ""numpy"": ""2.2.6"", ""openplan-bench"": ""0.1.0"", ""pymapf"": ""0.8.0""}",3
mapf-scaling,mapf,cuplan,random_obstacles/16x16/n24/d0.15,random_obstacles/d0.15,prioritized,,cpu,"{""backend"": ""cpu""}",3,0,20.0,3072,unsolved,False,False,0.027250916995399166,,,,,,,,30.82,,backend=cpu; solver returned no solution,2026-08-21T16:46:29+00:00,0.1.0,7c0b8e81ea92,3.10.12,Linux 6.8.0-136-generic (x86_64),11th Gen Intel(R) Core(TM) i7-11850H @ 2.50GHz,16,wardn-thinkpad,"{""cuda-planning"": ""not-installed"", ""jupyddl"": ""2.3.0"", ""matplotlib"": ""3.10.9"", ""numpy"": ""2.2.6"", ""openplan-bench"": ""0.1.0"", ""pymapf"": ""0.8.0""}",3
mapf-scaling,mapf,cuplan,random_obstacles/16x16/n24/d0.15,random_obstacles/d0.15,prioritized,,cpu,"{""backend"": ""cpu""}",4,0,20.0,3072,solved,True,True,0.02456593100214377,279.0,,20,279,,,,30.82,,backend=cpu,2026-08-21T16:46:29+00:00,0.1.0,7c0b8e81ea92,3.10.12,Linux 6.8.0-136-generic (x86_64),11th Gen Intel(R) Core(TM) i7-11850H @ 2.50GHz,16,wardn-thinkpad,"{""cuda-planning"": ""not-installed"", ""jupyddl"": ""2.3.0"", ""matplotlib"": ""3.10.9"", ""numpy"": ""2.2.6"", ""openplan-bench"": ""0.1.0"", ""pymapf"": ""0.8.0""}",3
mapf-scaling,mapf,cuplan,random_obstacles/16x16/n24/d0.15,random_obstacles/d0.15,pibt,,cpu,"{""backend"": ""cpu""}",0,0,20.0,3072,solved,True,True,0.018177507001382764,375.0,,25,375,,,,33.09,,backend=cpu,2026-08-21T16:46:29+00:00,0.1.0,7c0b8e81ea92,3.10.12,Linux 6.8.0-136-generic (x86_64),11th Gen Intel(R) Core(TM) i7-11850H @ 2.50GHz,16,wardn-thinkpad,"{""cuda-planning"": ""not-installed"", ""jupyddl"": ""2.3.0"", ""matplotlib"": ""3.10.9"", ""numpy"": ""2.2.6"", ""openplan-bench"": ""0.1.0"", ""pymapf"": ""0.8.0""}",3
mapf-scaling,mapf,cuplan,random_obstacles/16x16/n24/d0.15,random_obstacles/d0.15,pibt,,cpu,"{""backend"": ""cpu""}",1,0,20.0,3072,solved,True,True,0.011943759993300773,264.0,,20,264,,,,32.98,,backend=cpu,2026-08-21T16:46:29+00:00,0.1.0,7c0b8e81ea92,3.10.12,Linux 6.8.0-136-generic (x86_64),11th Gen Intel(R) Core(TM) i7-11850H @ 2.50GHz,16,wardn-thinkpad,"{""cuda-planning"": ""not-installed"", ""jupyddl"": ""2.3.0"", ""matplotlib"": ""3.10.9"", ""numpy"": ""2.2.6"", ""openplan-bench"": ""0.1.0"", ""pymapf"": ""0.8.0""}",3
mapf-scaling,mapf,cuplan,random_obstacles/16x16/n24/d0.15,random_obstacles/d0.15,pibt,,cpu,"{""backend"": ""cpu""}",2,0,20.0,3072,solved,True,True,0.014397093997104093,332.0,,33,332,,,,33.14,,backend=cpu,2026-08-21T16:46:30+00:00,0.1.0,7c0b8e81ea92,3.10.12,Linux 6.8.0-136-generic (x86_64),11th Gen Intel(R) Core(TM) i7-11850H @ 2.50GHz,16,wardn-thinkpad,"{""cuda-planning"": ""not-installed"", ""jupyddl"": ""2.3.0"", ""matplotlib"": ""3.10.9"", ""numpy"": ""2.2.6"", ""openplan-bench"": ""0.1.0"", ""pymapf"": ""0.8.0""}",3
mapf-scaling,mapf,cuplan,random_obstacles/16x16/n24/d0.15,random_obstacles/d0.15,pibt,,cpu,"{""backend"": ""cpu""}",3,0,20.0,3072,solved,True,True,0.015216389001579955,398.0,,39,398,,,,33.15,,backend=cpu,2026-08-21T16:46:30+00:00,0.1.0,7c0b8e81ea92,3.10.12,Linux 6.8.0-136-generic (x86_64),11th Gen Intel(R) Core(TM) i7-11850H @ 2.50GHz,16,wardn-thinkpad,"{""cuda-planning"": ""not-installed"", ""jupyddl"": ""2.3.0"", ""matplotlib"": ""3.10.9"", ""numpy"": ""2.2.6"", ""openplan-bench"": ""0.1.0"", ""pymapf"": ""0.8.0""}",3
mapf-scaling,mapf,cuplan,random_obstacles/16x16/n24/d0.15,random_obstacles/d0.15,pibt,,cpu,"{""backend"": ""cpu""}",4,0,20.0,3072,solved,True,True,0.012647228999412619,293.0,,26,293,,,,33.09,,backend=cpu,2026-08-21T16:46:30+00:00,0.1.0,7c0b8e81ea92,3.10.12,Linux 6.8.0-136-generic (x86_64),11th Gen Intel(R) Core(TM) i7-11850H @ 2.50GHz,16,wardn-thinkpad,"{""cuda-planning"": ""not-installed"", ""jupyddl"": ""2.3.0"", ""matplotlib"": ""3.10.9"", ""numpy"": ""2.2.6"", ""openplan-bench"": ""0.1.0"", ""pymapf"": ""0.8.0""}",3
mapf-scaling,mapf,cuplan,random_obstacles/16x16/n24/d0.15,random_obstacles/d0.15,pibt,,cuda,"{""backend"": ""cuda""}",0,0,20.0,3072,skipped,False,False,0.0,,,,,,,,,,no working CUDA device (cuplan.cuda_available() returned False),2026-08-21T16:46:30+00:00,0.1.0,7c0b8e81ea92,3.10.12,Linux 6.8.0-136-generic (x86_64),11th Gen Intel(R) Core(TM) i7-11850H @ 2.50GHz,16,wardn-thinkpad,"{""cuda-planning"": ""not-installed"", ""jupyddl"": ""2.3.0"", ""matplotlib"": ""3.10.9"", ""numpy"": ""2.2.6"", ""openplan-bench"": ""0.1.0"", ""pymapf"": ""0.8.0""}",3
mapf-scaling,mapf,cuplan,random_obstacles/16x16/n24/d0.15,random_obstacles/d0.15,pibt,,cuda,"{""backend"": ""cuda""}",1,0,20.0,3072,skipped,False,False,0.0,,,,,,,,,,no working CUDA device (cuplan.cuda_available() returned False),2026-08-21T16:46:30+00:00,0.1.0,7c0b8e81ea92,3.10.12,Linux 6.8.0-136-generic (x86_64),11th Gen Intel(R) Core(TM) i7-11850H @ 2.50GHz,16,wardn-thinkpad,"{""cuda-planning"": ""not-installed"", ""jupyddl"": ""2.3.0"", ""matplotlib"": ""3.10.9"", ""numpy"": ""2.2.6"", ""openplan-bench"": ""0.1.0"", ""pymapf"": ""0.8.0""}",3
mapf-scaling,mapf,cuplan,random_obstacles/16x16/n24/d0.15,random_obstacles/d0.15,pibt,,cuda,"{""backend"": ""cuda""}",2,0,20.0,3072,skipped,False,False,0.0,,,,,,,,,,no working CUDA device (cuplan.cuda_available() returned False),2026-08-21T16:46:30+00:00,0.1.0,7c0b8e81ea92,3.10.12,Linux 6.8.0-136-generic (x86_64),11th Gen Intel(R) Core(TM) i7-11850H @ 2.50GHz,16,wardn-thinkpad,"{""cuda-planning"": ""not-installed"", ""jupyddl"": ""2.3.0"", ""matplotlib"": ""3.10.9"", ""numpy"": ""2.2.6"", ""openplan-bench"": ""0.1.0"", ""pymapf"": ""0.8.0""}",3
mapf-scaling,mapf,cuplan,random_obstacles/16x16/n24/d0.15,random_obstacles/d0.15,pibt,,cuda,"{""backend"": ""cuda""}",3,0,20.0,3072,skipped,False,False,0.0,,,,,,,,,,no working CUDA device (cuplan.cuda_available() returned False),2026-08-21T16:46:30+00:00,0.1.0,7c0b8e81ea92,3.10.12,Linux 6.8.0-136-generic (x86_64),11th Gen Intel(R) Core(TM) i7-11850H @ 2.50GHz,16,wardn-thinkpad,"{""cuda-planning"": ""not-installed"", ""jupyddl"": ""2.3.0"", ""matplotlib"": ""3.10.9"", ""numpy"": ""2.2.6"", ""openplan-bench"": ""0.1.0"", ""pymapf"": ""0.8.0""}",3
mapf-scaling,mapf,cuplan,random_obstacles/16x16/n24/d0.15,random_obstacles/d0.15,pibt,,cuda,"{""backend"": ""cuda""}",4,0,20.0,3072,skipped,False,False,0.0,,,,,,,,,,no working CUDA device (cuplan.cuda_available() returned False),2026-08-21T16:46:30+00:00,0.1.0,7c0b8e81ea92,3.10.12,Linux 6.8.0-136-generic (x86_64),11th Gen Intel(R) Core(TM) i7-11850H @ 2.50GHz,16,wardn-thinkpad,"{""cuda-planning"": ""not-installed"", ""jupyddl"": ""2.3.0"", ""matplotlib"": ""3.10.9"", ""numpy"": ""2.2.6"", ""openplan-bench"": ""0.1.0"", ""pymapf"": ""0.8.0""}",3
mapf-scaling,mapf,cuplan,random_obstacles/16x16/n32/d0.15,random_obstacles/d0.15,prioritized,,cpu,"{""backend"": ""cpu""}",0,0,20.0,3072,solved,True,True,0.028625472004932817,333.0,,21,333,,,,30.82,,backend=cpu,2026-08-21T16:46:30+00:00,0.1.0,7c0b8e81ea92,3.10.12,Linux 6.8.0-136-generic (x86_64),11th Gen Intel(R) Core(TM) i7-11850H @ 2.50GHz,16,wardn-thinkpad,"{""cuda-planning"": ""not-installed"", ""jupyddl"": ""2.3.0"", ""matplotlib"": ""3.10.9"", ""numpy"": ""2.2.6"", ""openplan-bench"": ""0.1.0"", ""pymapf"": ""0.8.0""}",3
mapf-scaling,mapf,cuplan,random_obstacles/16x16/n32/d0.15,random_obstacles/d0.15,prioritized,,cpu,"{""backend"": ""cpu""}",1,0,20.0,3072,solved,True,True,0.030804902999079786,360.0,,20,360,,,,30.82,,backend=cpu,2026-08-21T16:46:30+00:00,0.1.0,7c0b8e81ea92,3.10.12,Linux 6.8.0-136-generic (x86_64),11th Gen Intel(R) Core(TM) i7-11850H @ 2.50GHz,16,wardn-thinkpad,"{""cuda-planning"": ""not-installed"", ""jupyddl"": ""2.3.0"", ""matplotlib"": ""3.10.9"", ""numpy"": ""2.2.6"", ""openplan-bench"": ""0.1.0"", ""pymapf"": ""0.8.0""}",3
mapf-scaling,mapf,cuplan,random_obstacles/16x16/n32/d0.15,random_obstacles/d0.15,prioritized,,cpu,"{""backend"": ""cpu""}",2,0,20.0,3072,unsolved,False,False,0.024005180996027775,,,,,,,,30.82,,backend=cpu; solver returned no solution,2026-08-21T16:46:31+00:00,0.1.0,7c0b8e81ea92,3.10.12,Linux 6.8.0-136-generic (x86_64),11th Gen Intel(R) Core(TM) i7-11850H @ 2.50GHz,16,wardn-thinkpad,"{""cuda-planning"": ""not-installed"", ""jupyddl"": ""2.3.0"", ""matplotlib"": ""3.10.9"", ""numpy"": ""2.2.6"", ""openplan-bench"": ""0.1.0"", ""pymapf"": ""0.8.0""}",3
mapf-scaling,mapf,cuplan,random_obstacles/16x16/n32/d0.15,random_obstacles/d0.15,prioritized,,cpu,"{""backend"": ""cpu""}",3,0,20.0,3072,solved,True,True,0.03495333099999698,385.0,,25,385,,,,30.82,,backend=cpu,2026-08-21T16:46:31+00:00,0.1.0,7c0b8e81ea92,3.10.12,Linux 6.8.0-136-generic (x86_64),11th Gen Intel(R) Core(TM) i7-11850H @ 2.50GHz,16,wardn-thinkpad,"{""cuda-planning"": ""not-installed"", ""jupyddl"": ""2.3.0"", ""matplotlib"": ""3.10.9"", ""numpy"": ""2.2.6"", ""openplan-bench"": ""0.1.0"", ""pymapf"": ""0.8.0""}",3
mapf-scaling,mapf,cuplan,random_obstacles/16x16/n32/d0.15,random_obstacles/d0.15,prioritized,,cpu,"{""backend"": ""cpu""}",4,0,20.0,3072,unsolved,False,False,0.03941332500107819,,,,,,,,30.82,,backend=cpu; solver returned no solution,2026-08-21T16:46:31+00:00,0.1.0,7c0b8e81ea92,3.10.12,Linux 6.8.0-136-generic (x86_64),11th Gen Intel(R) Core(TM) i7-11850H @ 2.50GHz,16,wardn-thinkpad,"{""cuda-planning"": ""not-installed"", ""jupyddl"": ""2.3.0"", ""matplotlib"": ""3.10.9"", ""numpy"": ""2.2.6"", ""openplan-bench"": ""0.1.0"", ""pymapf"": ""0.8.0""}",3
mapf-scaling,mapf,cuplan,random_obstacles/16x16/n32/d0.15,random_obstacles/d0.15,pibt,,cpu,"{""backend"": ""cpu""}",0,0,20.0,3072,solved,True,True,0.012282118994335178,422.0,,18,422,,,,33.0,,backend=cpu,2026-08-21T16:46:31+00:00,0.1.0,7c0b8e81ea92,3.10.12,Linux 6.8.0-136-generic (x86_64),11th Gen Intel(R) Core(TM) i7-11850H @ 2.50GHz,16,wardn-thinkpad,"{""cuda-planning"": ""not-installed"", ""jupyddl"": ""2.3.0"", ""matplotlib"": ""3.10.9"", ""numpy"": ""2.2.6"", ""openplan-bench"": ""0.1.0"", ""pymapf"": ""0.8.0""}",3
mapf-scaling,mapf,cuplan,random_obstacles/16x16/n32/d0.15,random_obstacles/d0.15,pibt,,cpu,"{""backend"": ""cpu""}",1,0,20.0,3072,solved,True,True,0.01794517600501422,424.0,,20,424,,,,33.1,,backend=cpu,2026-08-21T16:46:31+00:00,0.1.0,7c0b8e81ea92,3.10.12,Linux 6.8.0-136-generic (x86_64),11th Gen Intel(R) Core(TM) i7-11850H @ 2.50GHz,16,wardn-thinkpad,"{""cuda-planning"": ""not-installed"", ""jupyddl"": ""2.3.0"", ""matplotlib"": ""3.10.9"", ""numpy"": ""2.2.6"", ""openplan-bench"": ""0.1.0"", ""pymapf"": ""0.8.0""}",3
mapf-scaling,mapf,cuplan,random_obstacles/16x16/n32/d0.15,random_obstacles/d0.15,pibt,,cpu,"{""backend"": ""cpu""}",2,0,20.0,3072,unsolved,False,False,0.050162731000455096,,,,,,,,33.3,,backend=cpu; solver returned no solution,2026-08-21T16:46:32+00:00,0.1.0,7c0b8e81ea92,3.10.12,Linux 6.8.0-136-generic (x86_64),11th Gen Intel(R) Core(TM) i7-11850H @ 2.50GHz,16,wardn-thinkpad,"{""cuda-planning"": ""not-installed"", ""jupyddl"": ""2.3.0"", ""matplotlib"": ""3.10.9"", ""numpy"": ""2.2.6"", ""openplan-bench"": ""0.1.0"", ""pymapf"": ""0.8.0""}",3
mapf-scaling,mapf,cuplan,random_obstacles/16x16/n32/d0.15,random_obstacles/d0.15,pibt,,cpu,"{""backend"": ""cpu""}",3,0,20.0,3072,solved,True,True,0.014518136995320674,543.0,,30,543,,,,32.96,,backend=cpu,2026-08-21T16:46:32+00:00,0.1.0,7c0b8e81ea92,3.10.12,Linux 6.8.0-136-generic (x86_64),11th Gen Intel(R) Core(TM) i7-11850H @ 2.50GHz,16,wardn-thinkpad,"{""cuda-planning"": ""not-installed"", ""jupyddl"": ""2.3.0"", ""matplotlib"": ""3.10.9"", ""numpy"": ""2.2.6"", ""openplan-bench"": ""0.1.0"", ""pymapf"": ""0.8.0""}",3
mapf-scaling,mapf,cuplan,random_obstacles/16x16/n32/d0.15,random_obstacles/d0.15,pibt,,cpu,"{""backend"": ""cpu""}",4,0,20.0,3072,solved,True,True,0.014035301996045746,496.0,,27,496,,,,33.05,,backend=cpu,2026-08-21T16:46:32+00:00,0.1.0,7c0b8e81ea92,3.10.12,Linux 6.8.0-136-generic (x86_64),11th Gen Intel(R) Core(TM) i7-11850H @ 2.50GHz,16,wardn-thinkpad,"{""cuda-planning"": ""not-installed"", ""jupyddl"": ""2.3.0"", ""matplotlib"": ""3.10.9"", ""numpy"": ""2.2.6"", ""openplan-bench"": ""0.1.0"", ""pymapf"": ""0.8.0""}",3
mapf-scaling,mapf,cuplan,random_obstacles/16x16/n32/d0.15,random_obstacles/d0.15,pibt,,cuda,"{""backend"": ""cuda""}",0,0,20.0,3072,skipped,False,False,0.0,,,,,,,,,,no working CUDA device (cuplan.cuda_available() returned False),2026-08-21T16:46:32+00:00,0.1.0,7c0b8e81ea92,3.10.12,Linux 6.8.0-136-generic (x86_64),11th Gen Intel(R) Core(TM) i7-11850H @ 2.50GHz,16,wardn-thinkpad,"{""cuda-planning"": ""not-installed"", ""jupyddl"": ""2.3.0"", ""matplotlib"": ""3.10.9"", ""numpy"": ""2.2.6"", ""openplan-bench"": ""0.1.0"", ""pymapf"": ""0.8.0""}",3
mapf-scaling,mapf,cuplan,random_obstacles/16x16/n32/d0.15,random_obstacles/d0.15,pibt,,cuda,"{""backend"": ""cuda""}",1,0,20.0,3072,skipped,False,False,0.0,,,,,,,,,,no working CUDA device (cuplan.cuda_available() returned False),2026-08-21T16:46:32+00:00,0.1.0,7c0b8e81ea92,3.10.12,Linux 6.8.0-136-generic (x86_64),11th Gen Intel(R) Core(TM) i7-11850H @ 2.50GHz,16,wardn-thinkpad,"{""cuda-planning"": ""not-installed"", ""jupyddl"": ""2.3.0"", ""matplotlib"": ""3.10.9"", ""numpy"": ""2.2.6"", ""openplan-bench"": ""0.1.0"", ""pymapf"": ""0.8.0""}",3
mapf-scaling,mapf,cuplan,random_obstacles/16x16/n32/d0.15,random_obstacles/d0.15,pibt,,cuda,"{""backend"": ""cuda""}",2,0,20.0,3072,skipped,False,False,0.0,,,,,,,,,,no working CUDA device (cuplan.cuda_available() returned False),2026-08-21T16:46:32+00:00,0.1.0,7c0b8e81ea92,3.10.12,Linux 6.8.0-136-generic (x86_64),11th Gen Intel(R) Core(TM) i7-11850H @ 2.50GHz,16,wardn-thinkpad,"{""cuda-planning"": ""not-installed"", ""jupyddl"": ""2.3.0"", ""matplotlib"": ""3.10.9"", ""numpy"": ""2.2.6"", ""openplan-bench"": ""0.1.0"", ""pymapf"": ""0.8.0""}",3
mapf-scaling,mapf,cuplan,random_obstacles/16x16/n32/d0.15,random_obstacles/d0.15,pibt,,cuda,"{""backend"": ""cuda""}",3,0,20.0,3072,skipped,False,False,0.0,,,,,,,,,,no working CUDA device (cuplan.cuda_available() returned False),2026-08-21T16:46:32+00:00,0.1.0,7c0b8e81ea92,3.10.12,Linux 6.8.0-136-generic (x86_64),11th Gen Intel(R) Core(TM) i7-11850H @ 2.50GHz,16,wardn-thinkpad,"{""cuda-planning"": ""not-installed"", ""jupyddl"": ""2.3.0"", ""matplotlib"": ""3.10.9"", ""numpy"": ""2.2.6"", ""openplan-bench"": ""0.1.0"", ""pymapf"": ""0.8.0""}",3
mapf-scaling,mapf,cuplan,random_obstacles/16x16/n32/d0.15,random_obstacles/d0.15,pibt,,cuda,"{""backend"": ""cuda""}",4,0,20.0,3072,skipped,False,False,0.0,,,,,,,,,,no working CUDA device (cuplan.cuda_available() returned False),2026-08-21T16:46:32+00:00,0.1.0,7c0b8e81ea92,3.10.12,Linux 6.8.0-136-generic (x86_64),11th Gen Intel(R) Core(TM) i7-11850H @ 2.50GHz,16,wardn-thinkpad,"{""cuda-planning"": ""not-installed"", ""jupyddl"": ""2.3.0"", ""matplotlib"": ""3.10.9"", ""numpy"": ""2.2.6"", ""openplan-bench"": ""0.1.0"", ""pymapf"": ""0.8.0""}",3
mapf-scaling,mapf,cuplan,random_obstacles/24x24/n4/d0.15,random_obstacles/d0.15,prioritized,,cpu,"{""backend"": ""cpu""}",0,0,20.0,3072,solved,True,True,0.01043374899745686,98.0,,32,98,,,,30.95,,backend=cpu,2026-08-21T16:46:32+00:00,0.1.0,7c0b8e81ea92,3.10.12,Linux 6.8.0-136-generic (x86_64),11th Gen Intel(R) Core(TM) i7-11850H @ 2.50GHz,16,wardn-thinkpad,"{""cuda-planning"": ""not-installed"", ""jupyddl"": ""2.3.0"", ""matplotlib"": ""3.10.9"", ""numpy"": ""2.2.6"", ""openplan-bench"": ""0.1.0"", ""pymapf"": ""0.8.0""}",3
mapf-scaling,mapf,cuplan,random_obstacles/24x24/n4/d0.15,random_obstacles/d0.15,prioritized,,cpu,"{""backend"": ""cpu""}",1,0,20.0,3072,solved,True,True,0.008213932997023221,77.0,,26,77,,,,30.95,,backend=cpu,2026-08-21T16:46:32+00:00,0.1.0,7c0b8e81ea92,3.10.12,Linux 6.8.0-136-generic (x86_64),11th Gen Intel(R) Core(TM) i7-11850H @ 2.50GHz,16,wardn-thinkpad,"{""cuda-planning"": ""not-installed"", ""jupyddl"": ""2.3.0"", ""matplotlib"": ""3.10.9"", ""numpy"": ""2.2.6"", ""openplan-bench"": ""0.1.0"", ""pymapf"": ""0.8.0""}",3
mapf-scaling,mapf,cuplan,random_obstacles/24x24/n4/d0.15,random_obstacles/d0.15,prioritized,,cpu,"{""backend"": ""cpu""}",2,0,20.0,3072,solved,True,True,0.009131061997322831,86.0,,26,86,,,,30.95,,backend=cpu,2026-08-21T16:46:32+00:00,0.1.0,7c0b8e81ea92,3.10.12,Linux 6.8.0-136-generic (x86_64),11th Gen Intel(R) Core(TM) i7-11850H @ 2.50GHz,16,wardn-thinkpad,"{""cuda-planning"": ""not-installed"", ""jupyddl"": ""2.3.0"", ""matplotlib"": ""3.10.9"", ""numpy"": ""2.2.6"", ""openplan-bench"": ""0.1.0"", ""pymapf"": ""0.8.0""}",3
mapf-scaling,mapf,cuplan,random_obstacles/24x24/n4/d0.15,random_obstacles/d0.15,prioritized,,cpu,"{""backend"": ""cpu""}",3,0,20.0,3072,solved,True,True,0.005980683003144804,51.0,,16,51,,,,30.95,,backend=cpu,2026-08-21T16:46:33+00:00,0.1.0,7c0b8e81ea92,3.10.12,Linux 6.8.0-136-generic (x86_64),11th Gen Intel(R) Core(TM) i7-11850H @ 2.50GHz,16,wardn-thinkpad,"{""cuda-planning"": ""not-installed"", ""jupyddl"": ""2.3.0"", ""matplotlib"": ""3.10.9"", ""numpy"": ""2.2.6"", ""openplan-bench"": ""0.1.0"", ""pymapf"": ""0.8.0""}",3
mapf-scaling,mapf,cuplan,random_obstacles/24x24/n4/d0.15,random_obstacles/d0.15,prioritized,,cpu,"{""backend"": ""cpu""}",4,0,20.0,3072,solved,True,True,0.005011963003198616,42.0,,19,42,,,,30.95,,backend=cpu,2026-08-21T16:46:33+00:00,0.1.0,7c0b8e81ea92,3.10.12,Linux 6.8.0-136-generic (x86_64),11th Gen Intel(R) Core(TM) i7-11850H @ 2.50GHz,16,wardn-thinkpad,"{""cuda-planning"": ""not-installed"", ""jupyddl"": ""2.3.0"", ""matplotlib"": ""3.10.9"", ""numpy"": ""2.2.6"", ""openplan-bench"": ""0.1.0"", ""pymapf"": ""0.8.0""}",3
mapf-scaling,mapf,cuplan,random_obstacles/24x24/n4/d0.15,random_obstacles/d0.15,pibt,,cpu,"{""backend"": ""cpu""}",0,0,20.0,3072,solved,True,True,0.011328751999826636,98.0,,32,98,,,,32.95,,backend=cpu,2026-08-21T16:46:33+00:00,0.1.0,7c0b8e81ea92,3.10.12,Linux 6.8.0-136-generic (x86_64),11th Gen Intel(R) Core(TM) i7-11850H @ 2.50GHz,16,wardn-thinkpad,"{""cuda-planning"": ""not-installed"", ""jupyddl"": ""2.3.0"", ""matplotlib"": ""3.10.9"", ""numpy"": ""2.2.6"", ""openplan-bench"": ""0.1.0"", ""pymapf"": ""0.8.0""}",3
mapf-scaling,mapf,cuplan,random_obstacles/24x24/n4/d0.15,random_obstacles/d0.15,pibt,,cpu,"{""backend"": ""cpu""}",1,0,20.0,3072,solved,True,True,0.014548694001859985,81.0,,24,81,,,,32.95,,backend=cpu,2026-08-21T16:46:33+00:00,0.1.0,7c0b8e81ea92,3.10.12,Linux 6.8.0-136-generic (x86_64),11th Gen Intel(R) Core(TM) i7-11850H @ 2.50GHz,16,wardn-thinkpad,"{""cuda-planning"": ""not-installed"", ""jupyddl"": ""2.3.0"", ""matplotlib"": ""3.10.9"", ""numpy"": ""2.2.6"", ""openplan-bench"": ""0.1.0"", ""pymapf"": ""0.8.0""}",3
mapf-scaling,mapf,cuplan,random_obstacles/24x24/n4/d0.15,random_obstacles/d0.15,pibt,,cpu,"{""backend"": ""cpu""}",2,0,20.0,3072,solved,True,True,0.010685733002901543,86.0,,26,86,,,,32.95,,backend=cpu,2026-08-21T16:46:33+00:00,0.1.0,7c0b8e81ea92,3.10.12,Linux 6.8.0-136-generic (x86_64),11th Gen Intel(R) Core(TM) i7-11850H @ 2.50GHz,16,wardn-thinkpad,"{""cuda-planning"": ""not-installed"", ""jupyddl"": ""2.3.0"", ""matplotlib"": ""3.10.9"", ""numpy"": ""2.2.6"", ""openplan-bench"": ""0.1.0"", ""pymapf"": ""0.8.0""}",3
mapf-scaling,mapf,cuplan,random_obstacles/24x24/n4/d0.15,random_obstacles/d0.15,pibt,,cpu,"{""backend"": ""cpu""}",3,0,20.0,3072,solved,True,True,0.009786069000256248,51.0,,16,51,,,,32.73,,backend=cpu,2026-08-21T16:46:34+00:00,0.1.0,7c0b8e81ea92,3.10.12,Linux 6.8.0-136-generic (x86_64),11th Gen Intel(R) Core(TM) i7-11850H @ 2.50GHz,16,wardn-thinkpad,"{""cuda-planning"": ""not-installed"", ""jupyddl"": ""2.3.0"", ""matplotlib"": ""3.10.9"", ""numpy"": ""2.2.6"", ""openplan-bench"": ""0.1.0"", ""pymapf"": ""0.8.0""}",3
mapf-scaling,mapf,cuplan,random_obstacles/24x24/n4/d0.15,random_obstacles/d0.15,pibt,,cpu,"{""backend"": ""cpu""}",4,0,20.0,3072,solved,True,True,0.016835107002407312,42.0,,19,42,,,,33.01,,backend=cpu,2026-08-21T16:46:34+00:00,0.1.0,7c0b8e81ea92,3.10.12,Linux 6.8.0-136-generic (x86_64),11th Gen Intel(R) Core(TM) i7-11850H @ 2.50GHz,16,wardn-thinkpad,"{""cuda-planning"": ""not-installed"", ""jupyddl"": ""2.3.0"", ""matplotlib"": ""3.10.9"", ""numpy"": ""2.2.6"", ""openplan-bench"": ""0.1.0"", ""pymapf"": ""0.8.0""}",3
mapf-scaling,mapf,cuplan,random_obstacles/24x24/n4/d0.15,random_obstacles/d0.15,pibt,,cuda,"{""backend"": ""cuda""}",0,0,20.0,3072,skipped,False,False,0.0,,,,,,,,,,no working CUDA device (cuplan.cuda_available() returned False),2026-08-21T16:46:34+00:00,0.1.0,7c0b8e81ea92,3.10.12,Linux 6.8.0-136-generic (x86_64),11th Gen Intel(R) Core(TM) i7-11850H @ 2.50GHz,16,wardn-thinkpad,"{""cuda-planning"": ""not-installed"", ""jupyddl"": ""2.3.0"", ""matplotlib"": ""3.10.9"", ""numpy"": ""2.2.6"", ""openplan-bench"": ""0.1.0"", ""pymapf"": ""0.8.0""}",3
mapf-scaling,mapf,cuplan,random_obstacles/24x24/n4/d0.15,random_obstacles/d0.15,pibt,,cuda,"{""backend"": ""cuda""}",1,0,20.0,3072,skipped,False,False,0.0,,,,,,,,,,no working CUDA device (cuplan.cuda_available() returned False),2026-08-21T16:46:34+00:00,0.1.0,7c0b8e81ea92,3.10.12,Linux 6.8.0-136-generic (x86_64),11th Gen Intel(R) Core(TM) i7-11850H @ 2.50GHz,16,wardn-thinkpad,"{""cuda-planning"": ""not-installed"", ""jupyddl"": ""2.3.0"", ""matplotlib"": ""3.10.9"", ""numpy"": ""2.2.6"", ""openplan-bench"": ""0.1.0"", ""pymapf"": ""0.8.0""}",3
mapf-scaling,mapf,cuplan,random_obstacles/24x24/n4/d0.15,random_obstacles/d0.15,pibt,,cuda,"{""backend"": ""cuda""}",2,0,20.0,3072,skipped,False,False,0.0,,,,,,,,,,no working CUDA device (cuplan.cuda_available() returned False),2026-08-21T16:46:34+00:00,0.1.0,7c0b8e81ea92,3.10.12,Linux 6.8.0-136-generic (x86_64),11th Gen Intel(R) Core(TM) i7-11850H @ 2.50GHz,16,wardn-thinkpad,"{""cuda-planning"": ""not-installed"", ""jupyddl"": ""2.3.0"", ""matplotlib"": ""3.10.9"", ""numpy"": ""2.2.6"", ""openplan-bench"": ""0.1.0"", ""pymapf"": ""0.8.0""}",3
mapf-scaling,mapf,cuplan,random_obstacles/24x24/n4/d0.15,random_obstacles/d0.15,pibt,,cuda,"{""backend"": ""cuda""}",3,0,20.0,3072,skipped,False,False,0.0,,,,,,,,,,no working CUDA device (cuplan.cuda_available() returned False),2026-08-21T16:46:34+00:00,0.1.0,7c0b8e81ea92,3.10.12,Linux 6.8.0-136-generic (x86_64),11th Gen Intel(R) Core(TM) i7-11850H @ 2.50GHz,16,wardn-thinkpad,"{""cuda-planning"": ""not-installed"", ""jupyddl"": ""2.3.0"", ""matplotlib"": ""3.10.9"", ""numpy"": ""2.2.6"", ""openplan-bench"": ""0.1.0"", ""pymapf"": ""0.8.0""}",3
mapf-scaling,mapf,cuplan,random_obstacles/24x24/n4/d0.15,random_obstacles/d0.15,pibt,,cuda,"{""backend"": ""cuda""}",4,0,20.0,3072,skipped,False,False,0.0,,,,,,,,,,no working CUDA device (cuplan.cuda_available() returned False),2026-08-21T16:46:34+00:00,0.1.0,7c0b8e81ea92,3.10.12,Linux 6.8.0-136-generic (x86_64),11th Gen Intel(R) Core(TM) i7-11850H @ 2.50GHz,16,wardn-thinkpad,"{""cuda-planning"": ""not-installed"", ""jupyddl"": ""2.3.0"", ""matplotlib"": ""3.10.9"", ""numpy"": ""2.2.6"", ""openplan-bench"": ""0.1.0"", ""pymapf"": ""0.8.0""}",3
mapf-scaling,mapf,cuplan,random_obstacles/24x24/n8/d0.15,random_obstacles/d0.15,prioritized,,cpu,"{""backend"": ""cpu""}",0,0,20.0,3072,solved,True,True,0.01556306400016183,153.0,,26,153,,,,30.95,,backend=cpu,2026-08-21T16:46:34+00:00,0.1.0,7c0b8e81ea92,3.10.12,Linux 6.8.0-136-generic (x86_64),11th Gen Intel(R) Core(TM) i7-11850H @ 2.50GHz,16,wardn-thinkpad,"{""cuda-planning"": ""not-installed"", ""jupyddl"": ""2.3.0"", ""matplotlib"": ""3.10.9"", ""numpy"": ""2.2.6"", ""openplan-bench"": ""0.1.0"", ""pymapf"": ""0.8.0""}",3
mapf-scaling,mapf,cuplan,random_obstacles/24x24/n8/d0.15,random_obstacles/d0.15,prioritized,,cpu,"{""backend"": ""cpu""}",1,0,20.0,3072,solved,True,True,0.014144592998491134,144.0,,25,144,,,,30.95,,backend=cpu,2026-08-21T16:46:34+00:00,0.1.0,7c0b8e81ea92,3.10.12,Linux 6.8.0-136-generic (x86_64),11th Gen Intel(R) Core(TM) i7-11850H @ 2.50GHz,16,wardn-thinkpad,"{""cuda-planning"": ""not-installed"", ""jupyddl"": ""2.3.0"", ""matplotlib"": ""3.10.9"", ""numpy"": ""2.2.6"", ""openplan-bench"": ""0.1.0"", ""pymapf"": ""0.8.0""}",3
mapf-scaling,mapf,cuplan,random_obstacles/24x24/n8/d0.15,random_obstacles/d0.15,prioritized,,cpu,"{""backend"": ""cpu""}",2,0,20.0,3072,solved,True,True,0.013053737995505799,129.0,,20,129,,,,30.95,,backend=cpu,2026-08-21T16:46:34+00:00,0.1.0,7c0b8e81ea92,3.10.12,Linux 6.8.0-136-generic (x86_64),11th Gen Intel(R) Core(TM) i7-11850H @ 2.50GHz,16,wardn-thinkpad,"{""cuda-planning"": ""not-installed"", ""jupyddl"": ""2.3.0"", ""matplotlib"": ""3.10.9"", ""numpy"": ""2.2.6"", ""openplan-bench"": ""0.1.0"", ""pymapf"": ""0.8.0""}",3
mapf-scaling,mapf,cuplan,random_obstacles/24x24/n8/d0.15,random_obstacles/d0.15,prioritized,,cpu,"{""backend"": ""cpu""}",3,0,20.0,3072,solved,True,True,0.010973131000355352,98.0,,34,98,,,,30.95,,backend=cpu,2026-08-21T16:46:35+00:00,0.1.0,7c0b8e81ea92,3.10.12,Linux 6.8.0-136-generic (x86_64),11th Gen Intel(R) Core(TM) i7-11850H @ 2.50GHz,16,wardn-thinkpad,"{""cuda-planning"": ""not-installed"", ""jupyddl"": ""2.3.0"", ""matplotlib"": ""3.10.9"", ""numpy"": ""2.2.6"", ""openplan-bench"": ""0.1.0"", ""pymapf"": ""0.8.0""}",3
mapf-scaling,mapf,cuplan,random_obstacles/24x24/n8/d0.15,random_obstacles/d0.15,prioritized,,cpu,"{""backend"": ""cpu""}",4,0,20.0,3072,solved,True,True,0.012431561000994407,114.0,,27,114,,,,30.95,,backend=cpu,2026-08-21T16:46:35+00:00,0.1.0,7c0b8e81ea92,3.10.12,Linux 6.8.0-136-generic (x86_64),11th Gen Intel(R) Core(TM) i7-11850H @ 2.50GHz,16,wardn-thinkpad,"{""cuda-planning"": ""not-installed"", ""jupyddl"": ""2.3.0"", ""matplotlib"": ""3.10.9"", ""numpy"": ""2.2.6"", ""openplan-bench"": ""0.1.0"", ""pymapf"": ""0.8.0""}",3
mapf-scaling,mapf,cuplan,random_obstacles/24x24/n8/d0.15,random_obstacles/d0.15,pibt,,cpu,"{""backend"": ""cpu""}",0,0,20.0,3072,solved,True,True,0.011453267994511407,164.0,,25,164,,,,32.93,,backend=cpu,2026-08-21T16:46:35+00:00,0.1.0,7c0b8e81ea92,3.10.12,Linux 6.8.0-136-generic (x86_64),11th Gen Intel(R) Core(TM) i7-11850H @ 2.50GHz,16,wardn-thinkpad,"{""cuda-planning"": ""not-installed"", ""jupyddl"": ""2.3.0"", ""matplotlib"": ""3.10.9"", ""numpy"": ""2.2.6"", ""openplan-bench"": ""0.1.0"", ""pymapf"": ""0.8.0""}",3
mapf-scaling,mapf,cuplan,random_obstacles/24x24/n8/d0.15,random_obstacles/d0.15,pibt,,cpu,"{""backend"": ""cpu""}",1,0,20.0,3072,solved,True,True,0.011209317999600898,144.0,,25,144,,,,32.78,,backend=cpu,2026-08-21T16:46:35+00:00,0.1.0,7c0b8e81ea92,3.10.12,Linux 6.8.0-136-generic (x86_64),11th Gen Intel(R) Core(TM) i7-11850H @ 2.50GHz,16,wardn-thinkpad,"{""cuda-planning"": ""not-installed"", ""jupyddl"": ""2.3.0"", ""matplotlib"": ""3.10.9"", ""numpy"": ""2.2.6"", ""openplan-bench"": ""0.1.0"", ""pymapf"": ""0.8.0""}",3
mapf-scaling,mapf,cuplan,random_obstacles/24x24/n8/d0.15,random_obstacles/d0.15,pibt,,cpu,"{""backend"": ""cpu""}",2,0,20.0,3072,solved,True,True,0.011303218998364173,128.0,,20,128,,,,32.96,,backend=cpu,2026-08-21T16:46:35+00:00,0.1.0,7c0b8e81ea92,3.10.12,Linux 6.8.0-136-generic (x86_64),11th Gen Intel(R) Core(TM) i7-11850H @ 2.50GHz,16,wardn-thinkpad,"{""cuda-planning"": ""not-installed"", ""jupyddl"": ""2.3.0"", ""matplotlib"": ""3.10.9"", ""numpy"": ""2.2.6"", ""openplan-bench"": ""0.1.0"", ""pymapf"": ""0.8.0""}",3
mapf-scaling,mapf,cuplan,random_obstacles/24x24/n8/d0.15,random_obstacles/d0.15,pibt,,cpu,"{""backend"": ""cpu""}",3,0,20.0,3072,solved,True,True,0.011926352002774365,98.0,,32,98,,,,32.83,,backend=cpu,2026-08-21T16:46:35+00:00,0.1.0,7c0b8e81ea92,3.10.12,Linux 6.8.0-136-generic (x86_64),11th Gen Intel(R) Core(TM) i7-11850H @ 2.50GHz,16,wardn-thinkpad,"{""cuda-planning"": ""not-installed"", ""jupyddl"": ""2.3.0"", ""matplotlib"": ""3.10.9"", ""numpy"": ""2.2.6"", ""openplan-bench"": ""0.1.0"", ""pymapf"": ""0.8.0""}",3
mapf-scaling,mapf,cuplan,random_obstacles/24x24/n8/d0.15,random_obstacles/d0.15,pibt,,cpu,"{""backend"": ""cpu""}",4,0,20.0,3072,solved,True,True,0.011697695001203101,121.0,,30,121,,,,32.98,,backend=cpu,2026-08-21T16:46:36+00:00,0.1.0,7c0b8e81ea92,3.10.12,Linux 6.8.0-136-generic (x86_64),11th Gen Intel(R) Core(TM) i7-11850H @ 2.50GHz,16,wardn-thinkpad,"{""cuda-planning"": ""not-installed"", ""jupyddl"": ""2.3.0"", ""matplotlib"": ""3.10.9"", ""numpy"": ""2.2.6"", ""openplan-bench"": ""0.1.0"", ""pymapf"": ""0.8.0""}",3
mapf-scaling,mapf,cuplan,random_obstacles/24x24/n8/d0.15,random_obstacles/d0.15,pibt,,cuda,"{""backend"": ""cuda""}",0,0,20.0,3072,skipped,False,False,0.0,,,,,,,,,,no working CUDA device (cuplan.cuda_available() returned False),2026-08-21T16:46:36+00:00,0.1.0,7c0b8e81ea92,3.10.12,Linux 6.8.0-136-generic (x86_64),11th Gen Intel(R) Core(TM) i7-11850H @ 2.50GHz,16,wardn-thinkpad,"{""cuda-planning"": ""not-installed"", ""jupyddl"": ""2.3.0"", ""matplotlib"": ""3.10.9"", ""numpy"": ""2.2.6"", ""openplan-bench"": ""0.1.0"", ""pymapf"": ""0.8.0""}",3
mapf-scaling,mapf,cuplan,random_obstacles/24x24/n8/d0.15,random_obstacles/d0.15,pibt,,cuda,"{""backend"": ""cuda""}",1,0,20.0,3072,skipped,False,False,0.0,,,,,,,,,,no working CUDA device (cuplan.cuda_available() returned False),2026-08-21T16:46:36+00:00,0.1.0,7c0b8e81ea92,3.10.12,Linux 6.8.0-136-generic (x86_64),11th Gen Intel(R) Core(TM) i7-11850H @ 2.50GHz,16,wardn-thinkpad,"{""cuda-planning"": ""not-installed"", ""jupyddl"": ""2.3.0"", ""matplotlib"": ""3.10.9"", ""numpy"": ""2.2.6"", ""openplan-bench"": ""0.1.0"", ""pymapf"": ""0.8.0""}",3
mapf-scaling,mapf,cuplan,random_obstacles/24x24/n8/d0.15,random_obstacles/d0.15,pibt,,cuda,"{""backend"": ""cuda""}",2,0,20.0,3072,skipped,False,False,0.0,,,,,,,,,,no working CUDA device (cuplan.cuda_available() returned False),2026-08-21T16:46:36+00:00,0.1.0,7c0b8e81ea92,3.10.12,Linux 6.8.0-136-generic (x86_64),11th Gen Intel(R) Core(TM) i7-11850H @ 2.50GHz,16,wardn-thinkpad,"{""cuda-planning"": ""not-installed"", ""jupyddl"": ""2.3.0"", ""matplotlib"": ""3.10.9"", ""numpy"": ""2.2.6"", ""openplan-bench"": ""0.1.0"", ""pymapf"": ""0.8.0""}",3
mapf-scaling,mapf,cuplan,random_obstacles/24x24/n8/d0.15,random_obstacles/d0.15,pibt,,cuda,"{""backend"": ""cuda""}",3,0,20.0,3072,skipped,False,False,0.0,,,,,,,,,,no working CUDA device (cuplan.cuda_available() returned False),2026-08-21T16:46:36+00:00,0.1.0,7c0b8e81ea92,3.10.12,Linux 6.8.0-136-generic (x86_64),11th Gen Intel(R) Core(TM) i7-11850H @ 2.50GHz,16,wardn-thinkpad,"{""cuda-planning"": ""not-installed"", ""jupyddl"": ""2.3.0"", ""matplotlib"": ""3.10.9"", ""numpy"": ""2.2.6"", ""openplan-bench"": ""0.1.0"", ""pymapf"": ""0.8.0""}",3
mapf-scaling,mapf,cuplan,random_obstacles/24x24/n8/d0.15,random_obstacles/d0.15,pibt,,cuda,"{""backend"": ""cuda""}",4,0,20.0,3072,skipped,False,False,0.0,,,,,,,,,,no working CUDA device (cuplan.cuda_available() returned False),2026-08-21T16:46:36+00:00,0.1.0,7c0b8e81ea92,3.10.12,Linux 6.8.0-136-generic (x86_64),11th Gen Intel(R) Core(TM) i7-11850H @ 2.50GHz,16,wardn-thinkpad,"{""cuda-planning"": ""not-installed"", ""jupyddl"": ""2.3.0"", ""matplotlib"": ""3.10.9"", ""numpy"": ""2.2.6"", ""openplan-bench"": ""0.1.0"", ""pymapf"": ""0.8.0""}",3
mapf-scaling,mapf,cuplan,random_obstacles/24x24/n16/d0.15,random_obstacles/d0.15,prioritized,,cpu,"{""backend"": ""cpu""}",0,0,20.0,3072,solved,True,True,0.02765264399931766,283.0,,30,283,,,,30.95,,backend=cpu,2026-08-21T16:46:36+00:00,0.1.0,7c0b8e81ea92,3.10.12,Linux 6.8.0-136-generic (x86_64),11th Gen Intel(R) Core(TM) i7-11850H @ 2.50GHz,16,wardn-thinkpad,"{""cuda-planning"": ""not-installed"", ""jupyddl"": ""2.3.0"", ""matplotlib"": ""3.10.9"", ""numpy"": ""2.2.6"", ""openplan-bench"": ""0.1.0"", ""pymapf"": ""0.8.0""}",3
mapf-scaling,mapf,cuplan,random_obstacles/24x24/n16/d0.15,random_obstacles/d0.15,prioritized,,cpu,"{""backend"": ""cpu""}",1,0,20.0,3072,solved,True,True,0.045177445994340815,291.0,,38,291,,,,30.95,,backend=cpu,2026-08-21T16:46:36+00:00,0.1.0,7c0b8e81ea92,3.10.12,Linux 6.8.0-136-generic (x86_64),11th Gen Intel(R) Core(TM) i7-11850H @ 2.50GHz,16,wardn-thinkpad,"{""cuda-planning"": ""not-installed"", ""jupyddl"": ""2.3.0"", ""matplotlib"": ""3.10.9"", ""numpy"": ""2.2.6"", ""openplan-bench"": ""0.1.0"", ""pymapf"": ""0.8.0""}",3
mapf-scaling,mapf,cuplan,random_obstacles/24x24/n16/d0.15,random_obstacles/d0.15,prioritized,,cpu,"{""backend"": ""cpu""}",2,0,20.0,3072,solved,True,True,0.024527021996618714,241.0,,25,241,,,,30.95,,backend=cpu,2026-08-21T16:46:36+00:00,0.1.0,7c0b8e81ea92,3.10.12,Linux 6.8.0-136-generic (x86_64),11th Gen Intel(R) Core(TM) i7-11850H @ 2.50GHz,16,wardn-thinkpad,"{""cuda-planning"": ""not-installed"", ""jupyddl"": ""2.3.0"", ""matplotlib"": ""3.10.9"", ""numpy"": ""2.2.6"", ""openplan-bench"": ""0.1.0"", ""pymapf"": ""0.8.0""}",3
mapf-scaling,mapf,cuplan,random_obstacles/24x24/n16/d0.15,random_obstacles/d0.15,prioritized,,cpu,"{""backend"": ""cpu""}",3,0,20.0,3072,solved,True,True,0.027863494004122913,303.0,,34,303,,,,30.95,,backend=cpu,2026-08-21T16:46:36+00:00,0.1.0,7c0b8e81ea92,3.10.12,Linux 6.8.0-136-generic (x86_64),11th Gen Intel(R) Core(TM) i7-11850H @ 2.50GHz,16,wardn-thinkpad,"{""cuda-planning"": ""not-installed"", ""jupyddl"": ""2.3.0"", ""matplotlib"": ""3.10.9"", ""numpy"": ""2.2.6"", ""openplan-bench"": ""0.1.0"", ""pymapf"": ""0.8.0""}",3
mapf-scaling,mapf,cuplan,random_obstacles/24x24/n16/d0.15,random_obstacles/d0.15,prioritized,,cpu,"{""backend"": ""cpu""}",4,0,20.0,3072,solved,True,True,0.03578857999673346,245.0,,27,245,,,,30.95,,backend=cpu,2026-08-21T16:46:37+00:00,0.1.0,7c0b8e81ea92,3.10.12,Linux 6.8.0-136-generic (x86_64),11th Gen Intel(R) Core(TM) i7-11850H @ 2.50GHz,16,wardn-thinkpad,"{""cuda-planning"": ""not-installed"", ""jupyddl"": ""2.3.0"", ""matplotlib"": ""3.10.9"", ""numpy"": ""2.2.6"", ""openplan-bench"": ""0.1.0"", ""pymapf"": ""0.8.0""}",3
mapf-scaling,mapf,cuplan,random_obstacles/24x24/n16/d0.15,random_obstacles/d0.15,pibt,,cpu,"{""backend"": ""cpu""}",0,0,20.0,3072,solved,True,True,0.013043309001659509,318.0,,30,318,,,,32.76,,backend=cpu,2026-08-21T16:46:37+00:00,0.1.0,7c0b8e81ea92,3.10.12,Linux 6.8.0-136-generic (x86_64),11th Gen Intel(R) Core(TM) i7-11850H @ 2.50GHz,16,wardn-thinkpad,"{""cuda-planning"": ""not-installed"", ""jupyddl"": ""2.3.0"", ""matplotlib"": ""3.10.9"", ""numpy"": ""2.2.6"", ""openplan-bench"": ""0.1.0"", ""pymapf"": ""0.8.0""}",3
mapf-scaling,mapf,cuplan,random_obstacles/24x24/n16/d0.15,random_obstacles/d0.15,pibt,,cpu,"{""backend"": ""cpu""}",1,0,20.0,3072,solved,True,True,0.014198008997482248,324.0,,38,324,,,,33.07,,backend=cpu,2026-08-21T16:46:37+00:00,0.1.0,7c0b8e81ea92,3.10.12,Linux 6.8.0-136-generic (x86_64),11th Gen Intel(R) Core(TM) i7-11850H @ 2.50GHz,16,wardn-thinkpad,"{""cuda-planning"": ""not-installed"", ""jupyddl"": ""2.3.0"", ""matplotlib"": ""3.10.9"", ""numpy"": ""2.2.6"", ""openplan-bench"": ""0.1.0"", ""pymapf"": ""0.8.0""}",3
mapf-scaling,mapf,cuplan,random_obstacles/24x24/n16/d0.15,random_obstacles/d0.15,pibt,,cpu,"{""backend"": ""cpu""}",2,0,20.0,3072,solved,True,True,0.012460730999009684,237.0,,25,237,,,,32.97,,backend=cpu,2026-08-21T16:46:37+00:00,0.1.0,7c0b8e81ea92,3.10.12,Linux 6.8.0-136-generic (x86_64),11th Gen Intel(R) Core(TM) i7-11850H @ 2.50GHz,16,wardn-thinkpad,"{""cuda-planning"": ""not-installed"", ""jupyddl"": ""2.3.0"", ""matplotlib"": ""3.10.9"", ""numpy"": ""2.2.6"", ""openplan-bench"": ""0.1.0"", ""pymapf"": ""0.8.0""}",3
mapf-scaling,mapf,cuplan,random_obstacles/24x24/n16/d0.15,random_obstacles/d0.15,pibt,,cpu,"{""backend"": ""cpu""}",3,0,20.0,3072,solved,True,True,0.019537909000064246,344.0,,34,344,,,,32.83,,backend=cpu,2026-08-21T16:46:37+00:00,0.1.0,7c0b8e81ea92,3.10.12,Linux 6.8.0-136-generic (x86_64),11th Gen Intel(R) Core(TM) i7-11850H @ 2.50GHz,16,wardn-thinkpad,"{""cuda-planning"": ""not-installed"", ""jupyddl"": ""2.3.0"", ""matplotlib"": ""3.10.9"", ""numpy"": ""2.2.6"", ""openplan-bench"": ""0.1.0"", ""pymapf"": ""0.8.0""}",3
mapf-scaling,mapf,cuplan,random_obstacles/24x24/n16/d0.15,random_obstacles/d0.15,pibt,,cpu,"{""backend"": ""cpu""}",4,0,20.0,3072,solved,True,True,0.012732056995446328,243.0,,27,243,,,,33.07,,backend=cpu,2026-08-21T16:46:38+00:00,0.1.0,7c0b8e81ea92,3.10.12,Linux 6.8.0-136-generic (x86_64),11th Gen Intel(R) Core(TM) i7-11850H @ 2.50GHz,16,wardn-thinkpad,"{""cuda-planning"": ""not-installed"", ""jupyddl"": ""2.3.0"", ""matplotlib"": ""3.10.9"", ""numpy"": ""2.2.6"", ""openplan-bench"": ""0.1.0"", ""pymapf"": ""0.8.0""}",3
mapf-scaling,mapf,cuplan,random_obstacles/24x24/n16/d0.15,random_obstacles/d0.15,pibt,,cuda,"{""backend"": ""cuda""}",0,0,20.0,3072,skipped,False,False,0.0,,,,,,,,,,no working CUDA device (cuplan.cuda_available() returned False),2026-08-21T16:46:38+00:00,0.1.0,7c0b8e81ea92,3.10.12,Linux 6.8.0-136-generic (x86_64),11th Gen Intel(R) Core(TM) i7-11850H @ 2.50GHz,16,wardn-thinkpad,"{""cuda-planning"": ""not-installed"", ""jupyddl"": ""2.3.0"", ""matplotlib"": ""3.10.9"", ""numpy"": ""2.2.6"", ""openplan-bench"": ""0.1.0"", ""pymapf"": ""0.8.0""}",3
mapf-scaling,mapf,cuplan,random_obstacles/24x24/n16/d0.15,random_obstacles/d0.15,pibt,,cuda,"{""backend"": ""cuda""}",1,0,20.0,3072,skipped,False,False,0.0,,,,,,,,,,no working CUDA device (cuplan.cuda_available() returned False),2026-08-21T16:46:38+00:00,0.1.0,7c0b8e81ea92,3.10.12,Linux 6.8.0-136-generic (x86_64),11th Gen Intel(R) Core(TM) i7-11850H @ 2.50GHz,16,wardn-thinkpad,"{""cuda-planning"": ""not-installed"", ""jupyddl"": ""2.3.0"", ""matplotlib"": ""3.10.9"", ""numpy"": ""2.2.6"", ""openplan-bench"": ""0.1.0"", ""pymapf"": ""0.8.0""}",3
mapf-scaling,mapf,cuplan,random_obstacles/24x24/n16/d0.15,random_obstacles/d0.15,pibt,,cuda,"{""backend"": ""cuda""}",2,0,20.0,3072,skipped,False,False,0.0,,,,,,,,,,no working CUDA device (cuplan.cuda_available() returned False),2026-08-21T16:46:38+00:00,0.1.0,7c0b8e81ea92,3.10.12,Linux 6.8.0-136-generic (x86_64),11th Gen Intel(R) Core(TM) i7-11850H @ 2.50GHz,16,wardn-thinkpad,"{""cuda-planning"": ""not-installed"", ""jupyddl"": ""2.3.0"", ""matplotlib"": ""3.10.9"", ""numpy"": ""2.2.6"", ""openplan-bench"": ""0.1.0"", ""pymapf"": ""0.8.0""}",3
mapf-scaling,mapf,cuplan,random_obstacles/24x24/n16/d0.15,random_obstacles/d0.15,pibt,,cuda,"{""backend"": ""cuda""}",3,0,20.0,3072,skipped,False,False,0.0,,,,,,,,,,no working CUDA device (cuplan.cuda_available() returned False),2026-08-21T16:46:38+00:00,0.1.0,7c0b8e81ea92,3.10.12,Linux 6.8.0-136-generic (x86_64),11th Gen Intel(R) Core(TM) i7-11850H @ 2.50GHz,16,wardn-thinkpad,"{""cuda-planning"": ""not-installed"", ""jupyddl"": ""2.3.0"", ""matplotlib"": ""3.10.9"", ""numpy"": ""2.2.6"", ""openplan-bench"": ""0.1.0"", ""pymapf"": ""0.8.0""}",3
mapf-scaling,mapf,cuplan,random_obstacles/24x24/n16/d0.15,random_obstacles/d0.15,pibt,,cuda,"{""backend"": ""cuda""}",4,0,20.0,3072,skipped,False,False,0.0,,,,,,,,,,no working CUDA device (cuplan.cuda_available() returned False),2026-08-21T16:46:38+00:00,0.1.0,7c0b8e81ea92,3.10.12,Linux 6.8.0-136-generic (x86_64),11th Gen Intel(R) Core(TM) i7-11850H @ 2.50GHz,16,wardn-thinkpad,"{""cuda-planning"": ""not-installed"", ""jupyddl"": ""2.3.0"", ""matplotlib"": ""3.10.9"", ""numpy"": ""2.2.6"", ""openplan-bench"": ""0.1.0"", ""pymapf"": ""0.8.0""}",3
mapf-scaling,mapf,cuplan,random_obstacles/24x24/n24/d0.15,random_obstacles/d0.15,prioritized,,cpu,"{""backend"": ""cpu""}",0,0,20.0,3072,solved,True,True,0.03995288100122707,435.0,,33,435,,,,30.95,,backend=cpu,2026-08-21T16:46:38+00:00,0.1.0,7c0b8e81ea92,3.10.12,Linux 6.8.0-136-generic (x86_64),11th Gen Intel(R) Core(TM) i7-11850H @ 2.50GHz,16,wardn-thinkpad,"{""cuda-planning"": ""not-installed"", ""jupyddl"": ""2.3.0"", ""matplotlib"": ""3.10.9"", ""numpy"": ""2.2.6"", ""openplan-bench"": ""0.1.0"", ""pymapf"": ""0.8.0""}",3
mapf-scaling,mapf,cuplan,random_obstacles/24x24/n24/d0.15,random_obstacles/d0.15,prioritized,,cpu,"{""backend"": ""cpu""}",1,0,20.0,3072,solved,True,True,0.03549013000156265,377.0,,31,377,,,,30.95,,backend=cpu,2026-08-21T16:46:38+00:00,0.1.0,7c0b8e81ea92,3.10.12,Linux 6.8.0-136-generic (x86_64),11th Gen Intel(R) Core(TM) i7-11850H @ 2.50GHz,16,wardn-thinkpad,"{""cuda-planning"": ""not-installed"", ""jupyddl"": ""2.3.0"", ""matplotlib"": ""3.10.9"", ""numpy"": ""2.2.6"", ""openplan-bench"": ""0.1.0"", ""pymapf"": ""0.8.0""}",3
mapf-scaling,mapf,cuplan,random_obstacles/24x24/n24/d0.15,random_obstacles/d0.15,prioritized,,cpu,"{""backend"": ""cpu""}",2,0,20.0,3072,solved,True,True,0.03489729300054023,381.0,,25,381,,,,30.95,,backend=cpu,2026-08-21T16:46:38+00:00,0.1.0,7c0b8e81ea92,3.10.12,Linux 6.8.0-136-generic (x86_64),11th Gen Intel(R) Core(TM) i7-11850H @ 2.50GHz,16,wardn-thinkpad,"{""cuda-planning"": ""not-installed"", ""jupyddl"": ""2.3.0"", ""matplotlib"": ""3.10.9"", ""numpy"": ""2.2.6"", ""openplan-bench"": ""0.1.0"", ""pymapf"": ""0.8.0""}",3
mapf-scaling,mapf,cuplan,random_obstacles/24x24/n24/d0.15,random_obstacles/d0.15,prioritized,,cpu,"{""backend"": ""cpu""}",3,0,20.0,3072,solved,True,True,0.033736748999217525,355.0,,31,355,,,,30.95,,backend=cpu,2026-08-21T16:46:38+00:00,0.1.0,7c0b8e81ea92,3.10.12,Linux 6.8.0-136-generic (x86_64),11th Gen Intel(R) Core(TM) i7-11850H @ 2.50GHz,16,wardn-thinkpad,"{""cuda-planning"": ""not-installed"", ""jupyddl"": ""2.3.0"", ""matplotlib"": ""3.10.9"", ""numpy"": ""2.2.6"", ""openplan-bench"": ""0.1.0"", ""pymapf"": ""0.8.0""}",3
mapf-scaling,mapf,cuplan,random_obstacles/24x24/n24/d0.15,random_obstacles/d0.15,prioritized,,cpu,"{""backend"": ""cpu""}",4,0,20.0,3072,solved,True,True,0.03470041800028412,371.0,,26,371,,,,30.95,,backend=cpu,2026-08-21T16:46:39+00:00,0.1.0,7c0b8e81ea92,3.10.12,Linux 6.8.0-136-generic (x86_64),11th Gen Intel(R) Core(TM) i7-11850H @ 2.50GHz,16,wardn-thinkpad,"{""cuda-planning"": ""not-installed"", ""jupyddl"": ""2.3.0"", ""matplotlib"": ""3.10.9"", ""numpy"": ""2.2.6"", ""openplan-bench"": ""0.1.0"", ""pymapf"": ""0.8.0""}",3
mapf-scaling,mapf,cuplan,random_obstacles/24x24/n24/d0.15,random_obstacles/d0.15,pibt,,cpu,"{""backend"": ""cpu""}",0,0,20.0,3072,solved,True,True,0.023817098001018167,481.0,,33,481,,,,33.09,,backend=cpu,2026-08-21T16:46:39+00:00,0.1.0,7c0b8e81ea92,3.10.12,Linux 6.8.0-136-generic (x86_64),11th Gen Intel(R) Core(TM) i7-11850H @ 2.50GHz,16,wardn-thinkpad,"{""cuda-planning"": ""not-installed"", ""jupyddl"": ""2.3.0"", ""matplotlib"": ""3.10.9"", ""numpy"": ""2.2.6"", ""openplan-bench"": ""0.1.0"", ""pymapf"": ""0.8.0""}",3
mapf-scaling,mapf,cuplan,random_obstacles/24x24/n24/d0.15,random_obstacles/d0.15,pibt,,cpu,"{""backend"": ""cpu""}",1,0,20.0,3072,solved,True,True,0.02169863499875646,405.0,,31,405,,,,33.01,,backend=cpu,2026-08-21T16:46:39+00:00,0.1.0,7c0b8e81ea92,3.10.12,Linux 6.8.0-136-generic (x86_64),11th Gen Intel(R) Core(TM) i7-11850H @ 2.50GHz,16,wardn-thinkpad,"{""cuda-planning"": ""not-installed"", ""jupyddl"": ""2.3.0"", ""matplotlib"": ""3.10.9"", ""numpy"": ""2.2.6"", ""openplan-bench"": ""0.1.0"", ""pymapf"": ""0.8.0""}",3
mapf-scaling,mapf,cuplan,random_obstacles/24x24/n24/d0.15,random_obstacles/d0.15,pibt,,cpu,"{""backend"": ""cpu""}",2,0,20.0,3072,solved,True,True,0.014372962999914307,420.0,,26,420,,,,33.14,,backend=cpu,2026-08-21T16:46:39+00:00,0.1.0,7c0b8e81ea92,3.10.12,Linux 6.8.0-136-generic (x86_64),11th Gen Intel(R) Core(TM) i7-11850H @ 2.50GHz,16,wardn-thinkpad,"{""cuda-planning"": ""not-installed"", ""jupyddl"": ""2.3.0"", ""matplotlib"": ""3.10.9"", ""numpy"": ""2.2.6"", ""openplan-bench"": ""0.1.0"", ""pymapf"": ""0.8.0""}",3
mapf-scaling,mapf,cuplan,random_obstacles/24x24/n24/d0.15,random_obstacles/d0.15,pibt,,cpu,"{""backend"": ""cpu""}",3,0,20.0,3072,solved,True,True,0.014825351994659286,424.0,,31,424,,,,33.1,,backend=cpu,2026-08-21T16:46:39+00:00,0.1.0,7c0b8e81ea92,3.10.12,Linux 6.8.0-136-generic (x86_64),11th Gen Intel(R) Core(TM) i7-11850H @ 2.50GHz,16,wardn-thinkpad,"{""cuda-planning"": ""not-installed"", ""jupyddl"": ""2.3.0"", ""matplotlib"": ""3.10.9"", ""numpy"": ""2.2.6"", ""openplan-bench"": ""0.1.0"", ""pymapf"": ""0.8.0""}",3
mapf-scaling,mapf,cuplan,random_obstacles/24x24/n24/d0.15,random_obstacles/d0.15,pibt,,cpu,"{""backend"": ""cpu""}",4,0,20.0,3072,solved,True,True,0.014085296999837738,384.0,,26,384,,,,33.22,,backend=cpu,2026-08-21T16:46:40+00:00,0.1.0,7c0b8e81ea92,3.10.12,Linux 6.8.0-136-generic (x86_64),11th Gen Intel(R) Core(TM) i7-11850H @ 2.50GHz,16,wardn-thinkpad,"{""cuda-planning"": ""not-installed"", ""jupyddl"": ""2.3.0"", ""matplotlib"": ""3.10.9"", ""numpy"": ""2.2.6"", ""openplan-bench"": ""0.1.0"", ""pymapf"": ""0.8.0""}",3
mapf-scaling,mapf,cuplan,random_obstacles/24x24/n24/d0.15,random_obstacles/d0.15,pibt,,cuda,"{""backend"": ""cuda""}",0,0,20.0,3072,skipped,False,False,0.0,,,,,,,,,,no working CUDA device (cuplan.cuda_available() returned False),2026-08-21T16:46:40+00:00,0.1.0,7c0b8e81ea92,3.10.12,Linux 6.8.0-136-generic (x86_64),11th Gen Intel(R) Core(TM) i7-11850H @ 2.50GHz,16,wardn-thinkpad,"{""cuda-planning"": ""not-installed"", ""jupyddl"": ""2.3.0"", ""matplotlib"": ""3.10.9"", ""numpy"": ""2.2.6"", ""openplan-bench"": ""0.1.0"", ""pymapf"": ""0.8.0""}",3
mapf-scaling,mapf,cuplan,random_obstacles/24x24/n24/d0.15,random_obstacles/d0.15,pibt,,cuda,"{""backend"": ""cuda""}",1,0,20.0,3072,skipped,False,False,0.0,,,,,,,,,,no working CUDA device (cuplan.cuda_available() returned False),2026-08-21T16:46:40+00:00,0.1.0,7c0b8e81ea92,3.10.12,Linux 6.8.0-136-generic (x86_64),11th Gen Intel(R) Core(TM) i7-11850H @ 2.50GHz,16,wardn-thinkpad,"{""cuda-planning"": ""not-installed"", ""jupyddl"": ""2.3.0"", ""matplotlib"": ""3.10.9"", ""numpy"": ""2.2.6"", ""openplan-bench"": ""0.1.0"", ""pymapf"": ""0.8.0""}",3
mapf-scaling,mapf,cuplan,random_obstacles/24x24/n24/d0.15,random_obstacles/d0.15,pibt,,cuda,"{""backend"": ""cuda""}",2,0,20.0,3072,skipped,False,False,0.0,,,,,,,,,,no working CUDA device (cuplan.cuda_available() returned False),2026-08-21T16:46:40+00:00,0.1.0,7c0b8e81ea92,3.10.12,Linux 6.8.0-136-generic (x86_64),11th Gen Intel(R) Core(TM) i7-11850H @ 2.50GHz,16,wardn-thinkpad,"{""cuda-planning"": ""not-installed"", ""jupyddl"": ""2.3.0"", ""matplotlib"": ""3.10.9"", ""numpy"": ""2.2.6"", ""openplan-bench"": ""0.1.0"", ""pymapf"": ""0.8.0""}",3
mapf-scaling,mapf,cuplan,random_obstacles/24x24/n24/d0.15,random_obstacles/d0.15,pibt,,cuda,"{""backend"": ""cuda""}",3,0,20.0,3072,skipped,False,False,0.0,,,,,,,,,,no working CUDA device (cuplan.cuda_available() returned False),2026-08-21T16:46:40+00:00,0.1.0,7c0b8e81ea92,3.10.12,Linux 6.8.0-136-generic (x86_64),11th Gen Intel(R) Core(TM) i7-11850H @ 2.50GHz,16,wardn-thinkpad,"{""cuda-planning"": ""not-installed"", ""jupyddl"": ""2.3.0"", ""matplotlib"": ""3.10.9"", ""numpy"": ""2.2.6"", ""openplan-bench"": ""0.1.0"", ""pymapf"": ""0.8.0""}",3
mapf-scaling,mapf,cuplan,random_obstacles/24x24/n24/d0.15,random_obstacles/d0.15,pibt,,cuda,"{""backend"": ""cuda""}",4,0,20.0,3072,skipped,False,False,0.0,,,,,,,,,,no working CUDA device (cuplan.cuda_available() returned False),2026-08-21T16:46:40+00:00,0.1.0,7c0b8e81ea92,3.10.12,Linux 6.8.0-136-generic (x86_64),11th Gen Intel(R) Core(TM) i7-11850H @ 2.50GHz,16,wardn-thinkpad,"{""cuda-planning"": ""not-installed"", ""jupyddl"": ""2.3.0"", ""matplotlib"": ""3.10.9"", ""numpy"": ""2.2.6"", ""openplan-bench"": ""0.1.0"", ""pymapf"": ""0.8.0""}",3
mapf-scaling,mapf,cuplan,random_obstacles/24x24/n32/d0.15,random_obstacles/d0.15,prioritized,,cpu,"{""backend"": ""cpu""}",0,0,20.0,3072,solved,True,True,0.06498305300192442,524.0,,28,524,,,,30.95,,backend=cpu,2026-08-21T16:46:40+00:00,0.1.0,7c0b8e81ea92,3.10.12,Linux 6.8.0-136-generic (x86_64),11th Gen Intel(R) Core(TM) i7-11850H @ 2.50GHz,16,wardn-thinkpad,"{""cuda-planning"": ""not-installed"", ""jupyddl"": ""2.3.0"", ""matplotlib"": ""3.10.9"", ""numpy"": ""2.2.6"", ""openplan-bench"": ""0.1.0"", ""pymapf"": ""0.8.0""}",3
mapf-scaling,mapf,cuplan,random_obstacles/24x24/n32/d0.15,random_obstacles/d0.15,prioritized,,cpu,"{""backend"": ""cpu""}",1,0,20.0,3072,solved,True,True,0.04865261899976758,513.0,,29,513,,,,30.95,,backend=cpu,2026-08-21T16:46:40+00:00,0.1.0,7c0b8e81ea92,3.10.12,Linux 6.8.0-136-generic (x86_64),11th Gen Intel(R) Core(TM) i7-11850H @ 2.50GHz,16,wardn-thinkpad,"{""cuda-planning"": ""not-installed"", ""jupyddl"": ""2.3.0"", ""matplotlib"": ""3.10.9"", ""numpy"": ""2.2.6"", ""openplan-bench"": ""0.1.0"", ""pymapf"": ""0.8.0""}",3
mapf-scaling,mapf,cuplan,random_obstacles/24x24/n32/d0.15,random_obstacles/d0.15,prioritized,,cpu,"{""backend"": ""cpu""}",2,0,20.0,3072,solved,True,True,0.04887536499882117,534.0,,32,534,,,,30.95,,backend=cpu,2026-08-21T16:46:40+00:00,0.1.0,7c0b8e81ea92,3.10.12,Linux 6.8.0-136-generic (x86_64),11th Gen Intel(R) Core(TM) i7-11850H @ 2.50GHz,16,wardn-thinkpad,"{""cuda-planning"": ""not-installed"", ""jupyddl"": ""2.3.0"", ""matplotlib"": ""3.10.9"", ""numpy"": ""2.2.6"", ""openplan-bench"": ""0.1.0"", ""pymapf"": ""0.8.0""}",3
mapf-scaling,mapf,cuplan,random_obstacles/24x24/n32/d0.15,random_obstacles/d0.15,prioritized,,cpu,"{""backend"": ""cpu""}",3,0,20.0,3072,solved,True,True,0.04802674899838166,537.0,,31,537,,,,30.95,,backend=cpu,2026-08-21T16:46:40+00:00,0.1.0,7c0b8e81ea92,3.10.12,Linux 6.8.0-136-generic (x86_64),11th Gen Intel(R) Core(TM) i7-11850H @ 2.50GHz,16,wardn-thinkpad,"{""cuda-planning"": ""not-installed"", ""jupyddl"": ""2.3.0"", ""matplotlib"": ""3.10.9"", ""numpy"": ""2.2.6"", ""openplan-bench"": ""0.1.0"", ""pymapf"": ""0.8.0""}",3
mapf-scaling,mapf,cuplan,random_obstacles/24x24/n32/d0.15,random_obstacles/d0.15,prioritized,,cpu,"{""backend"": ""cpu""}",4,0,20.0,3072,solved,True,True,0.04996965600003023,552.0,,29,552,,,,30.95,,backend=cpu,2026-08-21T16:46:41+00:00,0.1.0,7c0b8e81ea92,3.10.12,Linux 6.8.0-136-generic (x86_64),11th Gen Intel(R) Core(TM) i7-11850H @ 2.50GHz,16,wardn-thinkpad,"{""cuda-planning"": ""not-installed"", ""jupyddl"": ""2.3.0"", ""matplotlib"": ""3.10.9"", ""numpy"": ""2.2.6"", ""openplan-bench"": ""0.1.0"", ""pymapf"": ""0.8.0""}",3
mapf-scaling,mapf,cuplan,random_obstacles/24x24/n32/d0.15,random_obstacles/d0.15,pibt,,cpu,"{""backend"": ""cpu""}",0,0,20.0,3072,solved,True,True,0.025790482002776116,558.0,,28,558,,,,33.12,,backend=cpu,2026-08-21T16:46:41+00:00,0.1.0,7c0b8e81ea92,3.10.12,Linux 6.8.0-136-generic (x86_64),11th Gen Intel(R) Core(TM) i7-11850H @ 2.50GHz,16,wardn-thinkpad,"{""cuda-planning"": ""not-installed"", ""jupyddl"": ""2.3.0"", ""matplotlib"": ""3.10.9"", ""numpy"": ""2.2.6"", ""openplan-bench"": ""0.1.0"", ""pymapf"": ""0.8.0""}",3
mapf-scaling,mapf,cuplan,random_obstacles/24x24/n32/d0.15,random_obstacles/d0.15,pibt,,cpu,"{""backend"": ""cpu""}",1,0,20.0,3072,solved,True,True,0.016520991994184442,557.0,,29,557,,,,33.37,,backend=cpu,2026-08-21T16:46:41+00:00,0.1.0,7c0b8e81ea92,3.10.12,Linux 6.8.0-136-generic (x86_64),11th Gen Intel(R) Core(TM) i7-11850H @ 2.50GHz,16,wardn-thinkpad,"{""cuda-planning"": ""not-installed"", ""jupyddl"": ""2.3.0"", ""matplotlib"": ""3.10.9"", ""numpy"": ""2.2.6"", ""openplan-bench"": ""0.1.0"", ""pymapf"": ""0.8.0""}",3
mapf-scaling,mapf,cuplan,random_obstacles/24x24/n32/d0.15,random_obstacles/d0.15,pibt,,cpu,"{""backend"": ""cpu""}",2,0,20.0,3072,solved,True,True,0.01649785499466816,621.0,,32,621,,,,33.24,,backend=cpu,2026-08-21T16:46:41+00:00,0.1.0,7c0b8e81ea92,3.10.12,Linux 6.8.0-136-generic (x86_64),11th Gen Intel(R) Core(TM) i7-11850H @ 2.50GHz,16,wardn-thinkpad,"{""cuda-planning"": ""not-installed"", ""jupyddl"": ""2.3.0"", ""matplotlib"": ""3.10.9"", ""numpy"": ""2.2.6"", ""openplan-bench"": ""0.1.0"", ""pymapf"": ""0.8.0""}",3
mapf-scaling,mapf,cuplan,random_obstacles/24x24/n32/d0.15,random_obstacles/d0.15,pibt,,cpu,"{""backend"": ""cpu""}",3,0,20.0,3072,unsolved,False,False,0.08787040599418106,,,,,,,,33.58,,backend=cpu; solver returned no solution,2026-08-21T16:46:41+00:00,0.1.0,7c0b8e81ea92,3.10.12,Linux 6.8.0-136-generic (x86_64),11th Gen Intel(R) Core(TM) i7-11850H @ 2.50GHz,16,wardn-thinkpad,"{""cuda-planning"": ""not-installed"", ""jupyddl"": ""2.3.0"", ""matplotlib"": ""3.10.9"", ""numpy"": ""2.2.6"", ""openplan-bench"": ""0.1.0"", ""pymapf"": ""0.8.0""}",3
mapf-scaling,mapf,cuplan,random_obstacles/24x24/n32/d0.15,random_obstacles/d0.15,pibt,,cpu,"{""backend"": ""cpu""}",4,0,20.0,3072,solved,True,True,0.01905693899607286,730.0,,46,730,,,,33.46,,backend=cpu,2026-08-21T16:46:42+00:00,0.1.0,7c0b8e81ea92,3.10.12,Linux 6.8.0-136-generic (x86_64),11th Gen Intel(R) Core(TM) i7-11850H @ 2.50GHz,16,wardn-thinkpad,"{""cuda-planning"": ""not-installed"", ""jupyddl"": ""2.3.0"", ""matplotlib"": ""3.10.9"", ""numpy"": ""2.2.6"", ""openplan-bench"": ""0.1.0"", ""pymapf"": ""0.8.0""}",3
mapf-scaling,mapf,cuplan,random_obstacles/24x24/n32/d0.15,random_obstacles/d0.15,pibt,,cuda,"{""backend"": ""cuda""}",0,0,20.0,3072,skipped,False,False,0.0,,,,,,,,,,no working CUDA device (cuplan.cuda_available() returned False),2026-08-21T16:46:42+00:00,0.1.0,7c0b8e81ea92,3.10.12,Linux 6.8.0-136-generic (x86_64),11th Gen Intel(R) Core(TM) i7-11850H @ 2.50GHz,16,wardn-thinkpad,"{""cuda-planning"": ""not-installed"", ""jupyddl"": ""2.3.0"", ""matplotlib"": ""3.10.9"", ""numpy"": ""2.2.6"", ""openplan-bench"": ""0.1.0"", ""pymapf"": ""0.8.0""}",3
mapf-scaling,mapf,cuplan,random_obstacles/24x24/n32/d0.15,random_obstacles/d0.15,pibt,,cuda,"{""backend"": ""cuda""}",1,0,20.0,3072,skipped,False,False,0.0,,,,,,,,,,no working CUDA device (cuplan.cuda_available() returned False),2026-08-21T16:46:42+00:00,0.1.0,7c0b8e81ea92,3.10.12,Linux 6.8.0-136-generic (x86_64),11th Gen Intel(R) Core(TM) i7-11850H @ 2.50GHz,16,wardn-thinkpad,"{""cuda-planning"": ""not-installed"", ""jupyddl"": ""2.3.0"", ""matplotlib"": ""3.10.9"", ""numpy"": ""2.2.6"", ""openplan-bench"": ""0.1.0"", ""pymapf"": ""0.8.0""}",3
mapf-scaling,mapf,cuplan,random_obstacles/24x24/n32/d0.15,random_obstacles/d0.15,pibt,,cuda,"{""backend"": ""cuda""}",2,0,20.0,3072,skipped,False,False,0.0,,,,,,,,,,no working CUDA device (cuplan.cuda_available() returned False),2026-08-21T16:46:42+00:00,0.1.0,7c0b8e81ea92,3.10.12,Linux 6.8.0-136-generic (x86_64),11th Gen Intel(R) Core(TM) i7-11850H @ 2.50GHz,16,wardn-thinkpad,"{""cuda-planning"": ""not-installed"", ""jupyddl"": ""2.3.0"", ""matplotlib"": ""3.10.9"", ""numpy"": ""2.2.6"", ""openplan-bench"": ""0.1.0"", ""pymapf"": ""0.8.0""}",3
mapf-scaling,mapf,cuplan,random_obstacles/24x24/n32/d0.15,random_obstacles/d0.15,pibt,,cuda,"{""backend"": ""cuda""}",3,0,20.0,3072,skipped,False,False,0.0,,,,,,,,,,no working CUDA device (cuplan.cuda_available() returned False),2026-08-21T16:46:42+00:00,0.1.0,7c0b8e81ea92,3.10.12,Linux 6.8.0-136-generic (x86_64),11th Gen Intel(R) Core(TM) i7-11850H @ 2.50GHz,16,wardn-thinkpad,"{""cuda-planning"": ""not-installed"", ""jupyddl"": ""2.3.0"", ""matplotlib"": ""3.10.9"", ""numpy"": ""2.2.6"", ""openplan-bench"": ""0.1.0"", ""pymapf"": ""0.8.0""}",3
mapf-scaling,mapf,cuplan,random_obstacles/24x24/n32/d0.15,random_obstacles/d0.15,pibt,,cuda,"{""backend"": ""cuda""}",4,0,20.0,3072,skipped,False,False,0.0,,,,,,,,,,no working CUDA device (cuplan.cuda_available() returned False),2026-08-21T16:46:42+00:00,0.1.0,7c0b8e81ea92,3.10.12,Linux 6.8.0-136-generic (x86_64),11th Gen Intel(R) Core(TM) i7-11850H @ 2.50GHz,16,wardn-thinkpad,"{""cuda-planning"": ""not-installed"", ""jupyddl"": ""2.3.0"", ""matplotlib"": ""3.10.9"", ""numpy"": ""2.2.6"", ""openplan-bench"": ""0.1.0"", ""pymapf"": ""0.8.0""}",3
