suite,family,adapter,instance,instance_group,planner,heuristic,variant,config,seed,repetition,timeout_s,memory_limit_mb,outcome,solved,valid,wall_time_s,cost,plan_length,makespan,sum_of_costs,expanded,generated,evaluated,peak_rss_mb,error,note,timestamp_utc,harness_version,harness_sha,python_version,platform,cpu_model,cpu_count,hostname,package_versions,schema_version
classical-smoke,classical,jupyddl,blocksworld/problem,blocksworld,bfs,,,,0,0,30.0,3072,solved,True,True,0.0005645530036417767,2,2,,,2,5,0,19.06,,,2026-08-20T21:46:29+00:00,0.1.0,62459c293440,3.10.12,Linux 6.8.0-136-generic (x86_64),11th Gen Intel(R) Core(TM) i7-11850H @ 2.50GHz,16,wardn-thinkpad,"{""cuda-planning"": ""not-installed"", ""jupyddl"": ""2.3.0"", ""matplotlib"": ""3.10.9"", ""numpy"": ""2.2.6"", ""openplan-bench"": ""0.1.0"", ""pymapf"": ""0.8.0""}",2
classical-smoke,classical,jupyddl,blocksworld/problem,blocksworld,bfs,,,,0,1,30.0,3072,solved,True,True,0.0005707839954993688,2,2,,,2,5,0,19.06,,,2026-08-20T21:46:29+00:00,0.1.0,62459c293440,3.10.12,Linux 6.8.0-136-generic (x86_64),11th Gen Intel(R) Core(TM) i7-11850H @ 2.50GHz,16,wardn-thinkpad,"{""cuda-planning"": ""not-installed"", ""jupyddl"": ""2.3.0"", ""matplotlib"": ""3.10.9"", ""numpy"": ""2.2.6"", ""openplan-bench"": ""0.1.0"", ""pymapf"": ""0.8.0""}",2
classical-smoke,classical,jupyddl,blocksworld/problem,blocksworld,bfs,,,,0,2,30.0,3072,solved,True,True,0.0005828569992445409,2,2,,,2,5,0,19.06,,,2026-08-20T21:46:29+00:00,0.1.0,62459c293440,3.10.12,Linux 6.8.0-136-generic (x86_64),11th Gen Intel(R) Core(TM) i7-11850H @ 2.50GHz,16,wardn-thinkpad,"{""cuda-planning"": ""not-installed"", ""jupyddl"": ""2.3.0"", ""matplotlib"": ""3.10.9"", ""numpy"": ""2.2.6"", ""openplan-bench"": ""0.1.0"", ""pymapf"": ""0.8.0""}",2
classical-smoke,classical,jupyddl,blocksworld/problem,blocksworld,dijkstra,,,,0,0,30.0,3072,solved,True,True,0.0005940359988017008,2,2,,,4,10,0,19.06,,,2026-08-20T21:46:29+00:00,0.1.0,62459c293440,3.10.12,Linux 6.8.0-136-generic (x86_64),11th Gen Intel(R) Core(TM) i7-11850H @ 2.50GHz,16,wardn-thinkpad,"{""cuda-planning"": ""not-installed"", ""jupyddl"": ""2.3.0"", ""matplotlib"": ""3.10.9"", ""numpy"": ""2.2.6"", ""openplan-bench"": ""0.1.0"", ""pymapf"": ""0.8.0""}",2
classical-smoke,classical,jupyddl,blocksworld/problem,blocksworld,dijkstra,,,,0,1,30.0,3072,solved,True,True,0.0005797409976366907,2,2,,,4,10,0,19.06,,,2026-08-20T21:46:29+00:00,0.1.0,62459c293440,3.10.12,Linux 6.8.0-136-generic (x86_64),11th Gen Intel(R) Core(TM) i7-11850H @ 2.50GHz,16,wardn-thinkpad,"{""cuda-planning"": ""not-installed"", ""jupyddl"": ""2.3.0"", ""matplotlib"": ""3.10.9"", ""numpy"": ""2.2.6"", ""openplan-bench"": ""0.1.0"", ""pymapf"": ""0.8.0""}",2
classical-smoke,classical,jupyddl,blocksworld/problem,blocksworld,dijkstra,,,,0,2,30.0,3072,solved,True,True,0.0005900909964111634,2,2,,,4,10,0,19.06,,,2026-08-20T21:46:29+00:00,0.1.0,62459c293440,3.10.12,Linux 6.8.0-136-generic (x86_64),11th Gen Intel(R) Core(TM) i7-11850H @ 2.50GHz,16,wardn-thinkpad,"{""cuda-planning"": ""not-installed"", ""jupyddl"": ""2.3.0"", ""matplotlib"": ""3.10.9"", ""numpy"": ""2.2.6"", ""openplan-bench"": ""0.1.0"", ""pymapf"": ""0.8.0""}",2
classical-smoke,classical,jupyddl,blocksworld/problem,blocksworld,gbfs,hff,,,0,0,30.0,3072,solved,True,True,0.0006832790022599511,2,2,,,2,5,5,19.06,,,2026-08-20T21:46:29+00:00,0.1.0,62459c293440,3.10.12,Linux 6.8.0-136-generic (x86_64),11th Gen Intel(R) Core(TM) i7-11850H @ 2.50GHz,16,wardn-thinkpad,"{""cuda-planning"": ""not-installed"", ""jupyddl"": ""2.3.0"", ""matplotlib"": ""3.10.9"", ""numpy"": ""2.2.6"", ""openplan-bench"": ""0.1.0"", ""pymapf"": ""0.8.0""}",2
classical-smoke,classical,jupyddl,blocksworld/problem,blocksworld,gbfs,hff,,,0,1,30.0,3072,solved,True,True,0.0006794169967179187,2,2,,,2,5,5,19.06,,,2026-08-20T21:46:29+00:00,0.1.0,62459c293440,3.10.12,Linux 6.8.0-136-generic (x86_64),11th Gen Intel(R) Core(TM) i7-11850H @ 2.50GHz,16,wardn-thinkpad,"{""cuda-planning"": ""not-installed"", ""jupyddl"": ""2.3.0"", ""matplotlib"": ""3.10.9"", ""numpy"": ""2.2.6"", ""openplan-bench"": ""0.1.0"", ""pymapf"": ""0.8.0""}",2
classical-smoke,classical,jupyddl,blocksworld/problem,blocksworld,gbfs,hff,,,0,2,30.0,3072,solved,True,True,0.0007056350004859269,2,2,,,2,5,5,19.06,,,2026-08-20T21:46:29+00:00,0.1.0,62459c293440,3.10.12,Linux 6.8.0-136-generic (x86_64),11th Gen Intel(R) Core(TM) i7-11850H @ 2.50GHz,16,wardn-thinkpad,"{""cuda-planning"": ""not-installed"", ""jupyddl"": ""2.3.0"", ""matplotlib"": ""3.10.9"", ""numpy"": ""2.2.6"", ""openplan-bench"": ""0.1.0"", ""pymapf"": ""0.8.0""}",2
classical-smoke,classical,jupyddl,blocksworld/problem,blocksworld,gbfs,hadd,,,0,0,30.0,3072,solved,True,True,0.0006701249949401245,2,2,,,2,5,5,19.06,,,2026-08-20T21:46:29+00:00,0.1.0,62459c293440,3.10.12,Linux 6.8.0-136-generic (x86_64),11th Gen Intel(R) Core(TM) i7-11850H @ 2.50GHz,16,wardn-thinkpad,"{""cuda-planning"": ""not-installed"", ""jupyddl"": ""2.3.0"", ""matplotlib"": ""3.10.9"", ""numpy"": ""2.2.6"", ""openplan-bench"": ""0.1.0"", ""pymapf"": ""0.8.0""}",2
classical-smoke,classical,jupyddl,blocksworld/problem,blocksworld,gbfs,hadd,,,0,1,30.0,3072,solved,True,True,0.0006753319976269267,2,2,,,2,5,5,19.06,,,2026-08-20T21:46:29+00:00,0.1.0,62459c293440,3.10.12,Linux 6.8.0-136-generic (x86_64),11th Gen Intel(R) Core(TM) i7-11850H @ 2.50GHz,16,wardn-thinkpad,"{""cuda-planning"": ""not-installed"", ""jupyddl"": ""2.3.0"", ""matplotlib"": ""3.10.9"", ""numpy"": ""2.2.6"", ""openplan-bench"": ""0.1.0"", ""pymapf"": ""0.8.0""}",2
classical-smoke,classical,jupyddl,blocksworld/problem,blocksworld,gbfs,hadd,,,0,2,30.0,3072,solved,True,True,0.0006702780010527931,2,2,,,2,5,5,19.06,,,2026-08-20T21:46:29+00:00,0.1.0,62459c293440,3.10.12,Linux 6.8.0-136-generic (x86_64),11th Gen Intel(R) Core(TM) i7-11850H @ 2.50GHz,16,wardn-thinkpad,"{""cuda-planning"": ""not-installed"", ""jupyddl"": ""2.3.0"", ""matplotlib"": ""3.10.9"", ""numpy"": ""2.2.6"", ""openplan-bench"": ""0.1.0"", ""pymapf"": ""0.8.0""}",2
classical-smoke,classical,jupyddl,blocksworld/problem,blocksworld,astar,lmcut,,,0,0,30.0,3072,solved,True,True,0.0008937689999584109,2,2,,,2,5,5,19.06,,,2026-08-20T21:46:29+00:00,0.1.0,62459c293440,3.10.12,Linux 6.8.0-136-generic (x86_64),11th Gen Intel(R) Core(TM) i7-11850H @ 2.50GHz,16,wardn-thinkpad,"{""cuda-planning"": ""not-installed"", ""jupyddl"": ""2.3.0"", ""matplotlib"": ""3.10.9"", ""numpy"": ""2.2.6"", ""openplan-bench"": ""0.1.0"", ""pymapf"": ""0.8.0""}",2
classical-smoke,classical,jupyddl,blocksworld/problem,blocksworld,astar,lmcut,,,0,1,30.0,3072,solved,True,True,0.0009036120027303696,2,2,,,2,5,5,19.06,,,2026-08-20T21:46:29+00:00,0.1.0,62459c293440,3.10.12,Linux 6.8.0-136-generic (x86_64),11th Gen Intel(R) Core(TM) i7-11850H @ 2.50GHz,16,wardn-thinkpad,"{""cuda-planning"": ""not-installed"", ""jupyddl"": ""2.3.0"", ""matplotlib"": ""3.10.9"", ""numpy"": ""2.2.6"", ""openplan-bench"": ""0.1.0"", ""pymapf"": ""0.8.0""}",2
classical-smoke,classical,jupyddl,blocksworld/problem,blocksworld,astar,lmcut,,,0,2,30.0,3072,solved,True,True,0.0009277930003008805,2,2,,,2,5,5,19.06,,,2026-08-20T21:46:29+00:00,0.1.0,62459c293440,3.10.12,Linux 6.8.0-136-generic (x86_64),11th Gen Intel(R) Core(TM) i7-11850H @ 2.50GHz,16,wardn-thinkpad,"{""cuda-planning"": ""not-installed"", ""jupyddl"": ""2.3.0"", ""matplotlib"": ""3.10.9"", ""numpy"": ""2.2.6"", ""openplan-bench"": ""0.1.0"", ""pymapf"": ""0.8.0""}",2
classical-smoke,classical,jupyddl,blocksworld/problem,blocksworld,astar,hmax,,,0,0,30.0,3072,solved,True,True,0.000685384999087546,2,2,,,2,5,5,19.06,,,2026-08-20T21:46:29+00:00,0.1.0,62459c293440,3.10.12,Linux 6.8.0-136-generic (x86_64),11th Gen Intel(R) Core(TM) i7-11850H @ 2.50GHz,16,wardn-thinkpad,"{""cuda-planning"": ""not-installed"", ""jupyddl"": ""2.3.0"", ""matplotlib"": ""3.10.9"", ""numpy"": ""2.2.6"", ""openplan-bench"": ""0.1.0"", ""pymapf"": ""0.8.0""}",2
classical-smoke,classical,jupyddl,blocksworld/problem,blocksworld,astar,hmax,,,0,1,30.0,3072,solved,True,True,0.0006615120000788011,2,2,,,2,5,5,19.06,,,2026-08-20T21:46:29+00:00,0.1.0,62459c293440,3.10.12,Linux 6.8.0-136-generic (x86_64),11th Gen Intel(R) Core(TM) i7-11850H @ 2.50GHz,16,wardn-thinkpad,"{""cuda-planning"": ""not-installed"", ""jupyddl"": ""2.3.0"", ""matplotlib"": ""3.10.9"", ""numpy"": ""2.2.6"", ""openplan-bench"": ""0.1.0"", ""pymapf"": ""0.8.0""}",2
classical-smoke,classical,jupyddl,blocksworld/problem,blocksworld,astar,hmax,,,0,2,30.0,3072,solved,True,True,0.0006819409973104484,2,2,,,2,5,5,19.06,,,2026-08-20T21:46:29+00:00,0.1.0,62459c293440,3.10.12,Linux 6.8.0-136-generic (x86_64),11th Gen Intel(R) Core(TM) i7-11850H @ 2.50GHz,16,wardn-thinkpad,"{""cuda-planning"": ""not-installed"", ""jupyddl"": ""2.3.0"", ""matplotlib"": ""3.10.9"", ""numpy"": ""2.2.6"", ""openplan-bench"": ""0.1.0"", ""pymapf"": ""0.8.0""}",2
classical-smoke,classical,jupyddl,dinner/problem,dinner,bfs,,,,0,0,30.0,3072,solved,True,True,0.0018839209951693192,1,1,,,1,3,0,19.06,,,2026-08-20T21:46:29+00:00,0.1.0,62459c293440,3.10.12,Linux 6.8.0-136-generic (x86_64),11th Gen Intel(R) Core(TM) i7-11850H @ 2.50GHz,16,wardn-thinkpad,"{""cuda-planning"": ""not-installed"", ""jupyddl"": ""2.3.0"", ""matplotlib"": ""3.10.9"", ""numpy"": ""2.2.6"", ""openplan-bench"": ""0.1.0"", ""pymapf"": ""0.8.0""}",2
classical-smoke,classical,jupyddl,dinner/problem,dinner,bfs,,,,0,1,30.0,3072,solved,True,True,0.0019610720046330243,1,1,,,1,3,0,19.06,,,2026-08-20T21:46:29+00:00,0.1.0,62459c293440,3.10.12,Linux 6.8.0-136-generic (x86_64),11th Gen Intel(R) Core(TM) i7-11850H @ 2.50GHz,16,wardn-thinkpad,"{""cuda-planning"": ""not-installed"", ""jupyddl"": ""2.3.0"", ""matplotlib"": ""3.10.9"", ""numpy"": ""2.2.6"", ""openplan-bench"": ""0.1.0"", ""pymapf"": ""0.8.0""}",2
classical-smoke,classical,jupyddl,dinner/problem,dinner,bfs,,,,0,2,30.0,3072,solved,True,True,0.0018688670024857856,1,1,,,1,3,0,19.06,,,2026-08-20T21:46:29+00:00,0.1.0,62459c293440,3.10.12,Linux 6.8.0-136-generic (x86_64),11th Gen Intel(R) Core(TM) i7-11850H @ 2.50GHz,16,wardn-thinkpad,"{""cuda-planning"": ""not-installed"", ""jupyddl"": ""2.3.0"", ""matplotlib"": ""3.10.9"", ""numpy"": ""2.2.6"", ""openplan-bench"": ""0.1.0"", ""pymapf"": ""0.8.0""}",2
classical-smoke,classical,jupyddl,dinner/problem,dinner,dijkstra,,,,0,0,30.0,3072,solved,True,True,0.0018843470024876297,1,1,,,2,12,0,19.06,,,2026-08-20T21:46:29+00:00,0.1.0,62459c293440,3.10.12,Linux 6.8.0-136-generic (x86_64),11th Gen Intel(R) Core(TM) i7-11850H @ 2.50GHz,16,wardn-thinkpad,"{""cuda-planning"": ""not-installed"", ""jupyddl"": ""2.3.0"", ""matplotlib"": ""3.10.9"", ""numpy"": ""2.2.6"", ""openplan-bench"": ""0.1.0"", ""pymapf"": ""0.8.0""}",2
classical-smoke,classical,jupyddl,dinner/problem,dinner,dijkstra,,,,0,1,30.0,3072,solved,True,True,0.0019421010001678951,1,1,,,2,12,0,19.06,,,2026-08-20T21:46:29+00:00,0.1.0,62459c293440,3.10.12,Linux 6.8.0-136-generic (x86_64),11th Gen Intel(R) Core(TM) i7-11850H @ 2.50GHz,16,wardn-thinkpad,"{""cuda-planning"": ""not-installed"", ""jupyddl"": ""2.3.0"", ""matplotlib"": ""3.10.9"", ""numpy"": ""2.2.6"", ""openplan-bench"": ""0.1.0"", ""pymapf"": ""0.8.0""}",2
classical-smoke,classical,jupyddl,dinner/problem,dinner,dijkstra,,,,0,2,30.0,3072,solved,True,True,0.0019142319943057373,1,1,,,2,12,0,19.06,,,2026-08-20T21:46:29+00:00,0.1.0,62459c293440,3.10.12,Linux 6.8.0-136-generic (x86_64),11th Gen Intel(R) Core(TM) i7-11850H @ 2.50GHz,16,wardn-thinkpad,"{""cuda-planning"": ""not-installed"", ""jupyddl"": ""2.3.0"", ""matplotlib"": ""3.10.9"", ""numpy"": ""2.2.6"", ""openplan-bench"": ""0.1.0"", ""pymapf"": ""0.8.0""}",2
classical-smoke,classical,jupyddl,dinner/problem,dinner,gbfs,hff,,,0,0,30.0,3072,solved,True,True,0.002204203003202565,1,1,,,1,7,7,19.06,,,2026-08-20T21:46:29+00:00,0.1.0,62459c293440,3.10.12,Linux 6.8.0-136-generic (x86_64),11th Gen Intel(R) Core(TM) i7-11850H @ 2.50GHz,16,wardn-thinkpad,"{""cuda-planning"": ""not-installed"", ""jupyddl"": ""2.3.0"", ""matplotlib"": ""3.10.9"", ""numpy"": ""2.2.6"", ""openplan-bench"": ""0.1.0"", ""pymapf"": ""0.8.0""}",2
classical-smoke,classical,jupyddl,dinner/problem,dinner,gbfs,hff,,,0,1,30.0,3072,solved,True,True,0.0020870529988314956,1,1,,,1,7,7,19.06,,,2026-08-20T21:46:29+00:00,0.1.0,62459c293440,3.10.12,Linux 6.8.0-136-generic (x86_64),11th Gen Intel(R) Core(TM) i7-11850H @ 2.50GHz,16,wardn-thinkpad,"{""cuda-planning"": ""not-installed"", ""jupyddl"": ""2.3.0"", ""matplotlib"": ""3.10.9"", ""numpy"": ""2.2.6"", ""openplan-bench"": ""0.1.0"", ""pymapf"": ""0.8.0""}",2
classical-smoke,classical,jupyddl,dinner/problem,dinner,gbfs,hff,,,0,2,30.0,3072,solved,True,True,0.002127220999682322,1,1,,,1,7,7,19.06,,,2026-08-20T21:46:29+00:00,0.1.0,62459c293440,3.10.12,Linux 6.8.0-136-generic (x86_64),11th Gen Intel(R) Core(TM) i7-11850H @ 2.50GHz,16,wardn-thinkpad,"{""cuda-planning"": ""not-installed"", ""jupyddl"": ""2.3.0"", ""matplotlib"": ""3.10.9"", ""numpy"": ""2.2.6"", ""openplan-bench"": ""0.1.0"", ""pymapf"": ""0.8.0""}",2
classical-smoke,classical,jupyddl,dinner/problem,dinner,gbfs,hadd,,,0,0,30.0,3072,solved,True,True,0.0021222740033408627,1,1,,,1,7,7,19.06,,,2026-08-20T21:46:29+00:00,0.1.0,62459c293440,3.10.12,Linux 6.8.0-136-generic (x86_64),11th Gen Intel(R) Core(TM) i7-11850H @ 2.50GHz,16,wardn-thinkpad,"{""cuda-planning"": ""not-installed"", ""jupyddl"": ""2.3.0"", ""matplotlib"": ""3.10.9"", ""numpy"": ""2.2.6"", ""openplan-bench"": ""0.1.0"", ""pymapf"": ""0.8.0""}",2
classical-smoke,classical,jupyddl,dinner/problem,dinner,gbfs,hadd,,,0,1,30.0,3072,solved,True,True,0.0020845370017923415,1,1,,,1,7,7,19.06,,,2026-08-20T21:46:29+00:00,0.1.0,62459c293440,3.10.12,Linux 6.8.0-136-generic (x86_64),11th Gen Intel(R) Core(TM) i7-11850H @ 2.50GHz,16,wardn-thinkpad,"{""cuda-planning"": ""not-installed"", ""jupyddl"": ""2.3.0"", ""matplotlib"": ""3.10.9"", ""numpy"": ""2.2.6"", ""openplan-bench"": ""0.1.0"", ""pymapf"": ""0.8.0""}",2
classical-smoke,classical,jupyddl,dinner/problem,dinner,gbfs,hadd,,,0,2,30.0,3072,solved,True,True,0.002085205996991135,1,1,,,1,7,7,19.06,,,2026-08-20T21:46:29+00:00,0.1.0,62459c293440,3.10.12,Linux 6.8.0-136-generic (x86_64),11th Gen Intel(R) Core(TM) i7-11850H @ 2.50GHz,16,wardn-thinkpad,"{""cuda-planning"": ""not-installed"", ""jupyddl"": ""2.3.0"", ""matplotlib"": ""3.10.9"", ""numpy"": ""2.2.6"", ""openplan-bench"": ""0.1.0"", ""pymapf"": ""0.8.0""}",2
classical-smoke,classical,jupyddl,dinner/problem,dinner,astar,lmcut,,,0,0,30.0,3072,solved,True,True,0.0024398370005656034,1,1,,,1,7,7,19.06,,,2026-08-20T21:46:29+00:00,0.1.0,62459c293440,3.10.12,Linux 6.8.0-136-generic (x86_64),11th Gen Intel(R) Core(TM) i7-11850H @ 2.50GHz,16,wardn-thinkpad,"{""cuda-planning"": ""not-installed"", ""jupyddl"": ""2.3.0"", ""matplotlib"": ""3.10.9"", ""numpy"": ""2.2.6"", ""openplan-bench"": ""0.1.0"", ""pymapf"": ""0.8.0""}",2
classical-smoke,classical,jupyddl,dinner/problem,dinner,astar,lmcut,,,0,1,30.0,3072,solved,True,True,0.0023726380022708327,1,1,,,1,7,7,19.06,,,2026-08-20T21:46:29+00:00,0.1.0,62459c293440,3.10.12,Linux 6.8.0-136-generic (x86_64),11th Gen Intel(R) Core(TM) i7-11850H @ 2.50GHz,16,wardn-thinkpad,"{""cuda-planning"": ""not-installed"", ""jupyddl"": ""2.3.0"", ""matplotlib"": ""3.10.9"", ""numpy"": ""2.2.6"", ""openplan-bench"": ""0.1.0"", ""pymapf"": ""0.8.0""}",2
classical-smoke,classical,jupyddl,dinner/problem,dinner,astar,lmcut,,,0,2,30.0,3072,solved,True,True,0.0023349670009338297,1,1,,,1,7,7,19.06,,,2026-08-20T21:46:29+00:00,0.1.0,62459c293440,3.10.12,Linux 6.8.0-136-generic (x86_64),11th Gen Intel(R) Core(TM) i7-11850H @ 2.50GHz,16,wardn-thinkpad,"{""cuda-planning"": ""not-installed"", ""jupyddl"": ""2.3.0"", ""matplotlib"": ""3.10.9"", ""numpy"": ""2.2.6"", ""openplan-bench"": ""0.1.0"", ""pymapf"": ""0.8.0""}",2
classical-smoke,classical,jupyddl,dinner/problem,dinner,astar,hmax,,,0,0,30.0,3072,solved,True,True,0.002102288999594748,1,1,,,1,7,7,19.06,,,2026-08-20T21:46:29+00:00,0.1.0,62459c293440,3.10.12,Linux 6.8.0-136-generic (x86_64),11th Gen Intel(R) Core(TM) i7-11850H @ 2.50GHz,16,wardn-thinkpad,"{""cuda-planning"": ""not-installed"", ""jupyddl"": ""2.3.0"", ""matplotlib"": ""3.10.9"", ""numpy"": ""2.2.6"", ""openplan-bench"": ""0.1.0"", ""pymapf"": ""0.8.0""}",2
classical-smoke,classical,jupyddl,dinner/problem,dinner,astar,hmax,,,0,1,30.0,3072,solved,True,True,0.002074714000627864,1,1,,,1,7,7,19.06,,,2026-08-20T21:46:29+00:00,0.1.0,62459c293440,3.10.12,Linux 6.8.0-136-generic (x86_64),11th Gen Intel(R) Core(TM) i7-11850H @ 2.50GHz,16,wardn-thinkpad,"{""cuda-planning"": ""not-installed"", ""jupyddl"": ""2.3.0"", ""matplotlib"": ""3.10.9"", ""numpy"": ""2.2.6"", ""openplan-bench"": ""0.1.0"", ""pymapf"": ""0.8.0""}",2
classical-smoke,classical,jupyddl,dinner/problem,dinner,astar,hmax,,,0,2,30.0,3072,solved,True,True,0.0021049350034445524,1,1,,,1,7,7,19.06,,,2026-08-20T21:46:29+00:00,0.1.0,62459c293440,3.10.12,Linux 6.8.0-136-generic (x86_64),11th Gen Intel(R) Core(TM) i7-11850H @ 2.50GHz,16,wardn-thinkpad,"{""cuda-planning"": ""not-installed"", ""jupyddl"": ""2.3.0"", ""matplotlib"": ""3.10.9"", ""numpy"": ""2.2.6"", ""openplan-bench"": ""0.1.0"", ""pymapf"": ""0.8.0""}",2
classical-smoke,classical,jupyddl,flip/problem,flip,bfs,,,,0,0,30.0,3072,solved,True,True,0.0009990589969675057,3,3,,,9,53,0,19.06,,,2026-08-20T21:46:29+00:00,0.1.0,62459c293440,3.10.12,Linux 6.8.0-136-generic (x86_64),11th Gen Intel(R) Core(TM) i7-11850H @ 2.50GHz,16,wardn-thinkpad,"{""cuda-planning"": ""not-installed"", ""jupyddl"": ""2.3.0"", ""matplotlib"": ""3.10.9"", ""numpy"": ""2.2.6"", ""openplan-bench"": ""0.1.0"", ""pymapf"": ""0.8.0""}",2
classical-smoke,classical,jupyddl,flip/problem,flip,bfs,,,,0,1,30.0,3072,solved,True,True,0.0008818410060484894,3,3,,,9,53,0,19.06,,,2026-08-20T21:46:29+00:00,0.1.0,62459c293440,3.10.12,Linux 6.8.0-136-generic (x86_64),11th Gen Intel(R) Core(TM) i7-11850H @ 2.50GHz,16,wardn-thinkpad,"{""cuda-planning"": ""not-installed"", ""jupyddl"": ""2.3.0"", ""matplotlib"": ""3.10.9"", ""numpy"": ""2.2.6"", ""openplan-bench"": ""0.1.0"", ""pymapf"": ""0.8.0""}",2
classical-smoke,classical,jupyddl,flip/problem,flip,bfs,,,,0,2,30.0,3072,solved,True,True,0.0009644829988246784,3,3,,,9,53,0,19.06,,,2026-08-20T21:46:29+00:00,0.1.0,62459c293440,3.10.12,Linux 6.8.0-136-generic (x86_64),11th Gen Intel(R) Core(TM) i7-11850H @ 2.50GHz,16,wardn-thinkpad,"{""cuda-planning"": ""not-installed"", ""jupyddl"": ""2.3.0"", ""matplotlib"": ""3.10.9"", ""numpy"": ""2.2.6"", ""openplan-bench"": ""0.1.0"", ""pymapf"": ""0.8.0""}",2
classical-smoke,classical,jupyddl,flip/problem,flip,dijkstra,,,,0,0,30.0,3072,solved,True,True,0.0011514679936226457,3,3,,,27,162,0,19.06,,,2026-08-20T21:46:29+00:00,0.1.0,62459c293440,3.10.12,Linux 6.8.0-136-generic (x86_64),11th Gen Intel(R) Core(TM) i7-11850H @ 2.50GHz,16,wardn-thinkpad,"{""cuda-planning"": ""not-installed"", ""jupyddl"": ""2.3.0"", ""matplotlib"": ""3.10.9"", ""numpy"": ""2.2.6"", ""openplan-bench"": ""0.1.0"", ""pymapf"": ""0.8.0""}",2
classical-smoke,classical,jupyddl,flip/problem,flip,dijkstra,,,,0,1,30.0,3072,solved,True,True,0.0011346790051902644,3,3,,,27,162,0,19.06,,,2026-08-20T21:46:29+00:00,0.1.0,62459c293440,3.10.12,Linux 6.8.0-136-generic (x86_64),11th Gen Intel(R) Core(TM) i7-11850H @ 2.50GHz,16,wardn-thinkpad,"{""cuda-planning"": ""not-installed"", ""jupyddl"": ""2.3.0"", ""matplotlib"": ""3.10.9"", ""numpy"": ""2.2.6"", ""openplan-bench"": ""0.1.0"", ""pymapf"": ""0.8.0""}",2
classical-smoke,classical,jupyddl,flip/problem,flip,dijkstra,,,,0,2,30.0,3072,solved,True,True,0.0011349420019541867,3,3,,,27,162,0,19.06,,,2026-08-20T21:46:29+00:00,0.1.0,62459c293440,3.10.12,Linux 6.8.0-136-generic (x86_64),11th Gen Intel(R) Core(TM) i7-11850H @ 2.50GHz,16,wardn-thinkpad,"{""cuda-planning"": ""not-installed"", ""jupyddl"": ""2.3.0"", ""matplotlib"": ""3.10.9"", ""numpy"": ""2.2.6"", ""openplan-bench"": ""0.1.0"", ""pymapf"": ""0.8.0""}",2
classical-smoke,classical,jupyddl,flip/problem,flip,gbfs,hff,,,0,0,30.0,3072,solved,True,True,0.001398291002260521,3,3,,,3,18,16,19.06,,,2026-08-20T21:46:29+00:00,0.1.0,62459c293440,3.10.12,Linux 6.8.0-136-generic (x86_64),11th Gen Intel(R) Core(TM) i7-11850H @ 2.50GHz,16,wardn-thinkpad,"{""cuda-planning"": ""not-installed"", ""jupyddl"": ""2.3.0"", ""matplotlib"": ""3.10.9"", ""numpy"": ""2.2.6"", ""openplan-bench"": ""0.1.0"", ""pymapf"": ""0.8.0""}",2
classical-smoke,classical,jupyddl,flip/problem,flip,gbfs,hff,,,0,1,30.0,3072,solved,True,True,0.0014239290030673146,3,3,,,3,18,16,19.06,,,2026-08-20T21:46:29+00:00,0.1.0,62459c293440,3.10.12,Linux 6.8.0-136-generic (x86_64),11th Gen Intel(R) Core(TM) i7-11850H @ 2.50GHz,16,wardn-thinkpad,"{""cuda-planning"": ""not-installed"", ""jupyddl"": ""2.3.0"", ""matplotlib"": ""3.10.9"", ""numpy"": ""2.2.6"", ""openplan-bench"": ""0.1.0"", ""pymapf"": ""0.8.0""}",2
classical-smoke,classical,jupyddl,flip/problem,flip,gbfs,hff,,,0,2,30.0,3072,solved,True,True,0.0013827240036334842,3,3,,,3,18,16,19.06,,,2026-08-20T21:46:29+00:00,0.1.0,62459c293440,3.10.12,Linux 6.8.0-136-generic (x86_64),11th Gen Intel(R) Core(TM) i7-11850H @ 2.50GHz,16,wardn-thinkpad,"{""cuda-planning"": ""not-installed"", ""jupyddl"": ""2.3.0"", ""matplotlib"": ""3.10.9"", ""numpy"": ""2.2.6"", ""openplan-bench"": ""0.1.0"", ""pymapf"": ""0.8.0""}",2
classical-smoke,classical,jupyddl,flip/problem,flip,gbfs,hadd,,,0,0,30.0,3072,solved,True,True,0.0013880990009056404,3,3,,,3,18,16,19.06,,,2026-08-20T21:46:29+00:00,0.1.0,62459c293440,3.10.12,Linux 6.8.0-136-generic (x86_64),11th Gen Intel(R) Core(TM) i7-11850H @ 2.50GHz,16,wardn-thinkpad,"{""cuda-planning"": ""not-installed"", ""jupyddl"": ""2.3.0"", ""matplotlib"": ""3.10.9"", ""numpy"": ""2.2.6"", ""openplan-bench"": ""0.1.0"", ""pymapf"": ""0.8.0""}",2
classical-smoke,classical,jupyddl,flip/problem,flip,gbfs,hadd,,,0,1,30.0,3072,solved,True,True,0.0013163179974071681,3,3,,,3,18,16,19.06,,,2026-08-20T21:46:29+00:00,0.1.0,62459c293440,3.10.12,Linux 6.8.0-136-generic (x86_64),11th Gen Intel(R) Core(TM) i7-11850H @ 2.50GHz,16,wardn-thinkpad,"{""cuda-planning"": ""not-installed"", ""jupyddl"": ""2.3.0"", ""matplotlib"": ""3.10.9"", ""numpy"": ""2.2.6"", ""openplan-bench"": ""0.1.0"", ""pymapf"": ""0.8.0""}",2
classical-smoke,classical,jupyddl,flip/problem,flip,gbfs,hadd,,,0,2,30.0,3072,solved,True,True,0.001377618005790282,3,3,,,3,18,16,19.06,,,2026-08-20T21:46:29+00:00,0.1.0,62459c293440,3.10.12,Linux 6.8.0-136-generic (x86_64),11th Gen Intel(R) Core(TM) i7-11850H @ 2.50GHz,16,wardn-thinkpad,"{""cuda-planning"": ""not-installed"", ""jupyddl"": ""2.3.0"", ""matplotlib"": ""3.10.9"", ""numpy"": ""2.2.6"", ""openplan-bench"": ""0.1.0"", ""pymapf"": ""0.8.0""}",2
classical-smoke,classical,jupyddl,flip/problem,flip,astar,lmcut,,,0,0,30.0,3072,solved,True,True,0.007729065000603441,3,3,,,6,36,25,19.06,,,2026-08-20T21:46:29+00:00,0.1.0,62459c293440,3.10.12,Linux 6.8.0-136-generic (x86_64),11th Gen Intel(R) Core(TM) i7-11850H @ 2.50GHz,16,wardn-thinkpad,"{""cuda-planning"": ""not-installed"", ""jupyddl"": ""2.3.0"", ""matplotlib"": ""3.10.9"", ""numpy"": ""2.2.6"", ""openplan-bench"": ""0.1.0"", ""pymapf"": ""0.8.0""}",2
classical-smoke,classical,jupyddl,flip/problem,flip,astar,lmcut,,,0,1,30.0,3072,solved,True,True,0.007831607996195089,3,3,,,6,36,25,19.06,,,2026-08-20T21:46:29+00:00,0.1.0,62459c293440,3.10.12,Linux 6.8.0-136-generic (x86_64),11th Gen Intel(R) Core(TM) i7-11850H @ 2.50GHz,16,wardn-thinkpad,"{""cuda-planning"": ""not-installed"", ""jupyddl"": ""2.3.0"", ""matplotlib"": ""3.10.9"", ""numpy"": ""2.2.6"", ""openplan-bench"": ""0.1.0"", ""pymapf"": ""0.8.0""}",2
classical-smoke,classical,jupyddl,flip/problem,flip,astar,lmcut,,,0,2,30.0,3072,solved,True,True,0.007618718998855911,3,3,,,6,36,25,19.06,,,2026-08-20T21:46:29+00:00,0.1.0,62459c293440,3.10.12,Linux 6.8.0-136-generic (x86_64),11th Gen Intel(R) Core(TM) i7-11850H @ 2.50GHz,16,wardn-thinkpad,"{""cuda-planning"": ""not-installed"", ""jupyddl"": ""2.3.0"", ""matplotlib"": ""3.10.9"", ""numpy"": ""2.2.6"", ""openplan-bench"": ""0.1.0"", ""pymapf"": ""0.8.0""}",2
classical-smoke,classical,jupyddl,flip/problem,flip,astar,hmax,,,0,0,30.0,3072,solved,True,True,0.0021940090009593405,3,3,,,22,132,32,19.06,,,2026-08-20T21:46:29+00:00,0.1.0,62459c293440,3.10.12,Linux 6.8.0-136-generic (x86_64),11th Gen Intel(R) Core(TM) i7-11850H @ 2.50GHz,16,wardn-thinkpad,"{""cuda-planning"": ""not-installed"", ""jupyddl"": ""2.3.0"", ""matplotlib"": ""3.10.9"", ""numpy"": ""2.2.6"", ""openplan-bench"": ""0.1.0"", ""pymapf"": ""0.8.0""}",2
classical-smoke,classical,jupyddl,flip/problem,flip,astar,hmax,,,0,1,30.0,3072,solved,True,True,0.0021455780006363057,3,3,,,22,132,32,19.06,,,2026-08-20T21:46:29+00:00,0.1.0,62459c293440,3.10.12,Linux 6.8.0-136-generic (x86_64),11th Gen Intel(R) Core(TM) i7-11850H @ 2.50GHz,16,wardn-thinkpad,"{""cuda-planning"": ""not-installed"", ""jupyddl"": ""2.3.0"", ""matplotlib"": ""3.10.9"", ""numpy"": ""2.2.6"", ""openplan-bench"": ""0.1.0"", ""pymapf"": ""0.8.0""}",2
classical-smoke,classical,jupyddl,flip/problem,flip,astar,hmax,,,0,2,30.0,3072,solved,True,True,0.002260025001305621,3,3,,,22,132,32,19.06,,,2026-08-20T21:46:29+00:00,0.1.0,62459c293440,3.10.12,Linux 6.8.0-136-generic (x86_64),11th Gen Intel(R) Core(TM) i7-11850H @ 2.50GHz,16,wardn-thinkpad,"{""cuda-planning"": ""not-installed"", ""jupyddl"": ""2.3.0"", ""matplotlib"": ""3.10.9"", ""numpy"": ""2.2.6"", ""openplan-bench"": ""0.1.0"", ""pymapf"": ""0.8.0""}",2
classical-smoke,classical,jupyddl,grid/problem,grid,bfs,,,,0,0,30.0,3072,error,False,False,0.03952018300333293,,,,,,,,,"UnsupportedFeatureError: nested/numeric term in atom is not supported: ['wall', 'xpos', ['+', 'ypos', '1']]","jupyddl.parser.ast.UnsupportedFeatureError: nested/numeric term in atom is not supported: ['wall', 'xpos', ['+', 'ypos', '1']]",2026-08-20T21:46:29+00:00,0.1.0,62459c293440,3.10.12,Linux 6.8.0-136-generic (x86_64),11th Gen Intel(R) Core(TM) i7-11850H @ 2.50GHz,16,wardn-thinkpad,"{""cuda-planning"": ""not-installed"", ""jupyddl"": ""2.3.0"", ""matplotlib"": ""3.10.9"", ""numpy"": ""2.2.6"", ""openplan-bench"": ""0.1.0"", ""pymapf"": ""0.8.0""}",2
classical-smoke,classical,jupyddl,grid/problem,grid,bfs,,,,0,1,30.0,3072,error,False,False,0.04018736600119155,,,,,,,,,"UnsupportedFeatureError: nested/numeric term in atom is not supported: ['wall', 'xpos', ['+', 'ypos', '1']]","jupyddl.parser.ast.UnsupportedFeatureError: nested/numeric term in atom is not supported: ['wall', 'xpos', ['+', 'ypos', '1']]",2026-08-20T21:46:29+00:00,0.1.0,62459c293440,3.10.12,Linux 6.8.0-136-generic (x86_64),11th Gen Intel(R) Core(TM) i7-11850H @ 2.50GHz,16,wardn-thinkpad,"{""cuda-planning"": ""not-installed"", ""jupyddl"": ""2.3.0"", ""matplotlib"": ""3.10.9"", ""numpy"": ""2.2.6"", ""openplan-bench"": ""0.1.0"", ""pymapf"": ""0.8.0""}",2
classical-smoke,classical,jupyddl,grid/problem,grid,bfs,,,,0,2,30.0,3072,error,False,False,0.03880342699994799,,,,,,,,,"UnsupportedFeatureError: nested/numeric term in atom is not supported: ['wall', 'xpos', ['+', 'ypos', '1']]","jupyddl.parser.ast.UnsupportedFeatureError: nested/numeric term in atom is not supported: ['wall', 'xpos', ['+', 'ypos', '1']]",2026-08-20T21:46:29+00:00,0.1.0,62459c293440,3.10.12,Linux 6.8.0-136-generic (x86_64),11th Gen Intel(R) Core(TM) i7-11850H @ 2.50GHz,16,wardn-thinkpad,"{""cuda-planning"": ""not-installed"", ""jupyddl"": ""2.3.0"", ""matplotlib"": ""3.10.9"", ""numpy"": ""2.2.6"", ""openplan-bench"": ""0.1.0"", ""pymapf"": ""0.8.0""}",2
classical-smoke,classical,jupyddl,grid/problem,grid,dijkstra,,,,0,0,30.0,3072,error,False,False,0.03946227699634619,,,,,,,,,"UnsupportedFeatureError: nested/numeric term in atom is not supported: ['wall', 'xpos', ['+', 'ypos', '1']]","jupyddl.parser.ast.UnsupportedFeatureError: nested/numeric term in atom is not supported: ['wall', 'xpos', ['+', 'ypos', '1']]",2026-08-20T21:46:29+00:00,0.1.0,62459c293440,3.10.12,Linux 6.8.0-136-generic (x86_64),11th Gen Intel(R) Core(TM) i7-11850H @ 2.50GHz,16,wardn-thinkpad,"{""cuda-planning"": ""not-installed"", ""jupyddl"": ""2.3.0"", ""matplotlib"": ""3.10.9"", ""numpy"": ""2.2.6"", ""openplan-bench"": ""0.1.0"", ""pymapf"": ""0.8.0""}",2
classical-smoke,classical,jupyddl,grid/problem,grid,dijkstra,,,,0,1,30.0,3072,error,False,False,0.03993963100219844,,,,,,,,,"UnsupportedFeatureError: nested/numeric term in atom is not supported: ['wall', 'xpos', ['+', 'ypos', '1']]","jupyddl.parser.ast.UnsupportedFeatureError: nested/numeric term in atom is not supported: ['wall', 'xpos', ['+', 'ypos', '1']]",2026-08-20T21:46:29+00:00,0.1.0,62459c293440,3.10.12,Linux 6.8.0-136-generic (x86_64),11th Gen Intel(R) Core(TM) i7-11850H @ 2.50GHz,16,wardn-thinkpad,"{""cuda-planning"": ""not-installed"", ""jupyddl"": ""2.3.0"", ""matplotlib"": ""3.10.9"", ""numpy"": ""2.2.6"", ""openplan-bench"": ""0.1.0"", ""pymapf"": ""0.8.0""}",2
classical-smoke,classical,jupyddl,grid/problem,grid,dijkstra,,,,0,2,30.0,3072,error,False,False,0.03959844900236931,,,,,,,,,"UnsupportedFeatureError: nested/numeric term in atom is not supported: ['wall', 'xpos', ['+', 'ypos', '1']]","jupyddl.parser.ast.UnsupportedFeatureError: nested/numeric term in atom is not supported: ['wall', 'xpos', ['+', 'ypos', '1']]",2026-08-20T21:46:29+00:00,0.1.0,62459c293440,3.10.12,Linux 6.8.0-136-generic (x86_64),11th Gen Intel(R) Core(TM) i7-11850H @ 2.50GHz,16,wardn-thinkpad,"{""cuda-planning"": ""not-installed"", ""jupyddl"": ""2.3.0"", ""matplotlib"": ""3.10.9"", ""numpy"": ""2.2.6"", ""openplan-bench"": ""0.1.0"", ""pymapf"": ""0.8.0""}",2
classical-smoke,classical,jupyddl,grid/problem,grid,gbfs,hff,,,0,0,30.0,3072,error,False,False,0.04001732699543936,,,,,,,,,"UnsupportedFeatureError: nested/numeric term in atom is not supported: ['wall', 'xpos', ['+', 'ypos', '1']]","jupyddl.parser.ast.UnsupportedFeatureError: nested/numeric term in atom is not supported: ['wall', 'xpos', ['+', 'ypos', '1']]",2026-08-20T21:46:29+00:00,0.1.0,62459c293440,3.10.12,Linux 6.8.0-136-generic (x86_64),11th Gen Intel(R) Core(TM) i7-11850H @ 2.50GHz,16,wardn-thinkpad,"{""cuda-planning"": ""not-installed"", ""jupyddl"": ""2.3.0"", ""matplotlib"": ""3.10.9"", ""numpy"": ""2.2.6"", ""openplan-bench"": ""0.1.0"", ""pymapf"": ""0.8.0""}",2
classical-smoke,classical,jupyddl,grid/problem,grid,gbfs,hff,,,0,1,30.0,3072,error,False,False,0.04025318999629235,,,,,,,,,"UnsupportedFeatureError: nested/numeric term in atom is not supported: ['wall', 'xpos', ['+', 'ypos', '1']]","jupyddl.parser.ast.UnsupportedFeatureError: nested/numeric term in atom is not supported: ['wall', 'xpos', ['+', 'ypos', '1']]",2026-08-20T21:46:29+00:00,0.1.0,62459c293440,3.10.12,Linux 6.8.0-136-generic (x86_64),11th Gen Intel(R) Core(TM) i7-11850H @ 2.50GHz,16,wardn-thinkpad,"{""cuda-planning"": ""not-installed"", ""jupyddl"": ""2.3.0"", ""matplotlib"": ""3.10.9"", ""numpy"": ""2.2.6"", ""openplan-bench"": ""0.1.0"", ""pymapf"": ""0.8.0""}",2
classical-smoke,classical,jupyddl,grid/problem,grid,gbfs,hff,,,0,2,30.0,3072,error,False,False,0.040185206999012735,,,,,,,,,"UnsupportedFeatureError: nested/numeric term in atom is not supported: ['wall', 'xpos', ['+', 'ypos', '1']]","jupyddl.parser.ast.UnsupportedFeatureError: nested/numeric term in atom is not supported: ['wall', 'xpos', ['+', 'ypos', '1']]",2026-08-20T21:46:29+00:00,0.1.0,62459c293440,3.10.12,Linux 6.8.0-136-generic (x86_64),11th Gen Intel(R) Core(TM) i7-11850H @ 2.50GHz,16,wardn-thinkpad,"{""cuda-planning"": ""not-installed"", ""jupyddl"": ""2.3.0"", ""matplotlib"": ""3.10.9"", ""numpy"": ""2.2.6"", ""openplan-bench"": ""0.1.0"", ""pymapf"": ""0.8.0""}",2
classical-smoke,classical,jupyddl,grid/problem,grid,gbfs,hadd,,,0,0,30.0,3072,error,False,False,0.04109174600307597,,,,,,,,,"UnsupportedFeatureError: nested/numeric term in atom is not supported: ['wall', 'xpos', ['+', 'ypos', '1']]","jupyddl.parser.ast.UnsupportedFeatureError: nested/numeric term in atom is not supported: ['wall', 'xpos', ['+', 'ypos', '1']]",2026-08-20T21:46:29+00:00,0.1.0,62459c293440,3.10.12,Linux 6.8.0-136-generic (x86_64),11th Gen Intel(R) Core(TM) i7-11850H @ 2.50GHz,16,wardn-thinkpad,"{""cuda-planning"": ""not-installed"", ""jupyddl"": ""2.3.0"", ""matplotlib"": ""3.10.9"", ""numpy"": ""2.2.6"", ""openplan-bench"": ""0.1.0"", ""pymapf"": ""0.8.0""}",2
classical-smoke,classical,jupyddl,grid/problem,grid,gbfs,hadd,,,0,1,30.0,3072,error,False,False,0.039062801995896734,,,,,,,,,"UnsupportedFeatureError: nested/numeric term in atom is not supported: ['wall', 'xpos', ['+', 'ypos', '1']]","jupyddl.parser.ast.UnsupportedFeatureError: nested/numeric term in atom is not supported: ['wall', 'xpos', ['+', 'ypos', '1']]",2026-08-20T21:46:29+00:00,0.1.0,62459c293440,3.10.12,Linux 6.8.0-136-generic (x86_64),11th Gen Intel(R) Core(TM) i7-11850H @ 2.50GHz,16,wardn-thinkpad,"{""cuda-planning"": ""not-installed"", ""jupyddl"": ""2.3.0"", ""matplotlib"": ""3.10.9"", ""numpy"": ""2.2.6"", ""openplan-bench"": ""0.1.0"", ""pymapf"": ""0.8.0""}",2
classical-smoke,classical,jupyddl,grid/problem,grid,gbfs,hadd,,,0,2,30.0,3072,error,False,False,0.03979011400224408,,,,,,,,,"UnsupportedFeatureError: nested/numeric term in atom is not supported: ['wall', 'xpos', ['+', 'ypos', '1']]","jupyddl.parser.ast.UnsupportedFeatureError: nested/numeric term in atom is not supported: ['wall', 'xpos', ['+', 'ypos', '1']]",2026-08-20T21:46:29+00:00,0.1.0,62459c293440,3.10.12,Linux 6.8.0-136-generic (x86_64),11th Gen Intel(R) Core(TM) i7-11850H @ 2.50GHz,16,wardn-thinkpad,"{""cuda-planning"": ""not-installed"", ""jupyddl"": ""2.3.0"", ""matplotlib"": ""3.10.9"", ""numpy"": ""2.2.6"", ""openplan-bench"": ""0.1.0"", ""pymapf"": ""0.8.0""}",2
classical-smoke,classical,jupyddl,grid/problem,grid,astar,lmcut,,,0,0,30.0,3072,error,False,False,0.038923371001146734,,,,,,,,,"UnsupportedFeatureError: nested/numeric term in atom is not supported: ['wall', 'xpos', ['+', 'ypos', '1']]","jupyddl.parser.ast.UnsupportedFeatureError: nested/numeric term in atom is not supported: ['wall', 'xpos', ['+', 'ypos', '1']]",2026-08-20T21:46:29+00:00,0.1.0,62459c293440,3.10.12,Linux 6.8.0-136-generic (x86_64),11th Gen Intel(R) Core(TM) i7-11850H @ 2.50GHz,16,wardn-thinkpad,"{""cuda-planning"": ""not-installed"", ""jupyddl"": ""2.3.0"", ""matplotlib"": ""3.10.9"", ""numpy"": ""2.2.6"", ""openplan-bench"": ""0.1.0"", ""pymapf"": ""0.8.0""}",2
classical-smoke,classical,jupyddl,grid/problem,grid,astar,lmcut,,,0,1,30.0,3072,error,False,False,0.041266282998549286,,,,,,,,,"UnsupportedFeatureError: nested/numeric term in atom is not supported: ['wall', 'xpos', ['+', 'ypos', '1']]","jupyddl.parser.ast.UnsupportedFeatureError: nested/numeric term in atom is not supported: ['wall', 'xpos', ['+', 'ypos', '1']]",2026-08-20T21:46:29+00:00,0.1.0,62459c293440,3.10.12,Linux 6.8.0-136-generic (x86_64),11th Gen Intel(R) Core(TM) i7-11850H @ 2.50GHz,16,wardn-thinkpad,"{""cuda-planning"": ""not-installed"", ""jupyddl"": ""2.3.0"", ""matplotlib"": ""3.10.9"", ""numpy"": ""2.2.6"", ""openplan-bench"": ""0.1.0"", ""pymapf"": ""0.8.0""}",2
classical-smoke,classical,jupyddl,grid/problem,grid,astar,lmcut,,,0,2,30.0,3072,error,False,False,0.04002859400497982,,,,,,,,,"UnsupportedFeatureError: nested/numeric term in atom is not supported: ['wall', 'xpos', ['+', 'ypos', '1']]","jupyddl.parser.ast.UnsupportedFeatureError: nested/numeric term in atom is not supported: ['wall', 'xpos', ['+', 'ypos', '1']]",2026-08-20T21:46:29+00:00,0.1.0,62459c293440,3.10.12,Linux 6.8.0-136-generic (x86_64),11th Gen Intel(R) Core(TM) i7-11850H @ 2.50GHz,16,wardn-thinkpad,"{""cuda-planning"": ""not-installed"", ""jupyddl"": ""2.3.0"", ""matplotlib"": ""3.10.9"", ""numpy"": ""2.2.6"", ""openplan-bench"": ""0.1.0"", ""pymapf"": ""0.8.0""}",2
classical-smoke,classical,jupyddl,grid/problem,grid,astar,hmax,,,0,0,30.0,3072,error,False,False,0.039462770997488406,,,,,,,,,"UnsupportedFeatureError: nested/numeric term in atom is not supported: ['wall', 'xpos', ['+', 'ypos', '1']]","jupyddl.parser.ast.UnsupportedFeatureError: nested/numeric term in atom is not supported: ['wall', 'xpos', ['+', 'ypos', '1']]",2026-08-20T21:46:29+00:00,0.1.0,62459c293440,3.10.12,Linux 6.8.0-136-generic (x86_64),11th Gen Intel(R) Core(TM) i7-11850H @ 2.50GHz,16,wardn-thinkpad,"{""cuda-planning"": ""not-installed"", ""jupyddl"": ""2.3.0"", ""matplotlib"": ""3.10.9"", ""numpy"": ""2.2.6"", ""openplan-bench"": ""0.1.0"", ""pymapf"": ""0.8.0""}",2
classical-smoke,classical,jupyddl,grid/problem,grid,astar,hmax,,,0,1,30.0,3072,error,False,False,0.050976688995433506,,,,,,,,,"UnsupportedFeatureError: nested/numeric term in atom is not supported: ['wall', 'xpos', ['+', 'ypos', '1']]","jupyddl.parser.ast.UnsupportedFeatureError: nested/numeric term in atom is not supported: ['wall', 'xpos', ['+', 'ypos', '1']]",2026-08-20T21:46:29+00:00,0.1.0,62459c293440,3.10.12,Linux 6.8.0-136-generic (x86_64),11th Gen Intel(R) Core(TM) i7-11850H @ 2.50GHz,16,wardn-thinkpad,"{""cuda-planning"": ""not-installed"", ""jupyddl"": ""2.3.0"", ""matplotlib"": ""3.10.9"", ""numpy"": ""2.2.6"", ""openplan-bench"": ""0.1.0"", ""pymapf"": ""0.8.0""}",2
classical-smoke,classical,jupyddl,grid/problem,grid,astar,hmax,,,0,2,30.0,3072,error,False,False,0.0406280839961255,,,,,,,,,"UnsupportedFeatureError: nested/numeric term in atom is not supported: ['wall', 'xpos', ['+', 'ypos', '1']]","jupyddl.parser.ast.UnsupportedFeatureError: nested/numeric term in atom is not supported: ['wall', 'xpos', ['+', 'ypos', '1']]",2026-08-20T21:46:29+00:00,0.1.0,62459c293440,3.10.12,Linux 6.8.0-136-generic (x86_64),11th Gen Intel(R) Core(TM) i7-11850H @ 2.50GHz,16,wardn-thinkpad,"{""cuda-planning"": ""not-installed"", ""jupyddl"": ""2.3.0"", ""matplotlib"": ""3.10.9"", ""numpy"": ""2.2.6"", ""openplan-bench"": ""0.1.0"", ""pymapf"": ""0.8.0""}",2
classical-smoke,classical,jupyddl,pallet/problem,pallet,bfs,,,,0,0,30.0,3072,solved,True,True,0.0018814319992088713,12,12,,,124,298,0,19.06,,,2026-08-20T21:46:29+00:00,0.1.0,62459c293440,3.10.12,Linux 6.8.0-136-generic (x86_64),11th Gen Intel(R) Core(TM) i7-11850H @ 2.50GHz,16,wardn-thinkpad,"{""cuda-planning"": ""not-installed"", ""jupyddl"": ""2.3.0"", ""matplotlib"": ""3.10.9"", ""numpy"": ""2.2.6"", ""openplan-bench"": ""0.1.0"", ""pymapf"": ""0.8.0""}",2
classical-smoke,classical,jupyddl,pallet/problem,pallet,bfs,,,,0,1,30.0,3072,solved,True,True,0.0017659860022831708,12,12,,,124,298,0,19.06,,,2026-08-20T21:46:29+00:00,0.1.0,62459c293440,3.10.12,Linux 6.8.0-136-generic (x86_64),11th Gen Intel(R) Core(TM) i7-11850H @ 2.50GHz,16,wardn-thinkpad,"{""cuda-planning"": ""not-installed"", ""jupyddl"": ""2.3.0"", ""matplotlib"": ""3.10.9"", ""numpy"": ""2.2.6"", ""openplan-bench"": ""0.1.0"", ""pymapf"": ""0.8.0""}",2
classical-smoke,classical,jupyddl,pallet/problem,pallet,bfs,,,,0,2,30.0,3072,solved,True,True,0.0017645170009927824,12,12,,,124,298,0,19.06,,,2026-08-20T21:46:29+00:00,0.1.0,62459c293440,3.10.12,Linux 6.8.0-136-generic (x86_64),11th Gen Intel(R) Core(TM) i7-11850H @ 2.50GHz,16,wardn-thinkpad,"{""cuda-planning"": ""not-installed"", ""jupyddl"": ""2.3.0"", ""matplotlib"": ""3.10.9"", ""numpy"": ""2.2.6"", ""openplan-bench"": ""0.1.0"", ""pymapf"": ""0.8.0""}",2
classical-smoke,classical,jupyddl,pallet/problem,pallet,dijkstra,,,,0,0,30.0,3072,solved,True,True,0.0018679999993764795,12,12,,,127,304,0,19.06,,,2026-08-20T21:46:29+00:00,0.1.0,62459c293440,3.10.12,Linux 6.8.0-136-generic (x86_64),11th Gen Intel(R) Core(TM) i7-11850H @ 2.50GHz,16,wardn-thinkpad,"{""cuda-planning"": ""not-installed"", ""jupyddl"": ""2.3.0"", ""matplotlib"": ""3.10.9"", ""numpy"": ""2.2.6"", ""openplan-bench"": ""0.1.0"", ""pymapf"": ""0.8.0""}",2
classical-smoke,classical,jupyddl,pallet/problem,pallet,dijkstra,,,,0,1,30.0,3072,solved,True,True,0.0018538689982960932,12,12,,,127,304,0,19.06,,,2026-08-20T21:46:29+00:00,0.1.0,62459c293440,3.10.12,Linux 6.8.0-136-generic (x86_64),11th Gen Intel(R) Core(TM) i7-11850H @ 2.50GHz,16,wardn-thinkpad,"{""cuda-planning"": ""not-installed"", ""jupyddl"": ""2.3.0"", ""matplotlib"": ""3.10.9"", ""numpy"": ""2.2.6"", ""openplan-bench"": ""0.1.0"", ""pymapf"": ""0.8.0""}",2
classical-smoke,classical,jupyddl,pallet/problem,pallet,dijkstra,,,,0,2,30.0,3072,solved,True,True,0.0018846110033337027,12,12,,,127,304,0,19.06,,,2026-08-20T21:46:29+00:00,0.1.0,62459c293440,3.10.12,Linux 6.8.0-136-generic (x86_64),11th Gen Intel(R) Core(TM) i7-11850H @ 2.50GHz,16,wardn-thinkpad,"{""cuda-planning"": ""not-installed"", ""jupyddl"": ""2.3.0"", ""matplotlib"": ""3.10.9"", ""numpy"": ""2.2.6"", ""openplan-bench"": ""0.1.0"", ""pymapf"": ""0.8.0""}",2
classical-smoke,classical,jupyddl,pallet/problem,pallet,gbfs,hff,,,0,0,30.0,3072,solved,True,True,0.0016834839989314787,12,12,,,12,33,25,19.06,,,2026-08-20T21:46:29+00:00,0.1.0,62459c293440,3.10.12,Linux 6.8.0-136-generic (x86_64),11th Gen Intel(R) Core(TM) i7-11850H @ 2.50GHz,16,wardn-thinkpad,"{""cuda-planning"": ""not-installed"", ""jupyddl"": ""2.3.0"", ""matplotlib"": ""3.10.9"", ""numpy"": ""2.2.6"", ""openplan-bench"": ""0.1.0"", ""pymapf"": ""0.8.0""}",2
classical-smoke,classical,jupyddl,pallet/problem,pallet,gbfs,hff,,,0,1,30.0,3072,solved,True,True,0.0016155900011654012,12,12,,,12,33,25,19.06,,,2026-08-20T21:46:29+00:00,0.1.0,62459c293440,3.10.12,Linux 6.8.0-136-generic (x86_64),11th Gen Intel(R) Core(TM) i7-11850H @ 2.50GHz,16,wardn-thinkpad,"{""cuda-planning"": ""not-installed"", ""jupyddl"": ""2.3.0"", ""matplotlib"": ""3.10.9"", ""numpy"": ""2.2.6"", ""openplan-bench"": ""0.1.0"", ""pymapf"": ""0.8.0""}",2
classical-smoke,classical,jupyddl,pallet/problem,pallet,gbfs,hff,,,0,2,30.0,3072,solved,True,True,0.0016749909991631284,12,12,,,12,33,25,19.06,,,2026-08-20T21:46:29+00:00,0.1.0,62459c293440,3.10.12,Linux 6.8.0-136-generic (x86_64),11th Gen Intel(R) Core(TM) i7-11850H @ 2.50GHz,16,wardn-thinkpad,"{""cuda-planning"": ""not-installed"", ""jupyddl"": ""2.3.0"", ""matplotlib"": ""3.10.9"", ""numpy"": ""2.2.6"", ""openplan-bench"": ""0.1.0"", ""pymapf"": ""0.8.0""}",2
classical-smoke,classical,jupyddl,pallet/problem,pallet,gbfs,hadd,,,0,0,30.0,3072,solved,True,True,0.0014992450014688075,12,12,,,12,32,22,19.06,,,2026-08-20T21:46:29+00:00,0.1.0,62459c293440,3.10.12,Linux 6.8.0-136-generic (x86_64),11th Gen Intel(R) Core(TM) i7-11850H @ 2.50GHz,16,wardn-thinkpad,"{""cuda-planning"": ""not-installed"", ""jupyddl"": ""2.3.0"", ""matplotlib"": ""3.10.9"", ""numpy"": ""2.2.6"", ""openplan-bench"": ""0.1.0"", ""pymapf"": ""0.8.0""}",2
classical-smoke,classical,jupyddl,pallet/problem,pallet,gbfs,hadd,,,0,1,30.0,3072,solved,True,True,0.001492028997745365,12,12,,,12,32,22,19.06,,,2026-08-20T21:46:29+00:00,0.1.0,62459c293440,3.10.12,Linux 6.8.0-136-generic (x86_64),11th Gen Intel(R) Core(TM) i7-11850H @ 2.50GHz,16,wardn-thinkpad,"{""cuda-planning"": ""not-installed"", ""jupyddl"": ""2.3.0"", ""matplotlib"": ""3.10.9"", ""numpy"": ""2.2.6"", ""openplan-bench"": ""0.1.0"", ""pymapf"": ""0.8.0""}",2
classical-smoke,classical,jupyddl,pallet/problem,pallet,gbfs,hadd,,,0,2,30.0,3072,solved,True,True,0.0014486520012724213,12,12,,,12,32,22,19.06,,,2026-08-20T21:46:29+00:00,0.1.0,62459c293440,3.10.12,Linux 6.8.0-136-generic (x86_64),11th Gen Intel(R) Core(TM) i7-11850H @ 2.50GHz,16,wardn-thinkpad,"{""cuda-planning"": ""not-installed"", ""jupyddl"": ""2.3.0"", ""matplotlib"": ""3.10.9"", ""numpy"": ""2.2.6"", ""openplan-bench"": ""0.1.0"", ""pymapf"": ""0.8.0""}",2
classical-smoke,classical,jupyddl,pallet/problem,pallet,astar,lmcut,,,0,0,30.0,3072,solved,True,True,0.03295872599846916,12,12,,,126,302,128,19.06,,,2026-08-20T21:46:29+00:00,0.1.0,62459c293440,3.10.12,Linux 6.8.0-136-generic (x86_64),11th Gen Intel(R) Core(TM) i7-11850H @ 2.50GHz,16,wardn-thinkpad,"{""cuda-planning"": ""not-installed"", ""jupyddl"": ""2.3.0"", ""matplotlib"": ""3.10.9"", ""numpy"": ""2.2.6"", ""openplan-bench"": ""0.1.0"", ""pymapf"": ""0.8.0""}",2
classical-smoke,classical,jupyddl,pallet/problem,pallet,astar,lmcut,,,0,1,30.0,3072,solved,True,True,0.03381481399992481,12,12,,,126,302,128,19.06,,,2026-08-20T21:46:29+00:00,0.1.0,62459c293440,3.10.12,Linux 6.8.0-136-generic (x86_64),11th Gen Intel(R) Core(TM) i7-11850H @ 2.50GHz,16,wardn-thinkpad,"{""cuda-planning"": ""not-installed"", ""jupyddl"": ""2.3.0"", ""matplotlib"": ""3.10.9"", ""numpy"": ""2.2.6"", ""openplan-bench"": ""0.1.0"", ""pymapf"": ""0.8.0""}",2
classical-smoke,classical,jupyddl,pallet/problem,pallet,astar,lmcut,,,0,2,30.0,3072,solved,True,True,0.03431742599786958,12,12,,,127,304,128,19.06,,,2026-08-20T21:46:29+00:00,0.1.0,62459c293440,3.10.12,Linux 6.8.0-136-generic (x86_64),11th Gen Intel(R) Core(TM) i7-11850H @ 2.50GHz,16,wardn-thinkpad,"{""cuda-planning"": ""not-installed"", ""jupyddl"": ""2.3.0"", ""matplotlib"": ""3.10.9"", ""numpy"": ""2.2.6"", ""openplan-bench"": ""0.1.0"", ""pymapf"": ""0.8.0""}",2
classical-smoke,classical,jupyddl,pallet/problem,pallet,astar,hmax,,,0,0,30.0,3072,solved,True,True,0.004296067003451753,12,12,,,127,304,128,19.06,,,2026-08-20T21:46:29+00:00,0.1.0,62459c293440,3.10.12,Linux 6.8.0-136-generic (x86_64),11th Gen Intel(R) Core(TM) i7-11850H @ 2.50GHz,16,wardn-thinkpad,"{""cuda-planning"": ""not-installed"", ""jupyddl"": ""2.3.0"", ""matplotlib"": ""3.10.9"", ""numpy"": ""2.2.6"", ""openplan-bench"": ""0.1.0"", ""pymapf"": ""0.8.0""}",2
classical-smoke,classical,jupyddl,pallet/problem,pallet,astar,hmax,,,0,1,30.0,3072,solved,True,True,0.00432469199586194,12,12,,,127,304,128,19.06,,,2026-08-20T21:46:29+00:00,0.1.0,62459c293440,3.10.12,Linux 6.8.0-136-generic (x86_64),11th Gen Intel(R) Core(TM) i7-11850H @ 2.50GHz,16,wardn-thinkpad,"{""cuda-planning"": ""not-installed"", ""jupyddl"": ""2.3.0"", ""matplotlib"": ""3.10.9"", ""numpy"": ""2.2.6"", ""openplan-bench"": ""0.1.0"", ""pymapf"": ""0.8.0""}",2
classical-smoke,classical,jupyddl,pallet/problem,pallet,astar,hmax,,,0,2,30.0,3072,solved,True,True,0.004375862001325004,12,12,,,127,304,128,19.06,,,2026-08-20T21:46:29+00:00,0.1.0,62459c293440,3.10.12,Linux 6.8.0-136-generic (x86_64),11th Gen Intel(R) Core(TM) i7-11850H @ 2.50GHz,16,wardn-thinkpad,"{""cuda-planning"": ""not-installed"", ""jupyddl"": ""2.3.0"", ""matplotlib"": ""3.10.9"", ""numpy"": ""2.2.6"", ""openplan-bench"": ""0.1.0"", ""pymapf"": ""0.8.0""}",2
classical-smoke,classical,jupyddl,switch/problem,switch,bfs,,,,0,0,30.0,3072,solved,True,True,0.0022919580005691387,3,3,,,4,7,0,19.06,,,2026-08-20T21:46:29+00:00,0.1.0,62459c293440,3.10.12,Linux 6.8.0-136-generic (x86_64),11th Gen Intel(R) Core(TM) i7-11850H @ 2.50GHz,16,wardn-thinkpad,"{""cuda-planning"": ""not-installed"", ""jupyddl"": ""2.3.0"", ""matplotlib"": ""3.10.9"", ""numpy"": ""2.2.6"", ""openplan-bench"": ""0.1.0"", ""pymapf"": ""0.8.0""}",2
classical-smoke,classical,jupyddl,switch/problem,switch,bfs,,,,0,1,30.0,3072,solved,True,True,0.0022840409947093576,3,3,,,4,7,0,19.06,,,2026-08-20T21:46:29+00:00,0.1.0,62459c293440,3.10.12,Linux 6.8.0-136-generic (x86_64),11th Gen Intel(R) Core(TM) i7-11850H @ 2.50GHz,16,wardn-thinkpad,"{""cuda-planning"": ""not-installed"", ""jupyddl"": ""2.3.0"", ""matplotlib"": ""3.10.9"", ""numpy"": ""2.2.6"", ""openplan-bench"": ""0.1.0"", ""pymapf"": ""0.8.0""}",2
classical-smoke,classical,jupyddl,switch/problem,switch,bfs,,,,0,2,30.0,3072,solved,True,True,0.0022325520039885305,3,3,,,4,7,0,19.06,,,2026-08-20T21:46:29+00:00,0.1.0,62459c293440,3.10.12,Linux 6.8.0-136-generic (x86_64),11th Gen Intel(R) Core(TM) i7-11850H @ 2.50GHz,16,wardn-thinkpad,"{""cuda-planning"": ""not-installed"", ""jupyddl"": ""2.3.0"", ""matplotlib"": ""3.10.9"", ""numpy"": ""2.2.6"", ""openplan-bench"": ""0.1.0"", ""pymapf"": ""0.8.0""}",2
classical-smoke,classical,jupyddl,switch/problem,switch,dijkstra,,,,0,0,30.0,3072,solved,True,True,0.0022952330036787316,3,3,,,5,10,0,19.06,,,2026-08-20T21:46:29+00:00,0.1.0,62459c293440,3.10.12,Linux 6.8.0-136-generic (x86_64),11th Gen Intel(R) Core(TM) i7-11850H @ 2.50GHz,16,wardn-thinkpad,"{""cuda-planning"": ""not-installed"", ""jupyddl"": ""2.3.0"", ""matplotlib"": ""3.10.9"", ""numpy"": ""2.2.6"", ""openplan-bench"": ""0.1.0"", ""pymapf"": ""0.8.0""}",2
classical-smoke,classical,jupyddl,switch/problem,switch,dijkstra,,,,0,1,30.0,3072,solved,True,True,0.002270526994834654,3,3,,,5,10,0,19.06,,,2026-08-20T21:46:29+00:00,0.1.0,62459c293440,3.10.12,Linux 6.8.0-136-generic (x86_64),11th Gen Intel(R) Core(TM) i7-11850H @ 2.50GHz,16,wardn-thinkpad,"{""cuda-planning"": ""not-installed"", ""jupyddl"": ""2.3.0"", ""matplotlib"": ""3.10.9"", ""numpy"": ""2.2.6"", ""openplan-bench"": ""0.1.0"", ""pymapf"": ""0.8.0""}",2
classical-smoke,classical,jupyddl,switch/problem,switch,dijkstra,,,,0,2,30.0,3072,solved,True,True,0.0022296590032055974,3,3,,,5,10,0,19.06,,,2026-08-20T21:46:29+00:00,0.1.0,62459c293440,3.10.12,Linux 6.8.0-136-generic (x86_64),11th Gen Intel(R) Core(TM) i7-11850H @ 2.50GHz,16,wardn-thinkpad,"{""cuda-planning"": ""not-installed"", ""jupyddl"": ""2.3.0"", ""matplotlib"": ""3.10.9"", ""numpy"": ""2.2.6"", ""openplan-bench"": ""0.1.0"", ""pymapf"": ""0.8.0""}",2
classical-smoke,classical,jupyddl,switch/problem,switch,gbfs,hff,,,0,0,30.0,3072,solved,True,True,0.0026031369998236187,3,3,,,3,6,5,19.06,,,2026-08-20T21:46:29+00:00,0.1.0,62459c293440,3.10.12,Linux 6.8.0-136-generic (x86_64),11th Gen Intel(R) Core(TM) i7-11850H @ 2.50GHz,16,wardn-thinkpad,"{""cuda-planning"": ""not-installed"", ""jupyddl"": ""2.3.0"", ""matplotlib"": ""3.10.9"", ""numpy"": ""2.2.6"", ""openplan-bench"": ""0.1.0"", ""pymapf"": ""0.8.0""}",2
classical-smoke,classical,jupyddl,switch/problem,switch,gbfs,hff,,,0,1,30.0,3072,solved,True,True,0.0026533059935900383,3,3,,,3,6,5,19.06,,,2026-08-20T21:46:29+00:00,0.1.0,62459c293440,3.10.12,Linux 6.8.0-136-generic (x86_64),11th Gen Intel(R) Core(TM) i7-11850H @ 2.50GHz,16,wardn-thinkpad,"{""cuda-planning"": ""not-installed"", ""jupyddl"": ""2.3.0"", ""matplotlib"": ""3.10.9"", ""numpy"": ""2.2.6"", ""openplan-bench"": ""0.1.0"", ""pymapf"": ""0.8.0""}",2
classical-smoke,classical,jupyddl,switch/problem,switch,gbfs,hff,,,0,2,30.0,3072,solved,True,True,0.0026594980008667335,3,3,,,3,6,5,19.06,,,2026-08-20T21:46:29+00:00,0.1.0,62459c293440,3.10.12,Linux 6.8.0-136-generic (x86_64),11th Gen Intel(R) Core(TM) i7-11850H @ 2.50GHz,16,wardn-thinkpad,"{""cuda-planning"": ""not-installed"", ""jupyddl"": ""2.3.0"", ""matplotlib"": ""3.10.9"", ""numpy"": ""2.2.6"", ""openplan-bench"": ""0.1.0"", ""pymapf"": ""0.8.0""}",2
classical-smoke,classical,jupyddl,switch/problem,switch,gbfs,hadd,,,0,0,30.0,3072,solved,True,True,0.0026421959992148913,3,3,,,3,6,5,19.06,,,2026-08-20T21:46:29+00:00,0.1.0,62459c293440,3.10.12,Linux 6.8.0-136-generic (x86_64),11th Gen Intel(R) Core(TM) i7-11850H @ 2.50GHz,16,wardn-thinkpad,"{""cuda-planning"": ""not-installed"", ""jupyddl"": ""2.3.0"", ""matplotlib"": ""3.10.9"", ""numpy"": ""2.2.6"", ""openplan-bench"": ""0.1.0"", ""pymapf"": ""0.8.0""}",2
classical-smoke,classical,jupyddl,switch/problem,switch,gbfs,hadd,,,0,1,30.0,3072,solved,True,True,0.002544478003983386,3,3,,,3,6,5,19.06,,,2026-08-20T21:46:29+00:00,0.1.0,62459c293440,3.10.12,Linux 6.8.0-136-generic (x86_64),11th Gen Intel(R) Core(TM) i7-11850H @ 2.50GHz,16,wardn-thinkpad,"{""cuda-planning"": ""not-installed"", ""jupyddl"": ""2.3.0"", ""matplotlib"": ""3.10.9"", ""numpy"": ""2.2.6"", ""openplan-bench"": ""0.1.0"", ""pymapf"": ""0.8.0""}",2
classical-smoke,classical,jupyddl,switch/problem,switch,gbfs,hadd,,,0,2,30.0,3072,solved,True,True,0.0026458760039531626,3,3,,,3,6,5,19.06,,,2026-08-20T21:46:29+00:00,0.1.0,62459c293440,3.10.12,Linux 6.8.0-136-generic (x86_64),11th Gen Intel(R) Core(TM) i7-11850H @ 2.50GHz,16,wardn-thinkpad,"{""cuda-planning"": ""not-installed"", ""jupyddl"": ""2.3.0"", ""matplotlib"": ""3.10.9"", ""numpy"": ""2.2.6"", ""openplan-bench"": ""0.1.0"", ""pymapf"": ""0.8.0""}",2
classical-smoke,classical,jupyddl,switch/problem,switch,astar,lmcut,,,0,0,30.0,3072,solved,True,True,0.003465651003352832,3,3,,,5,10,6,19.06,,,2026-08-20T21:46:29+00:00,0.1.0,62459c293440,3.10.12,Linux 6.8.0-136-generic (x86_64),11th Gen Intel(R) Core(TM) i7-11850H @ 2.50GHz,16,wardn-thinkpad,"{""cuda-planning"": ""not-installed"", ""jupyddl"": ""2.3.0"", ""matplotlib"": ""3.10.9"", ""numpy"": ""2.2.6"", ""openplan-bench"": ""0.1.0"", ""pymapf"": ""0.8.0""}",2
classical-smoke,classical,jupyddl,switch/problem,switch,astar,lmcut,,,0,1,30.0,3072,solved,True,True,0.003627330996096134,3,3,,,5,10,6,19.06,,,2026-08-20T21:46:29+00:00,0.1.0,62459c293440,3.10.12,Linux 6.8.0-136-generic (x86_64),11th Gen Intel(R) Core(TM) i7-11850H @ 2.50GHz,16,wardn-thinkpad,"{""cuda-planning"": ""not-installed"", ""jupyddl"": ""2.3.0"", ""matplotlib"": ""3.10.9"", ""numpy"": ""2.2.6"", ""openplan-bench"": ""0.1.0"", ""pymapf"": ""0.8.0""}",2
classical-smoke,classical,jupyddl,switch/problem,switch,astar,lmcut,,,0,2,30.0,3072,solved,True,True,0.0034098850010195747,3,3,,,5,10,6,19.06,,,2026-08-20T21:46:29+00:00,0.1.0,62459c293440,3.10.12,Linux 6.8.0-136-generic (x86_64),11th Gen Intel(R) Core(TM) i7-11850H @ 2.50GHz,16,wardn-thinkpad,"{""cuda-planning"": ""not-installed"", ""jupyddl"": ""2.3.0"", ""matplotlib"": ""3.10.9"", ""numpy"": ""2.2.6"", ""openplan-bench"": ""0.1.0"", ""pymapf"": ""0.8.0""}",2
classical-smoke,classical,jupyddl,switch/problem,switch,astar,hmax,,,0,0,30.0,3072,solved,True,True,0.0032979469979181886,3,3,,,5,10,6,19.06,,,2026-08-20T21:46:29+00:00,0.1.0,62459c293440,3.10.12,Linux 6.8.0-136-generic (x86_64),11th Gen Intel(R) Core(TM) i7-11850H @ 2.50GHz,16,wardn-thinkpad,"{""cuda-planning"": ""not-installed"", ""jupyddl"": ""2.3.0"", ""matplotlib"": ""3.10.9"", ""numpy"": ""2.2.6"", ""openplan-bench"": ""0.1.0"", ""pymapf"": ""0.8.0""}",2
classical-smoke,classical,jupyddl,switch/problem,switch,astar,hmax,,,0,1,30.0,3072,solved,True,True,0.0027137229990330525,3,3,,,5,10,6,19.06,,,2026-08-20T21:46:29+00:00,0.1.0,62459c293440,3.10.12,Linux 6.8.0-136-generic (x86_64),11th Gen Intel(R) Core(TM) i7-11850H @ 2.50GHz,16,wardn-thinkpad,"{""cuda-planning"": ""not-installed"", ""jupyddl"": ""2.3.0"", ""matplotlib"": ""3.10.9"", ""numpy"": ""2.2.6"", ""openplan-bench"": ""0.1.0"", ""pymapf"": ""0.8.0""}",2
classical-smoke,classical,jupyddl,switch/problem,switch,astar,hmax,,,0,2,30.0,3072,solved,True,True,0.002978654003527481,3,3,,,5,10,6,19.06,,,2026-08-20T21:46:29+00:00,0.1.0,62459c293440,3.10.12,Linux 6.8.0-136-generic (x86_64),11th Gen Intel(R) Core(TM) i7-11850H @ 2.50GHz,16,wardn-thinkpad,"{""cuda-planning"": ""not-installed"", ""jupyddl"": ""2.3.0"", ""matplotlib"": ""3.10.9"", ""numpy"": ""2.2.6"", ""openplan-bench"": ""0.1.0"", ""pymapf"": ""0.8.0""}",2
classical-smoke,classical,jupyddl,tsp/problem,tsp,bfs,,,,0,0,30.0,3072,solved,True,True,0.0009762189947650768,15.0,5,,,18,25,0,19.06,,,2026-08-20T21:46:29+00:00,0.1.0,62459c293440,3.10.12,Linux 6.8.0-136-generic (x86_64),11th Gen Intel(R) Core(TM) i7-11850H @ 2.50GHz,16,wardn-thinkpad,"{""cuda-planning"": ""not-installed"", ""jupyddl"": ""2.3.0"", ""matplotlib"": ""3.10.9"", ""numpy"": ""2.2.6"", ""openplan-bench"": ""0.1.0"", ""pymapf"": ""0.8.0""}",2
classical-smoke,classical,jupyddl,tsp/problem,tsp,bfs,,,,0,1,30.0,3072,solved,True,True,0.0009356340015074238,15.0,5,,,18,25,0,19.06,,,2026-08-20T21:46:29+00:00,0.1.0,62459c293440,3.10.12,Linux 6.8.0-136-generic (x86_64),11th Gen Intel(R) Core(TM) i7-11850H @ 2.50GHz,16,wardn-thinkpad,"{""cuda-planning"": ""not-installed"", ""jupyddl"": ""2.3.0"", ""matplotlib"": ""3.10.9"", ""numpy"": ""2.2.6"", ""openplan-bench"": ""0.1.0"", ""pymapf"": ""0.8.0""}",2
classical-smoke,classical,jupyddl,tsp/problem,tsp,bfs,,,,0,2,30.0,3072,solved,True,True,0.0009728279983391985,15.0,5,,,18,25,0,19.06,,,2026-08-20T21:46:29+00:00,0.1.0,62459c293440,3.10.12,Linux 6.8.0-136-generic (x86_64),11th Gen Intel(R) Core(TM) i7-11850H @ 2.50GHz,16,wardn-thinkpad,"{""cuda-planning"": ""not-installed"", ""jupyddl"": ""2.3.0"", ""matplotlib"": ""3.10.9"", ""numpy"": ""2.2.6"", ""openplan-bench"": ""0.1.0"", ""pymapf"": ""0.8.0""}",2
classical-smoke,classical,jupyddl,tsp/problem,tsp,dijkstra,,,,0,0,30.0,3072,solved,True,True,0.0012956619975739159,15.0,5,,,24,28,0,19.06,,,2026-08-20T21:46:29+00:00,0.1.0,62459c293440,3.10.12,Linux 6.8.0-136-generic (x86_64),11th Gen Intel(R) Core(TM) i7-11850H @ 2.50GHz,16,wardn-thinkpad,"{""cuda-planning"": ""not-installed"", ""jupyddl"": ""2.3.0"", ""matplotlib"": ""3.10.9"", ""numpy"": ""2.2.6"", ""openplan-bench"": ""0.1.0"", ""pymapf"": ""0.8.0""}",2
classical-smoke,classical,jupyddl,tsp/problem,tsp,dijkstra,,,,0,1,30.0,3072,solved,True,True,0.000984587000857573,15.0,5,,,24,28,0,19.06,,,2026-08-20T21:46:29+00:00,0.1.0,62459c293440,3.10.12,Linux 6.8.0-136-generic (x86_64),11th Gen Intel(R) Core(TM) i7-11850H @ 2.50GHz,16,wardn-thinkpad,"{""cuda-planning"": ""not-installed"", ""jupyddl"": ""2.3.0"", ""matplotlib"": ""3.10.9"", ""numpy"": ""2.2.6"", ""openplan-bench"": ""0.1.0"", ""pymapf"": ""0.8.0""}",2
classical-smoke,classical,jupyddl,tsp/problem,tsp,dijkstra,,,,0,2,30.0,3072,solved,True,True,0.001016315000015311,15.0,5,,,24,28,0,19.06,,,2026-08-20T21:46:29+00:00,0.1.0,62459c293440,3.10.12,Linux 6.8.0-136-generic (x86_64),11th Gen Intel(R) Core(TM) i7-11850H @ 2.50GHz,16,wardn-thinkpad,"{""cuda-planning"": ""not-installed"", ""jupyddl"": ""2.3.0"", ""matplotlib"": ""3.10.9"", ""numpy"": ""2.2.6"", ""openplan-bench"": ""0.1.0"", ""pymapf"": ""0.8.0""}",2
classical-smoke,classical,jupyddl,tsp/problem,tsp,gbfs,hff,,,0,0,30.0,3072,solved,True,True,0.0010395569988759235,15.0,5,,,5,9,10,19.06,,,2026-08-20T21:46:29+00:00,0.1.0,62459c293440,3.10.12,Linux 6.8.0-136-generic (x86_64),11th Gen Intel(R) Core(TM) i7-11850H @ 2.50GHz,16,wardn-thinkpad,"{""cuda-planning"": ""not-installed"", ""jupyddl"": ""2.3.0"", ""matplotlib"": ""3.10.9"", ""numpy"": ""2.2.6"", ""openplan-bench"": ""0.1.0"", ""pymapf"": ""0.8.0""}",2
classical-smoke,classical,jupyddl,tsp/problem,tsp,gbfs,hff,,,0,1,30.0,3072,solved,True,True,0.0010848509991774336,15.0,5,,,5,9,10,19.06,,,2026-08-20T21:46:29+00:00,0.1.0,62459c293440,3.10.12,Linux 6.8.0-136-generic (x86_64),11th Gen Intel(R) Core(TM) i7-11850H @ 2.50GHz,16,wardn-thinkpad,"{""cuda-planning"": ""not-installed"", ""jupyddl"": ""2.3.0"", ""matplotlib"": ""3.10.9"", ""numpy"": ""2.2.6"", ""openplan-bench"": ""0.1.0"", ""pymapf"": ""0.8.0""}",2
classical-smoke,classical,jupyddl,tsp/problem,tsp,gbfs,hff,,,0,2,30.0,3072,solved,True,True,0.0010465289960848168,15.0,5,,,5,9,10,19.06,,,2026-08-20T21:46:29+00:00,0.1.0,62459c293440,3.10.12,Linux 6.8.0-136-generic (x86_64),11th Gen Intel(R) Core(TM) i7-11850H @ 2.50GHz,16,wardn-thinkpad,"{""cuda-planning"": ""not-installed"", ""jupyddl"": ""2.3.0"", ""matplotlib"": ""3.10.9"", ""numpy"": ""2.2.6"", ""openplan-bench"": ""0.1.0"", ""pymapf"": ""0.8.0""}",2
classical-smoke,classical,jupyddl,tsp/problem,tsp,gbfs,hadd,,,0,0,30.0,3072,solved,True,True,0.0012813439971068874,15.0,5,,,9,18,19,19.06,,,2026-08-20T21:46:29+00:00,0.1.0,62459c293440,3.10.12,Linux 6.8.0-136-generic (x86_64),11th Gen Intel(R) Core(TM) i7-11850H @ 2.50GHz,16,wardn-thinkpad,"{""cuda-planning"": ""not-installed"", ""jupyddl"": ""2.3.0"", ""matplotlib"": ""3.10.9"", ""numpy"": ""2.2.6"", ""openplan-bench"": ""0.1.0"", ""pymapf"": ""0.8.0""}",2
classical-smoke,classical,jupyddl,tsp/problem,tsp,gbfs,hadd,,,0,1,30.0,3072,solved,True,True,0.0012177709941170178,15.0,5,,,9,18,19,19.06,,,2026-08-20T21:46:29+00:00,0.1.0,62459c293440,3.10.12,Linux 6.8.0-136-generic (x86_64),11th Gen Intel(R) Core(TM) i7-11850H @ 2.50GHz,16,wardn-thinkpad,"{""cuda-planning"": ""not-installed"", ""jupyddl"": ""2.3.0"", ""matplotlib"": ""3.10.9"", ""numpy"": ""2.2.6"", ""openplan-bench"": ""0.1.0"", ""pymapf"": ""0.8.0""}",2
classical-smoke,classical,jupyddl,tsp/problem,tsp,gbfs,hadd,,,0,2,30.0,3072,solved,True,True,0.0017763809955795296,15.0,5,,,9,18,19,19.06,,,2026-08-20T21:46:29+00:00,0.1.0,62459c293440,3.10.12,Linux 6.8.0-136-generic (x86_64),11th Gen Intel(R) Core(TM) i7-11850H @ 2.50GHz,16,wardn-thinkpad,"{""cuda-planning"": ""not-installed"", ""jupyddl"": ""2.3.0"", ""matplotlib"": ""3.10.9"", ""numpy"": ""2.2.6"", ""openplan-bench"": ""0.1.0"", ""pymapf"": ""0.8.0""}",2
classical-smoke,classical,jupyddl,tsp/problem,tsp,astar,lmcut,,,0,0,30.0,3072,solved,True,True,0.0024818979945848696,15.0,5,,,12,21,22,19.06,,,2026-08-20T21:46:29+00:00,0.1.0,62459c293440,3.10.12,Linux 6.8.0-136-generic (x86_64),11th Gen Intel(R) Core(TM) i7-11850H @ 2.50GHz,16,wardn-thinkpad,"{""cuda-planning"": ""not-installed"", ""jupyddl"": ""2.3.0"", ""matplotlib"": ""3.10.9"", ""numpy"": ""2.2.6"", ""openplan-bench"": ""0.1.0"", ""pymapf"": ""0.8.0""}",2
classical-smoke,classical,jupyddl,tsp/problem,tsp,astar,lmcut,,,0,1,30.0,3072,solved,True,True,0.0027755009941756725,15.0,5,,,12,21,22,19.06,,,2026-08-20T21:46:29+00:00,0.1.0,62459c293440,3.10.12,Linux 6.8.0-136-generic (x86_64),11th Gen Intel(R) Core(TM) i7-11850H @ 2.50GHz,16,wardn-thinkpad,"{""cuda-planning"": ""not-installed"", ""jupyddl"": ""2.3.0"", ""matplotlib"": ""3.10.9"", ""numpy"": ""2.2.6"", ""openplan-bench"": ""0.1.0"", ""pymapf"": ""0.8.0""}",2
classical-smoke,classical,jupyddl,tsp/problem,tsp,astar,lmcut,,,0,2,30.0,3072,solved,True,True,0.002134630994987674,15.0,5,,,12,21,22,19.06,,,2026-08-20T21:46:29+00:00,0.1.0,62459c293440,3.10.12,Linux 6.8.0-136-generic (x86_64),11th Gen Intel(R) Core(TM) i7-11850H @ 2.50GHz,16,wardn-thinkpad,"{""cuda-planning"": ""not-installed"", ""jupyddl"": ""2.3.0"", ""matplotlib"": ""3.10.9"", ""numpy"": ""2.2.6"", ""openplan-bench"": ""0.1.0"", ""pymapf"": ""0.8.0""}",2
classical-smoke,classical,jupyddl,tsp/problem,tsp,astar,hmax,,,0,0,30.0,3072,solved,True,True,0.001278682000702247,15.0,5,,,12,21,22,19.06,,,2026-08-20T21:46:29+00:00,0.1.0,62459c293440,3.10.12,Linux 6.8.0-136-generic (x86_64),11th Gen Intel(R) Core(TM) i7-11850H @ 2.50GHz,16,wardn-thinkpad,"{""cuda-planning"": ""not-installed"", ""jupyddl"": ""2.3.0"", ""matplotlib"": ""3.10.9"", ""numpy"": ""2.2.6"", ""openplan-bench"": ""0.1.0"", ""pymapf"": ""0.8.0""}",2
classical-smoke,classical,jupyddl,tsp/problem,tsp,astar,hmax,,,0,1,30.0,3072,solved,True,True,0.0011223590045119636,15.0,5,,,12,21,22,19.06,,,2026-08-20T21:46:29+00:00,0.1.0,62459c293440,3.10.12,Linux 6.8.0-136-generic (x86_64),11th Gen Intel(R) Core(TM) i7-11850H @ 2.50GHz,16,wardn-thinkpad,"{""cuda-planning"": ""not-installed"", ""jupyddl"": ""2.3.0"", ""matplotlib"": ""3.10.9"", ""numpy"": ""2.2.6"", ""openplan-bench"": ""0.1.0"", ""pymapf"": ""0.8.0""}",2
classical-smoke,classical,jupyddl,tsp/problem,tsp,astar,hmax,,,0,2,30.0,3072,solved,True,True,0.001173826000012923,15.0,5,,,12,21,22,19.06,,,2026-08-20T21:46:29+00:00,0.1.0,62459c293440,3.10.12,Linux 6.8.0-136-generic (x86_64),11th Gen Intel(R) Core(TM) i7-11850H @ 2.50GHz,16,wardn-thinkpad,"{""cuda-planning"": ""not-installed"", ""jupyddl"": ""2.3.0"", ""matplotlib"": ""3.10.9"", ""numpy"": ""2.2.6"", ""openplan-bench"": ""0.1.0"", ""pymapf"": ""0.8.0""}",2
classical-smoke,classical,jupyddl,vehicle/problem,vehicle,bfs,,,,0,0,30.0,3072,unsolved,False,False,0.006370194998453371,,,,,3,2,0,19.06,,search space exhausted without finding a plan,2026-08-20T21:46:29+00:00,0.1.0,62459c293440,3.10.12,Linux 6.8.0-136-generic (x86_64),11th Gen Intel(R) Core(TM) i7-11850H @ 2.50GHz,16,wardn-thinkpad,"{""cuda-planning"": ""not-installed"", ""jupyddl"": ""2.3.0"", ""matplotlib"": ""3.10.9"", ""numpy"": ""2.2.6"", ""openplan-bench"": ""0.1.0"", ""pymapf"": ""0.8.0""}",2
classical-smoke,classical,jupyddl,vehicle/problem,vehicle,bfs,,,,0,1,30.0,3072,unsolved,False,False,0.006300506000116002,,,,,3,2,0,19.06,,search space exhausted without finding a plan,2026-08-20T21:46:29+00:00,0.1.0,62459c293440,3.10.12,Linux 6.8.0-136-generic (x86_64),11th Gen Intel(R) Core(TM) i7-11850H @ 2.50GHz,16,wardn-thinkpad,"{""cuda-planning"": ""not-installed"", ""jupyddl"": ""2.3.0"", ""matplotlib"": ""3.10.9"", ""numpy"": ""2.2.6"", ""openplan-bench"": ""0.1.0"", ""pymapf"": ""0.8.0""}",2
classical-smoke,classical,jupyddl,vehicle/problem,vehicle,bfs,,,,0,2,30.0,3072,unsolved,False,False,0.0071243159982259385,,,,,3,2,0,19.06,,search space exhausted without finding a plan,2026-08-20T21:46:29+00:00,0.1.0,62459c293440,3.10.12,Linux 6.8.0-136-generic (x86_64),11th Gen Intel(R) Core(TM) i7-11850H @ 2.50GHz,16,wardn-thinkpad,"{""cuda-planning"": ""not-installed"", ""jupyddl"": ""2.3.0"", ""matplotlib"": ""3.10.9"", ""numpy"": ""2.2.6"", ""openplan-bench"": ""0.1.0"", ""pymapf"": ""0.8.0""}",2
classical-smoke,classical,jupyddl,vehicle/problem,vehicle,dijkstra,,,,0,0,30.0,3072,unsolved,False,False,0.007085811004799325,,,,,3,2,0,19.06,,search space exhausted without finding a plan,2026-08-20T21:46:29+00:00,0.1.0,62459c293440,3.10.12,Linux 6.8.0-136-generic (x86_64),11th Gen Intel(R) Core(TM) i7-11850H @ 2.50GHz,16,wardn-thinkpad,"{""cuda-planning"": ""not-installed"", ""jupyddl"": ""2.3.0"", ""matplotlib"": ""3.10.9"", ""numpy"": ""2.2.6"", ""openplan-bench"": ""0.1.0"", ""pymapf"": ""0.8.0""}",2
classical-smoke,classical,jupyddl,vehicle/problem,vehicle,dijkstra,,,,0,1,30.0,3072,unsolved,False,False,0.006182713994348887,,,,,3,2,0,19.06,,search space exhausted without finding a plan,2026-08-20T21:46:29+00:00,0.1.0,62459c293440,3.10.12,Linux 6.8.0-136-generic (x86_64),11th Gen Intel(R) Core(TM) i7-11850H @ 2.50GHz,16,wardn-thinkpad,"{""cuda-planning"": ""not-installed"", ""jupyddl"": ""2.3.0"", ""matplotlib"": ""3.10.9"", ""numpy"": ""2.2.6"", ""openplan-bench"": ""0.1.0"", ""pymapf"": ""0.8.0""}",2
classical-smoke,classical,jupyddl,vehicle/problem,vehicle,dijkstra,,,,0,2,30.0,3072,unsolved,False,False,0.00615904600272188,,,,,3,2,0,19.06,,search space exhausted without finding a plan,2026-08-20T21:46:29+00:00,0.1.0,62459c293440,3.10.12,Linux 6.8.0-136-generic (x86_64),11th Gen Intel(R) Core(TM) i7-11850H @ 2.50GHz,16,wardn-thinkpad,"{""cuda-planning"": ""not-installed"", ""jupyddl"": ""2.3.0"", ""matplotlib"": ""3.10.9"", ""numpy"": ""2.2.6"", ""openplan-bench"": ""0.1.0"", ""pymapf"": ""0.8.0""}",2
classical-smoke,classical,jupyddl,vehicle/problem,vehicle,gbfs,hff,,,0,0,30.0,3072,unsolved,False,False,0.00623513400205411,,,,,0,0,1,19.06,,search space exhausted without finding a plan,2026-08-20T21:46:29+00:00,0.1.0,62459c293440,3.10.12,Linux 6.8.0-136-generic (x86_64),11th Gen Intel(R) Core(TM) i7-11850H @ 2.50GHz,16,wardn-thinkpad,"{""cuda-planning"": ""not-installed"", ""jupyddl"": ""2.3.0"", ""matplotlib"": ""3.10.9"", ""numpy"": ""2.2.6"", ""openplan-bench"": ""0.1.0"", ""pymapf"": ""0.8.0""}",2
classical-smoke,classical,jupyddl,vehicle/problem,vehicle,gbfs,hff,,,0,1,30.0,3072,unsolved,False,False,0.006263103998207953,,,,,0,0,1,19.06,,search space exhausted without finding a plan,2026-08-20T21:46:29+00:00,0.1.0,62459c293440,3.10.12,Linux 6.8.0-136-generic (x86_64),11th Gen Intel(R) Core(TM) i7-11850H @ 2.50GHz,16,wardn-thinkpad,"{""cuda-planning"": ""not-installed"", ""jupyddl"": ""2.3.0"", ""matplotlib"": ""3.10.9"", ""numpy"": ""2.2.6"", ""openplan-bench"": ""0.1.0"", ""pymapf"": ""0.8.0""}",2
classical-smoke,classical,jupyddl,vehicle/problem,vehicle,gbfs,hff,,,0,2,30.0,3072,unsolved,False,False,0.006100500999309588,,,,,0,0,1,19.06,,search space exhausted without finding a plan,2026-08-20T21:46:29+00:00,0.1.0,62459c293440,3.10.12,Linux 6.8.0-136-generic (x86_64),11th Gen Intel(R) Core(TM) i7-11850H @ 2.50GHz,16,wardn-thinkpad,"{""cuda-planning"": ""not-installed"", ""jupyddl"": ""2.3.0"", ""matplotlib"": ""3.10.9"", ""numpy"": ""2.2.6"", ""openplan-bench"": ""0.1.0"", ""pymapf"": ""0.8.0""}",2
classical-smoke,classical,jupyddl,vehicle/problem,vehicle,gbfs,hadd,,,0,0,30.0,3072,unsolved,False,False,0.006333002995233983,,,,,0,0,1,19.06,,search space exhausted without finding a plan,2026-08-20T21:46:29+00:00,0.1.0,62459c293440,3.10.12,Linux 6.8.0-136-generic (x86_64),11th Gen Intel(R) Core(TM) i7-11850H @ 2.50GHz,16,wardn-thinkpad,"{""cuda-planning"": ""not-installed"", ""jupyddl"": ""2.3.0"", ""matplotlib"": ""3.10.9"", ""numpy"": ""2.2.6"", ""openplan-bench"": ""0.1.0"", ""pymapf"": ""0.8.0""}",2
classical-smoke,classical,jupyddl,vehicle/problem,vehicle,gbfs,hadd,,,0,1,30.0,3072,unsolved,False,False,0.006306798997684382,,,,,0,0,1,19.06,,search space exhausted without finding a plan,2026-08-20T21:46:29+00:00,0.1.0,62459c293440,3.10.12,Linux 6.8.0-136-generic (x86_64),11th Gen Intel(R) Core(TM) i7-11850H @ 2.50GHz,16,wardn-thinkpad,"{""cuda-planning"": ""not-installed"", ""jupyddl"": ""2.3.0"", ""matplotlib"": ""3.10.9"", ""numpy"": ""2.2.6"", ""openplan-bench"": ""0.1.0"", ""pymapf"": ""0.8.0""}",2
classical-smoke,classical,jupyddl,vehicle/problem,vehicle,gbfs,hadd,,,0,2,30.0,3072,unsolved,False,False,0.006187097002111841,,,,,0,0,1,19.06,,search space exhausted without finding a plan,2026-08-20T21:46:29+00:00,0.1.0,62459c293440,3.10.12,Linux 6.8.0-136-generic (x86_64),11th Gen Intel(R) Core(TM) i7-11850H @ 2.50GHz,16,wardn-thinkpad,"{""cuda-planning"": ""not-installed"", ""jupyddl"": ""2.3.0"", ""matplotlib"": ""3.10.9"", ""numpy"": ""2.2.6"", ""openplan-bench"": ""0.1.0"", ""pymapf"": ""0.8.0""}",2
classical-smoke,classical,jupyddl,vehicle/problem,vehicle,astar,lmcut,,,0,0,30.0,3072,unsolved,False,False,0.006512106003356166,,,,,0,0,1,19.06,,search space exhausted without finding a plan,2026-08-20T21:46:29+00:00,0.1.0,62459c293440,3.10.12,Linux 6.8.0-136-generic (x86_64),11th Gen Intel(R) Core(TM) i7-11850H @ 2.50GHz,16,wardn-thinkpad,"{""cuda-planning"": ""not-installed"", ""jupyddl"": ""2.3.0"", ""matplotlib"": ""3.10.9"", ""numpy"": ""2.2.6"", ""openplan-bench"": ""0.1.0"", ""pymapf"": ""0.8.0""}",2
classical-smoke,classical,jupyddl,vehicle/problem,vehicle,astar,lmcut,,,0,1,30.0,3072,unsolved,False,False,0.006415162002667785,,,,,0,0,1,19.06,,search space exhausted without finding a plan,2026-08-20T21:46:29+00:00,0.1.0,62459c293440,3.10.12,Linux 6.8.0-136-generic (x86_64),11th Gen Intel(R) Core(TM) i7-11850H @ 2.50GHz,16,wardn-thinkpad,"{""cuda-planning"": ""not-installed"", ""jupyddl"": ""2.3.0"", ""matplotlib"": ""3.10.9"", ""numpy"": ""2.2.6"", ""openplan-bench"": ""0.1.0"", ""pymapf"": ""0.8.0""}",2
classical-smoke,classical,jupyddl,vehicle/problem,vehicle,astar,lmcut,,,0,2,30.0,3072,unsolved,False,False,0.006469708001532126,,,,,0,0,1,19.06,,search space exhausted without finding a plan,2026-08-20T21:46:29+00:00,0.1.0,62459c293440,3.10.12,Linux 6.8.0-136-generic (x86_64),11th Gen Intel(R) Core(TM) i7-11850H @ 2.50GHz,16,wardn-thinkpad,"{""cuda-planning"": ""not-installed"", ""jupyddl"": ""2.3.0"", ""matplotlib"": ""3.10.9"", ""numpy"": ""2.2.6"", ""openplan-bench"": ""0.1.0"", ""pymapf"": ""0.8.0""}",2
classical-smoke,classical,jupyddl,vehicle/problem,vehicle,astar,hmax,,,0,0,30.0,3072,unsolved,False,False,0.0062689000042155385,,,,,0,0,1,19.06,,search space exhausted without finding a plan,2026-08-20T21:46:29+00:00,0.1.0,62459c293440,3.10.12,Linux 6.8.0-136-generic (x86_64),11th Gen Intel(R) Core(TM) i7-11850H @ 2.50GHz,16,wardn-thinkpad,"{""cuda-planning"": ""not-installed"", ""jupyddl"": ""2.3.0"", ""matplotlib"": ""3.10.9"", ""numpy"": ""2.2.6"", ""openplan-bench"": ""0.1.0"", ""pymapf"": ""0.8.0""}",2
classical-smoke,classical,jupyddl,vehicle/problem,vehicle,astar,hmax,,,0,1,30.0,3072,unsolved,False,False,0.0064829049952095374,,,,,0,0,1,19.06,,search space exhausted without finding a plan,2026-08-20T21:46:29+00:00,0.1.0,62459c293440,3.10.12,Linux 6.8.0-136-generic (x86_64),11th Gen Intel(R) Core(TM) i7-11850H @ 2.50GHz,16,wardn-thinkpad,"{""cuda-planning"": ""not-installed"", ""jupyddl"": ""2.3.0"", ""matplotlib"": ""3.10.9"", ""numpy"": ""2.2.6"", ""openplan-bench"": ""0.1.0"", ""pymapf"": ""0.8.0""}",2
classical-smoke,classical,jupyddl,vehicle/problem,vehicle,astar,hmax,,,0,2,30.0,3072,unsolved,False,False,0.006324836002022494,,,,,0,0,1,19.06,,search space exhausted without finding a plan,2026-08-20T21:46:29+00:00,0.1.0,62459c293440,3.10.12,Linux 6.8.0-136-generic (x86_64),11th Gen Intel(R) Core(TM) i7-11850H @ 2.50GHz,16,wardn-thinkpad,"{""cuda-planning"": ""not-installed"", ""jupyddl"": ""2.3.0"", ""matplotlib"": ""3.10.9"", ""numpy"": ""2.2.6"", ""openplan-bench"": ""0.1.0"", ""pymapf"": ""0.8.0""}",2
classical-smoke,classical,jupyddl,miconic/s1-0,miconic,bfs,,,,0,0,30.0,3072,solved,True,True,0.0010202550038229674,4,4,,,4,6,0,19.06,,,2026-08-20T21:46:29+00:00,0.1.0,62459c293440,3.10.12,Linux 6.8.0-136-generic (x86_64),11th Gen Intel(R) Core(TM) i7-11850H @ 2.50GHz,16,wardn-thinkpad,"{""cuda-planning"": ""not-installed"", ""jupyddl"": ""2.3.0"", ""matplotlib"": ""3.10.9"", ""numpy"": ""2.2.6"", ""openplan-bench"": ""0.1.0"", ""pymapf"": ""0.8.0""}",2
classical-smoke,classical,jupyddl,miconic/s1-0,miconic,bfs,,,,0,1,30.0,3072,solved,True,True,0.0009940730014932342,4,4,,,4,6,0,19.06,,,2026-08-20T21:46:29+00:00,0.1.0,62459c293440,3.10.12,Linux 6.8.0-136-generic (x86_64),11th Gen Intel(R) Core(TM) i7-11850H @ 2.50GHz,16,wardn-thinkpad,"{""cuda-planning"": ""not-installed"", ""jupyddl"": ""2.3.0"", ""matplotlib"": ""3.10.9"", ""numpy"": ""2.2.6"", ""openplan-bench"": ""0.1.0"", ""pymapf"": ""0.8.0""}",2
classical-smoke,classical,jupyddl,miconic/s1-0,miconic,bfs,,,,0,2,30.0,3072,solved,True,True,0.0009967900041374378,4,4,,,4,6,0,19.06,,,2026-08-20T21:46:29+00:00,0.1.0,62459c293440,3.10.12,Linux 6.8.0-136-generic (x86_64),11th Gen Intel(R) Core(TM) i7-11850H @ 2.50GHz,16,wardn-thinkpad,"{""cuda-planning"": ""not-installed"", ""jupyddl"": ""2.3.0"", ""matplotlib"": ""3.10.9"", ""numpy"": ""2.2.6"", ""openplan-bench"": ""0.1.0"", ""pymapf"": ""0.8.0""}",2
classical-smoke,classical,jupyddl,miconic/s1-0,miconic,dijkstra,,,,0,0,30.0,3072,solved,True,True,0.0010532170053920709,4,4,,,4,7,0,19.06,,,2026-08-20T21:46:29+00:00,0.1.0,62459c293440,3.10.12,Linux 6.8.0-136-generic (x86_64),11th Gen Intel(R) Core(TM) i7-11850H @ 2.50GHz,16,wardn-thinkpad,"{""cuda-planning"": ""not-installed"", ""jupyddl"": ""2.3.0"", ""matplotlib"": ""3.10.9"", ""numpy"": ""2.2.6"", ""openplan-bench"": ""0.1.0"", ""pymapf"": ""0.8.0""}",2
classical-smoke,classical,jupyddl,miconic/s1-0,miconic,dijkstra,,,,0,1,30.0,3072,solved,True,True,0.0010225360019830987,4,4,,,4,7,0,19.06,,,2026-08-20T21:46:29+00:00,0.1.0,62459c293440,3.10.12,Linux 6.8.0-136-generic (x86_64),11th Gen Intel(R) Core(TM) i7-11850H @ 2.50GHz,16,wardn-thinkpad,"{""cuda-planning"": ""not-installed"", ""jupyddl"": ""2.3.0"", ""matplotlib"": ""3.10.9"", ""numpy"": ""2.2.6"", ""openplan-bench"": ""0.1.0"", ""pymapf"": ""0.8.0""}",2
classical-smoke,classical,jupyddl,miconic/s1-0,miconic,dijkstra,,,,0,2,30.0,3072,solved,True,True,0.0009962939948309213,4,4,,,4,7,0,19.06,,,2026-08-20T21:46:29+00:00,0.1.0,62459c293440,3.10.12,Linux 6.8.0-136-generic (x86_64),11th Gen Intel(R) Core(TM) i7-11850H @ 2.50GHz,16,wardn-thinkpad,"{""cuda-planning"": ""not-installed"", ""jupyddl"": ""2.3.0"", ""matplotlib"": ""3.10.9"", ""numpy"": ""2.2.6"", ""openplan-bench"": ""0.1.0"", ""pymapf"": ""0.8.0""}",2
classical-smoke,classical,jupyddl,miconic/s1-0,miconic,gbfs,hff,,,0,0,30.0,3072,solved,True,True,0.0010784850019263104,4,4,,,4,7,5,19.06,,,2026-08-20T21:46:29+00:00,0.1.0,62459c293440,3.10.12,Linux 6.8.0-136-generic (x86_64),11th Gen Intel(R) Core(TM) i7-11850H @ 2.50GHz,16,wardn-thinkpad,"{""cuda-planning"": ""not-installed"", ""jupyddl"": ""2.3.0"", ""matplotlib"": ""3.10.9"", ""numpy"": ""2.2.6"", ""openplan-bench"": ""0.1.0"", ""pymapf"": ""0.8.0""}",2
classical-smoke,classical,jupyddl,miconic/s1-0,miconic,gbfs,hff,,,0,1,30.0,3072,solved,True,True,0.0011293799980194308,4,4,,,4,7,5,19.06,,,2026-08-20T21:46:29+00:00,0.1.0,62459c293440,3.10.12,Linux 6.8.0-136-generic (x86_64),11th Gen Intel(R) Core(TM) i7-11850H @ 2.50GHz,16,wardn-thinkpad,"{""cuda-planning"": ""not-installed"", ""jupyddl"": ""2.3.0"", ""matplotlib"": ""3.10.9"", ""numpy"": ""2.2.6"", ""openplan-bench"": ""0.1.0"", ""pymapf"": ""0.8.0""}",2
classical-smoke,classical,jupyddl,miconic/s1-0,miconic,gbfs,hff,,,0,2,30.0,3072,solved,True,True,0.0010933380035567097,4,4,,,4,7,5,19.06,,,2026-08-20T21:46:29+00:00,0.1.0,62459c293440,3.10.12,Linux 6.8.0-136-generic (x86_64),11th Gen Intel(R) Core(TM) i7-11850H @ 2.50GHz,16,wardn-thinkpad,"{""cuda-planning"": ""not-installed"", ""jupyddl"": ""2.3.0"", ""matplotlib"": ""3.10.9"", ""numpy"": ""2.2.6"", ""openplan-bench"": ""0.1.0"", ""pymapf"": ""0.8.0""}",2
classical-smoke,classical,jupyddl,miconic/s1-0,miconic,gbfs,hadd,,,0,0,30.0,3072,solved,True,True,0.0010714809977798723,4,4,,,4,7,5,19.06,,,2026-08-20T21:46:29+00:00,0.1.0,62459c293440,3.10.12,Linux 6.8.0-136-generic (x86_64),11th Gen Intel(R) Core(TM) i7-11850H @ 2.50GHz,16,wardn-thinkpad,"{""cuda-planning"": ""not-installed"", ""jupyddl"": ""2.3.0"", ""matplotlib"": ""3.10.9"", ""numpy"": ""2.2.6"", ""openplan-bench"": ""0.1.0"", ""pymapf"": ""0.8.0""}",2
classical-smoke,classical,jupyddl,miconic/s1-0,miconic,gbfs,hadd,,,0,1,30.0,3072,solved,True,True,0.0010498099945834838,4,4,,,4,7,5,19.06,,,2026-08-20T21:46:29+00:00,0.1.0,62459c293440,3.10.12,Linux 6.8.0-136-generic (x86_64),11th Gen Intel(R) Core(TM) i7-11850H @ 2.50GHz,16,wardn-thinkpad,"{""cuda-planning"": ""not-installed"", ""jupyddl"": ""2.3.0"", ""matplotlib"": ""3.10.9"", ""numpy"": ""2.2.6"", ""openplan-bench"": ""0.1.0"", ""pymapf"": ""0.8.0""}",2
classical-smoke,classical,jupyddl,miconic/s1-0,miconic,gbfs,hadd,,,0,2,30.0,3072,solved,True,True,0.0010621670007822104,4,4,,,4,7,5,19.06,,,2026-08-20T21:46:29+00:00,0.1.0,62459c293440,3.10.12,Linux 6.8.0-136-generic (x86_64),11th Gen Intel(R) Core(TM) i7-11850H @ 2.50GHz,16,wardn-thinkpad,"{""cuda-planning"": ""not-installed"", ""jupyddl"": ""2.3.0"", ""matplotlib"": ""3.10.9"", ""numpy"": ""2.2.6"", ""openplan-bench"": ""0.1.0"", ""pymapf"": ""0.8.0""}",2
classical-smoke,classical,jupyddl,miconic/s1-0,miconic,astar,lmcut,,,0,0,30.0,3072,solved,True,True,0.0011758470063796267,4,4,,,4,7,5,19.06,,,2026-08-20T21:46:29+00:00,0.1.0,62459c293440,3.10.12,Linux 6.8.0-136-generic (x86_64),11th Gen Intel(R) Core(TM) i7-11850H @ 2.50GHz,16,wardn-thinkpad,"{""cuda-planning"": ""not-installed"", ""jupyddl"": ""2.3.0"", ""matplotlib"": ""3.10.9"", ""numpy"": ""2.2.6"", ""openplan-bench"": ""0.1.0"", ""pymapf"": ""0.8.0""}",2
classical-smoke,classical,jupyddl,miconic/s1-0,miconic,astar,lmcut,,,0,1,30.0,3072,solved,True,True,0.0011953040011576377,4,4,,,4,7,5,19.06,,,2026-08-20T21:46:29+00:00,0.1.0,62459c293440,3.10.12,Linux 6.8.0-136-generic (x86_64),11th Gen Intel(R) Core(TM) i7-11850H @ 2.50GHz,16,wardn-thinkpad,"{""cuda-planning"": ""not-installed"", ""jupyddl"": ""2.3.0"", ""matplotlib"": ""3.10.9"", ""numpy"": ""2.2.6"", ""openplan-bench"": ""0.1.0"", ""pymapf"": ""0.8.0""}",2
classical-smoke,classical,jupyddl,miconic/s1-0,miconic,astar,lmcut,,,0,2,30.0,3072,solved,True,True,0.0011748929973691702,4,4,,,4,7,5,19.06,,,2026-08-20T21:46:29+00:00,0.1.0,62459c293440,3.10.12,Linux 6.8.0-136-generic (x86_64),11th Gen Intel(R) Core(TM) i7-11850H @ 2.50GHz,16,wardn-thinkpad,"{""cuda-planning"": ""not-installed"", ""jupyddl"": ""2.3.0"", ""matplotlib"": ""3.10.9"", ""numpy"": ""2.2.6"", ""openplan-bench"": ""0.1.0"", ""pymapf"": ""0.8.0""}",2
classical-smoke,classical,jupyddl,miconic/s1-0,miconic,astar,hmax,,,0,0,30.0,3072,solved,True,True,0.001049402002536226,4,4,,,4,7,5,19.06,,,2026-08-20T21:46:29+00:00,0.1.0,62459c293440,3.10.12,Linux 6.8.0-136-generic (x86_64),11th Gen Intel(R) Core(TM) i7-11850H @ 2.50GHz,16,wardn-thinkpad,"{""cuda-planning"": ""not-installed"", ""jupyddl"": ""2.3.0"", ""matplotlib"": ""3.10.9"", ""numpy"": ""2.2.6"", ""openplan-bench"": ""0.1.0"", ""pymapf"": ""0.8.0""}",2
classical-smoke,classical,jupyddl,miconic/s1-0,miconic,astar,hmax,,,0,1,30.0,3072,solved,True,True,0.0010778949945233762,4,4,,,4,7,5,19.06,,,2026-08-20T21:46:29+00:00,0.1.0,62459c293440,3.10.12,Linux 6.8.0-136-generic (x86_64),11th Gen Intel(R) Core(TM) i7-11850H @ 2.50GHz,16,wardn-thinkpad,"{""cuda-planning"": ""not-installed"", ""jupyddl"": ""2.3.0"", ""matplotlib"": ""3.10.9"", ""numpy"": ""2.2.6"", ""openplan-bench"": ""0.1.0"", ""pymapf"": ""0.8.0""}",2
classical-smoke,classical,jupyddl,miconic/s1-0,miconic,astar,hmax,,,0,2,30.0,3072,solved,True,True,0.001111751000280492,4,4,,,4,7,5,19.06,,,2026-08-20T21:46:29+00:00,0.1.0,62459c293440,3.10.12,Linux 6.8.0-136-generic (x86_64),11th Gen Intel(R) Core(TM) i7-11850H @ 2.50GHz,16,wardn-thinkpad,"{""cuda-planning"": ""not-installed"", ""jupyddl"": ""2.3.0"", ""matplotlib"": ""3.10.9"", ""numpy"": ""2.2.6"", ""openplan-bench"": ""0.1.0"", ""pymapf"": ""0.8.0""}",2
classical-smoke,classical,jupyddl,miconic/s1-1,miconic,bfs,,,,0,0,30.0,3072,solved,True,True,0.0010156949938391335,3,3,,,4,6,0,19.06,,,2026-08-20T21:46:29+00:00,0.1.0,62459c293440,3.10.12,Linux 6.8.0-136-generic (x86_64),11th Gen Intel(R) Core(TM) i7-11850H @ 2.50GHz,16,wardn-thinkpad,"{""cuda-planning"": ""not-installed"", ""jupyddl"": ""2.3.0"", ""matplotlib"": ""3.10.9"", ""numpy"": ""2.2.6"", ""openplan-bench"": ""0.1.0"", ""pymapf"": ""0.8.0""}",2
classical-smoke,classical,jupyddl,miconic/s1-1,miconic,bfs,,,,0,1,30.0,3072,solved,True,True,0.0010394349956186488,3,3,,,4,6,0,19.06,,,2026-08-20T21:46:29+00:00,0.1.0,62459c293440,3.10.12,Linux 6.8.0-136-generic (x86_64),11th Gen Intel(R) Core(TM) i7-11850H @ 2.50GHz,16,wardn-thinkpad,"{""cuda-planning"": ""not-installed"", ""jupyddl"": ""2.3.0"", ""matplotlib"": ""3.10.9"", ""numpy"": ""2.2.6"", ""openplan-bench"": ""0.1.0"", ""pymapf"": ""0.8.0""}",2
classical-smoke,classical,jupyddl,miconic/s1-1,miconic,bfs,,,,0,2,30.0,3072,solved,True,True,0.0009898920034174807,3,3,,,4,6,0,19.06,,,2026-08-20T21:46:29+00:00,0.1.0,62459c293440,3.10.12,Linux 6.8.0-136-generic (x86_64),11th Gen Intel(R) Core(TM) i7-11850H @ 2.50GHz,16,wardn-thinkpad,"{""cuda-planning"": ""not-installed"", ""jupyddl"": ""2.3.0"", ""matplotlib"": ""3.10.9"", ""numpy"": ""2.2.6"", ""openplan-bench"": ""0.1.0"", ""pymapf"": ""0.8.0""}",2
classical-smoke,classical,jupyddl,miconic/s1-1,miconic,dijkstra,,,,0,0,30.0,3072,solved,True,True,0.0009950870007742196,3,3,,,4,7,0,19.06,,,2026-08-20T21:46:29+00:00,0.1.0,62459c293440,3.10.12,Linux 6.8.0-136-generic (x86_64),11th Gen Intel(R) Core(TM) i7-11850H @ 2.50GHz,16,wardn-thinkpad,"{""cuda-planning"": ""not-installed"", ""jupyddl"": ""2.3.0"", ""matplotlib"": ""3.10.9"", ""numpy"": ""2.2.6"", ""openplan-bench"": ""0.1.0"", ""pymapf"": ""0.8.0""}",2
classical-smoke,classical,jupyddl,miconic/s1-1,miconic,dijkstra,,,,0,1,30.0,3072,solved,True,True,0.001019639996229671,3,3,,,4,7,0,19.06,,,2026-08-20T21:46:29+00:00,0.1.0,62459c293440,3.10.12,Linux 6.8.0-136-generic (x86_64),11th Gen Intel(R) Core(TM) i7-11850H @ 2.50GHz,16,wardn-thinkpad,"{""cuda-planning"": ""not-installed"", ""jupyddl"": ""2.3.0"", ""matplotlib"": ""3.10.9"", ""numpy"": ""2.2.6"", ""openplan-bench"": ""0.1.0"", ""pymapf"": ""0.8.0""}",2
classical-smoke,classical,jupyddl,miconic/s1-1,miconic,dijkstra,,,,0,2,30.0,3072,solved,True,True,0.000966250998317264,3,3,,,4,7,0,19.06,,,2026-08-20T21:46:29+00:00,0.1.0,62459c293440,3.10.12,Linux 6.8.0-136-generic (x86_64),11th Gen Intel(R) Core(TM) i7-11850H @ 2.50GHz,16,wardn-thinkpad,"{""cuda-planning"": ""not-installed"", ""jupyddl"": ""2.3.0"", ""matplotlib"": ""3.10.9"", ""numpy"": ""2.2.6"", ""openplan-bench"": ""0.1.0"", ""pymapf"": ""0.8.0""}",2
classical-smoke,classical,jupyddl,miconic/s1-1,miconic,gbfs,hff,,,0,0,30.0,3072,solved,True,True,0.0011000090016750619,3,3,,,3,6,5,19.06,,,2026-08-20T21:46:29+00:00,0.1.0,62459c293440,3.10.12,Linux 6.8.0-136-generic (x86_64),11th Gen Intel(R) Core(TM) i7-11850H @ 2.50GHz,16,wardn-thinkpad,"{""cuda-planning"": ""not-installed"", ""jupyddl"": ""2.3.0"", ""matplotlib"": ""3.10.9"", ""numpy"": ""2.2.6"", ""openplan-bench"": ""0.1.0"", ""pymapf"": ""0.8.0""}",2
classical-smoke,classical,jupyddl,miconic/s1-1,miconic,gbfs,hff,,,0,1,30.0,3072,solved,True,True,0.0010722980005084537,3,3,,,3,6,5,19.06,,,2026-08-20T21:46:29+00:00,0.1.0,62459c293440,3.10.12,Linux 6.8.0-136-generic (x86_64),11th Gen Intel(R) Core(TM) i7-11850H @ 2.50GHz,16,wardn-thinkpad,"{""cuda-planning"": ""not-installed"", ""jupyddl"": ""2.3.0"", ""matplotlib"": ""3.10.9"", ""numpy"": ""2.2.6"", ""openplan-bench"": ""0.1.0"", ""pymapf"": ""0.8.0""}",2
classical-smoke,classical,jupyddl,miconic/s1-1,miconic,gbfs,hff,,,0,2,30.0,3072,solved,True,True,0.0010769679938675836,3,3,,,3,6,5,19.06,,,2026-08-20T21:46:29+00:00,0.1.0,62459c293440,3.10.12,Linux 6.8.0-136-generic (x86_64),11th Gen Intel(R) Core(TM) i7-11850H @ 2.50GHz,16,wardn-thinkpad,"{""cuda-planning"": ""not-installed"", ""jupyddl"": ""2.3.0"", ""matplotlib"": ""3.10.9"", ""numpy"": ""2.2.6"", ""openplan-bench"": ""0.1.0"", ""pymapf"": ""0.8.0""}",2
classical-smoke,classical,jupyddl,miconic/s1-1,miconic,gbfs,hadd,,,0,0,30.0,3072,solved,True,True,0.0010830100000021048,3,3,,,3,6,5,19.06,,,2026-08-20T21:46:29+00:00,0.1.0,62459c293440,3.10.12,Linux 6.8.0-136-generic (x86_64),11th Gen Intel(R) Core(TM) i7-11850H @ 2.50GHz,16,wardn-thinkpad,"{""cuda-planning"": ""not-installed"", ""jupyddl"": ""2.3.0"", ""matplotlib"": ""3.10.9"", ""numpy"": ""2.2.6"", ""openplan-bench"": ""0.1.0"", ""pymapf"": ""0.8.0""}",2
classical-smoke,classical,jupyddl,miconic/s1-1,miconic,gbfs,hadd,,,0,1,30.0,3072,solved,True,True,0.0010796759961522184,3,3,,,3,6,5,19.06,,,2026-08-20T21:46:29+00:00,0.1.0,62459c293440,3.10.12,Linux 6.8.0-136-generic (x86_64),11th Gen Intel(R) Core(TM) i7-11850H @ 2.50GHz,16,wardn-thinkpad,"{""cuda-planning"": ""not-installed"", ""jupyddl"": ""2.3.0"", ""matplotlib"": ""3.10.9"", ""numpy"": ""2.2.6"", ""openplan-bench"": ""0.1.0"", ""pymapf"": ""0.8.0""}",2
classical-smoke,classical,jupyddl,miconic/s1-1,miconic,gbfs,hadd,,,0,2,30.0,3072,solved,True,True,0.0010427219967823476,3,3,,,3,6,5,19.06,,,2026-08-20T21:46:29+00:00,0.1.0,62459c293440,3.10.12,Linux 6.8.0-136-generic (x86_64),11th Gen Intel(R) Core(TM) i7-11850H @ 2.50GHz,16,wardn-thinkpad,"{""cuda-planning"": ""not-installed"", ""jupyddl"": ""2.3.0"", ""matplotlib"": ""3.10.9"", ""numpy"": ""2.2.6"", ""openplan-bench"": ""0.1.0"", ""pymapf"": ""0.8.0""}",2
classical-smoke,classical,jupyddl,miconic/s1-1,miconic,astar,lmcut,,,0,0,30.0,3072,solved,True,True,0.0011783859954448417,3,3,,,3,6,5,19.06,,,2026-08-20T21:46:29+00:00,0.1.0,62459c293440,3.10.12,Linux 6.8.0-136-generic (x86_64),11th Gen Intel(R) Core(TM) i7-11850H @ 2.50GHz,16,wardn-thinkpad,"{""cuda-planning"": ""not-installed"", ""jupyddl"": ""2.3.0"", ""matplotlib"": ""3.10.9"", ""numpy"": ""2.2.6"", ""openplan-bench"": ""0.1.0"", ""pymapf"": ""0.8.0""}",2
classical-smoke,classical,jupyddl,miconic/s1-1,miconic,astar,lmcut,,,0,1,30.0,3072,solved,True,True,0.001183481996122282,3,3,,,3,6,5,19.06,,,2026-08-20T21:46:29+00:00,0.1.0,62459c293440,3.10.12,Linux 6.8.0-136-generic (x86_64),11th Gen Intel(R) Core(TM) i7-11850H @ 2.50GHz,16,wardn-thinkpad,"{""cuda-planning"": ""not-installed"", ""jupyddl"": ""2.3.0"", ""matplotlib"": ""3.10.9"", ""numpy"": ""2.2.6"", ""openplan-bench"": ""0.1.0"", ""pymapf"": ""0.8.0""}",2
classical-smoke,classical,jupyddl,miconic/s1-1,miconic,astar,lmcut,,,0,2,30.0,3072,solved,True,True,0.0012852619984187186,3,3,,,3,6,5,19.06,,,2026-08-20T21:46:29+00:00,0.1.0,62459c293440,3.10.12,Linux 6.8.0-136-generic (x86_64),11th Gen Intel(R) Core(TM) i7-11850H @ 2.50GHz,16,wardn-thinkpad,"{""cuda-planning"": ""not-installed"", ""jupyddl"": ""2.3.0"", ""matplotlib"": ""3.10.9"", ""numpy"": ""2.2.6"", ""openplan-bench"": ""0.1.0"", ""pymapf"": ""0.8.0""}",2
classical-smoke,classical,jupyddl,miconic/s1-1,miconic,astar,hmax,,,0,0,30.0,3072,solved,True,True,0.0010770489971037023,3,3,,,3,6,5,19.06,,,2026-08-20T21:46:29+00:00,0.1.0,62459c293440,3.10.12,Linux 6.8.0-136-generic (x86_64),11th Gen Intel(R) Core(TM) i7-11850H @ 2.50GHz,16,wardn-thinkpad,"{""cuda-planning"": ""not-installed"", ""jupyddl"": ""2.3.0"", ""matplotlib"": ""3.10.9"", ""numpy"": ""2.2.6"", ""openplan-bench"": ""0.1.0"", ""pymapf"": ""0.8.0""}",2
classical-smoke,classical,jupyddl,miconic/s1-1,miconic,astar,hmax,,,0,1,30.0,3072,solved,True,True,0.0011061359982704744,3,3,,,3,6,5,19.06,,,2026-08-20T21:46:29+00:00,0.1.0,62459c293440,3.10.12,Linux 6.8.0-136-generic (x86_64),11th Gen Intel(R) Core(TM) i7-11850H @ 2.50GHz,16,wardn-thinkpad,"{""cuda-planning"": ""not-installed"", ""jupyddl"": ""2.3.0"", ""matplotlib"": ""3.10.9"", ""numpy"": ""2.2.6"", ""openplan-bench"": ""0.1.0"", ""pymapf"": ""0.8.0""}",2
classical-smoke,classical,jupyddl,miconic/s1-1,miconic,astar,hmax,,,0,2,30.0,3072,solved,True,True,0.0010632170015014708,3,3,,,3,6,5,19.06,,,2026-08-20T21:46:29+00:00,0.1.0,62459c293440,3.10.12,Linux 6.8.0-136-generic (x86_64),11th Gen Intel(R) Core(TM) i7-11850H @ 2.50GHz,16,wardn-thinkpad,"{""cuda-planning"": ""not-installed"", ""jupyddl"": ""2.3.0"", ""matplotlib"": ""3.10.9"", ""numpy"": ""2.2.6"", ""openplan-bench"": ""0.1.0"", ""pymapf"": ""0.8.0""}",2
classical-smoke,classical,jupyddl,miconic/s1-2,miconic,bfs,,,,0,0,30.0,3072,solved,True,True,0.0010237039969069883,4,4,,,4,6,0,19.06,,,2026-08-20T21:46:29+00:00,0.1.0,62459c293440,3.10.12,Linux 6.8.0-136-generic (x86_64),11th Gen Intel(R) Core(TM) i7-11850H @ 2.50GHz,16,wardn-thinkpad,"{""cuda-planning"": ""not-installed"", ""jupyddl"": ""2.3.0"", ""matplotlib"": ""3.10.9"", ""numpy"": ""2.2.6"", ""openplan-bench"": ""0.1.0"", ""pymapf"": ""0.8.0""}",2
classical-smoke,classical,jupyddl,miconic/s1-2,miconic,bfs,,,,0,1,30.0,3072,solved,True,True,0.0010129290021723136,4,4,,,4,6,0,19.06,,,2026-08-20T21:46:29+00:00,0.1.0,62459c293440,3.10.12,Linux 6.8.0-136-generic (x86_64),11th Gen Intel(R) Core(TM) i7-11850H @ 2.50GHz,16,wardn-thinkpad,"{""cuda-planning"": ""not-installed"", ""jupyddl"": ""2.3.0"", ""matplotlib"": ""3.10.9"", ""numpy"": ""2.2.6"", ""openplan-bench"": ""0.1.0"", ""pymapf"": ""0.8.0""}",2
classical-smoke,classical,jupyddl,miconic/s1-2,miconic,bfs,,,,0,2,30.0,3072,solved,True,True,0.001014444998872932,4,4,,,4,6,0,19.06,,,2026-08-20T21:46:29+00:00,0.1.0,62459c293440,3.10.12,Linux 6.8.0-136-generic (x86_64),11th Gen Intel(R) Core(TM) i7-11850H @ 2.50GHz,16,wardn-thinkpad,"{""cuda-planning"": ""not-installed"", ""jupyddl"": ""2.3.0"", ""matplotlib"": ""3.10.9"", ""numpy"": ""2.2.6"", ""openplan-bench"": ""0.1.0"", ""pymapf"": ""0.8.0""}",2
classical-smoke,classical,jupyddl,miconic/s1-2,miconic,dijkstra,,,,0,0,30.0,3072,solved,True,True,0.0009958740047295578,4,4,,,4,7,0,19.06,,,2026-08-20T21:46:29+00:00,0.1.0,62459c293440,3.10.12,Linux 6.8.0-136-generic (x86_64),11th Gen Intel(R) Core(TM) i7-11850H @ 2.50GHz,16,wardn-thinkpad,"{""cuda-planning"": ""not-installed"", ""jupyddl"": ""2.3.0"", ""matplotlib"": ""3.10.9"", ""numpy"": ""2.2.6"", ""openplan-bench"": ""0.1.0"", ""pymapf"": ""0.8.0""}",2
classical-smoke,classical,jupyddl,miconic/s1-2,miconic,dijkstra,,,,0,1,30.0,3072,solved,True,True,0.0010186930012423545,4,4,,,4,7,0,19.06,,,2026-08-20T21:46:29+00:00,0.1.0,62459c293440,3.10.12,Linux 6.8.0-136-generic (x86_64),11th Gen Intel(R) Core(TM) i7-11850H @ 2.50GHz,16,wardn-thinkpad,"{""cuda-planning"": ""not-installed"", ""jupyddl"": ""2.3.0"", ""matplotlib"": ""3.10.9"", ""numpy"": ""2.2.6"", ""openplan-bench"": ""0.1.0"", ""pymapf"": ""0.8.0""}",2
classical-smoke,classical,jupyddl,miconic/s1-2,miconic,dijkstra,,,,0,2,30.0,3072,solved,True,True,0.0010208750027231872,4,4,,,4,7,0,19.06,,,2026-08-20T21:46:29+00:00,0.1.0,62459c293440,3.10.12,Linux 6.8.0-136-generic (x86_64),11th Gen Intel(R) Core(TM) i7-11850H @ 2.50GHz,16,wardn-thinkpad,"{""cuda-planning"": ""not-installed"", ""jupyddl"": ""2.3.0"", ""matplotlib"": ""3.10.9"", ""numpy"": ""2.2.6"", ""openplan-bench"": ""0.1.0"", ""pymapf"": ""0.8.0""}",2
classical-smoke,classical,jupyddl,miconic/s1-2,miconic,gbfs,hff,,,0,0,30.0,3072,solved,True,True,0.001078809997125063,4,4,,,4,7,5,19.06,,,2026-08-20T21:46:29+00:00,0.1.0,62459c293440,3.10.12,Linux 6.8.0-136-generic (x86_64),11th Gen Intel(R) Core(TM) i7-11850H @ 2.50GHz,16,wardn-thinkpad,"{""cuda-planning"": ""not-installed"", ""jupyddl"": ""2.3.0"", ""matplotlib"": ""3.10.9"", ""numpy"": ""2.2.6"", ""openplan-bench"": ""0.1.0"", ""pymapf"": ""0.8.0""}",2
classical-smoke,classical,jupyddl,miconic/s1-2,miconic,gbfs,hff,,,0,1,30.0,3072,solved,True,True,0.0010608850061544217,4,4,,,4,7,5,19.06,,,2026-08-20T21:46:29+00:00,0.1.0,62459c293440,3.10.12,Linux 6.8.0-136-generic (x86_64),11th Gen Intel(R) Core(TM) i7-11850H @ 2.50GHz,16,wardn-thinkpad,"{""cuda-planning"": ""not-installed"", ""jupyddl"": ""2.3.0"", ""matplotlib"": ""3.10.9"", ""numpy"": ""2.2.6"", ""openplan-bench"": ""0.1.0"", ""pymapf"": ""0.8.0""}",2
classical-smoke,classical,jupyddl,miconic/s1-2,miconic,gbfs,hff,,,0,2,30.0,3072,solved,True,True,0.0010439200050313957,4,4,,,4,7,5,19.06,,,2026-08-20T21:46:29+00:00,0.1.0,62459c293440,3.10.12,Linux 6.8.0-136-generic (x86_64),11th Gen Intel(R) Core(TM) i7-11850H @ 2.50GHz,16,wardn-thinkpad,"{""cuda-planning"": ""not-installed"", ""jupyddl"": ""2.3.0"", ""matplotlib"": ""3.10.9"", ""numpy"": ""2.2.6"", ""openplan-bench"": ""0.1.0"", ""pymapf"": ""0.8.0""}",2
classical-smoke,classical,jupyddl,miconic/s1-2,miconic,gbfs,hadd,,,0,0,30.0,3072,solved,True,True,0.0010853850035346113,4,4,,,4,7,5,19.06,,,2026-08-20T21:46:29+00:00,0.1.0,62459c293440,3.10.12,Linux 6.8.0-136-generic (x86_64),11th Gen Intel(R) Core(TM) i7-11850H @ 2.50GHz,16,wardn-thinkpad,"{""cuda-planning"": ""not-installed"", ""jupyddl"": ""2.3.0"", ""matplotlib"": ""3.10.9"", ""numpy"": ""2.2.6"", ""openplan-bench"": ""0.1.0"", ""pymapf"": ""0.8.0""}",2
classical-smoke,classical,jupyddl,miconic/s1-2,miconic,gbfs,hadd,,,0,1,30.0,3072,solved,True,True,0.00112540100235492,4,4,,,4,7,5,19.06,,,2026-08-20T21:46:29+00:00,0.1.0,62459c293440,3.10.12,Linux 6.8.0-136-generic (x86_64),11th Gen Intel(R) Core(TM) i7-11850H @ 2.50GHz,16,wardn-thinkpad,"{""cuda-planning"": ""not-installed"", ""jupyddl"": ""2.3.0"", ""matplotlib"": ""3.10.9"", ""numpy"": ""2.2.6"", ""openplan-bench"": ""0.1.0"", ""pymapf"": ""0.8.0""}",2
classical-smoke,classical,jupyddl,miconic/s1-2,miconic,gbfs,hadd,,,0,2,30.0,3072,solved,True,True,0.0012089429947081953,4,4,,,4,7,5,19.06,,,2026-08-20T21:46:29+00:00,0.1.0,62459c293440,3.10.12,Linux 6.8.0-136-generic (x86_64),11th Gen Intel(R) Core(TM) i7-11850H @ 2.50GHz,16,wardn-thinkpad,"{""cuda-planning"": ""not-installed"", ""jupyddl"": ""2.3.0"", ""matplotlib"": ""3.10.9"", ""numpy"": ""2.2.6"", ""openplan-bench"": ""0.1.0"", ""pymapf"": ""0.8.0""}",2
classical-smoke,classical,jupyddl,miconic/s1-2,miconic,astar,lmcut,,,0,0,30.0,3072,solved,True,True,0.0012292129977140576,4,4,,,4,7,5,19.06,,,2026-08-20T21:46:29+00:00,0.1.0,62459c293440,3.10.12,Linux 6.8.0-136-generic (x86_64),11th Gen Intel(R) Core(TM) i7-11850H @ 2.50GHz,16,wardn-thinkpad,"{""cuda-planning"": ""not-installed"", ""jupyddl"": ""2.3.0"", ""matplotlib"": ""3.10.9"", ""numpy"": ""2.2.6"", ""openplan-bench"": ""0.1.0"", ""pymapf"": ""0.8.0""}",2
classical-smoke,classical,jupyddl,miconic/s1-2,miconic,astar,lmcut,,,0,1,30.0,3072,solved,True,True,0.0012463720049709082,4,4,,,4,7,5,19.06,,,2026-08-20T21:46:29+00:00,0.1.0,62459c293440,3.10.12,Linux 6.8.0-136-generic (x86_64),11th Gen Intel(R) Core(TM) i7-11850H @ 2.50GHz,16,wardn-thinkpad,"{""cuda-planning"": ""not-installed"", ""jupyddl"": ""2.3.0"", ""matplotlib"": ""3.10.9"", ""numpy"": ""2.2.6"", ""openplan-bench"": ""0.1.0"", ""pymapf"": ""0.8.0""}",2
classical-smoke,classical,jupyddl,miconic/s1-2,miconic,astar,lmcut,,,0,2,30.0,3072,solved,True,True,0.00113497200072743,4,4,,,4,7,5,19.06,,,2026-08-20T21:46:29+00:00,0.1.0,62459c293440,3.10.12,Linux 6.8.0-136-generic (x86_64),11th Gen Intel(R) Core(TM) i7-11850H @ 2.50GHz,16,wardn-thinkpad,"{""cuda-planning"": ""not-installed"", ""jupyddl"": ""2.3.0"", ""matplotlib"": ""3.10.9"", ""numpy"": ""2.2.6"", ""openplan-bench"": ""0.1.0"", ""pymapf"": ""0.8.0""}",2
classical-smoke,classical,jupyddl,miconic/s1-2,miconic,astar,hmax,,,0,0,30.0,3072,solved,True,True,0.0010710540009313263,4,4,,,4,7,5,19.06,,,2026-08-20T21:46:29+00:00,0.1.0,62459c293440,3.10.12,Linux 6.8.0-136-generic (x86_64),11th Gen Intel(R) Core(TM) i7-11850H @ 2.50GHz,16,wardn-thinkpad,"{""cuda-planning"": ""not-installed"", ""jupyddl"": ""2.3.0"", ""matplotlib"": ""3.10.9"", ""numpy"": ""2.2.6"", ""openplan-bench"": ""0.1.0"", ""pymapf"": ""0.8.0""}",2
classical-smoke,classical,jupyddl,miconic/s1-2,miconic,astar,hmax,,,0,1,30.0,3072,solved,True,True,0.001137952996941749,4,4,,,4,7,5,19.06,,,2026-08-20T21:46:29+00:00,0.1.0,62459c293440,3.10.12,Linux 6.8.0-136-generic (x86_64),11th Gen Intel(R) Core(TM) i7-11850H @ 2.50GHz,16,wardn-thinkpad,"{""cuda-planning"": ""not-installed"", ""jupyddl"": ""2.3.0"", ""matplotlib"": ""3.10.9"", ""numpy"": ""2.2.6"", ""openplan-bench"": ""0.1.0"", ""pymapf"": ""0.8.0""}",2
classical-smoke,classical,jupyddl,miconic/s1-2,miconic,astar,hmax,,,0,2,30.0,3072,solved,True,True,0.001099699002224952,4,4,,,4,7,5,19.06,,,2026-08-20T21:46:29+00:00,0.1.0,62459c293440,3.10.12,Linux 6.8.0-136-generic (x86_64),11th Gen Intel(R) Core(TM) i7-11850H @ 2.50GHz,16,wardn-thinkpad,"{""cuda-planning"": ""not-installed"", ""jupyddl"": ""2.3.0"", ""matplotlib"": ""3.10.9"", ""numpy"": ""2.2.6"", ""openplan-bench"": ""0.1.0"", ""pymapf"": ""0.8.0""}",2
classical-smoke,classical,jupyddl,miconic/s1-3,miconic,bfs,,,,0,0,30.0,3072,solved,True,True,0.0010593059996608645,4,4,,,4,6,0,19.06,,,2026-08-20T21:46:29+00:00,0.1.0,62459c293440,3.10.12,Linux 6.8.0-136-generic (x86_64),11th Gen Intel(R) Core(TM) i7-11850H @ 2.50GHz,16,wardn-thinkpad,"{""cuda-planning"": ""not-installed"", ""jupyddl"": ""2.3.0"", ""matplotlib"": ""3.10.9"", ""numpy"": ""2.2.6"", ""openplan-bench"": ""0.1.0"", ""pymapf"": ""0.8.0""}",2
classical-smoke,classical,jupyddl,miconic/s1-3,miconic,bfs,,,,0,1,30.0,3072,solved,True,True,0.001065422999090515,4,4,,,4,6,0,19.06,,,2026-08-20T21:46:29+00:00,0.1.0,62459c293440,3.10.12,Linux 6.8.0-136-generic (x86_64),11th Gen Intel(R) Core(TM) i7-11850H @ 2.50GHz,16,wardn-thinkpad,"{""cuda-planning"": ""not-installed"", ""jupyddl"": ""2.3.0"", ""matplotlib"": ""3.10.9"", ""numpy"": ""2.2.6"", ""openplan-bench"": ""0.1.0"", ""pymapf"": ""0.8.0""}",2
classical-smoke,classical,jupyddl,miconic/s1-3,miconic,bfs,,,,0,2,30.0,3072,solved,True,True,0.0010340520020690747,4,4,,,4,6,0,19.06,,,2026-08-20T21:46:29+00:00,0.1.0,62459c293440,3.10.12,Linux 6.8.0-136-generic (x86_64),11th Gen Intel(R) Core(TM) i7-11850H @ 2.50GHz,16,wardn-thinkpad,"{""cuda-planning"": ""not-installed"", ""jupyddl"": ""2.3.0"", ""matplotlib"": ""3.10.9"", ""numpy"": ""2.2.6"", ""openplan-bench"": ""0.1.0"", ""pymapf"": ""0.8.0""}",2
classical-smoke,classical,jupyddl,miconic/s1-3,miconic,dijkstra,,,,0,0,30.0,3072,solved,True,True,0.0010159480007132515,4,4,,,4,7,0,19.06,,,2026-08-20T21:46:29+00:00,0.1.0,62459c293440,3.10.12,Linux 6.8.0-136-generic (x86_64),11th Gen Intel(R) Core(TM) i7-11850H @ 2.50GHz,16,wardn-thinkpad,"{""cuda-planning"": ""not-installed"", ""jupyddl"": ""2.3.0"", ""matplotlib"": ""3.10.9"", ""numpy"": ""2.2.6"", ""openplan-bench"": ""0.1.0"", ""pymapf"": ""0.8.0""}",2
classical-smoke,classical,jupyddl,miconic/s1-3,miconic,dijkstra,,,,0,1,30.0,3072,solved,True,True,0.0010345100017730147,4,4,,,4,7,0,19.06,,,2026-08-20T21:46:29+00:00,0.1.0,62459c293440,3.10.12,Linux 6.8.0-136-generic (x86_64),11th Gen Intel(R) Core(TM) i7-11850H @ 2.50GHz,16,wardn-thinkpad,"{""cuda-planning"": ""not-installed"", ""jupyddl"": ""2.3.0"", ""matplotlib"": ""3.10.9"", ""numpy"": ""2.2.6"", ""openplan-bench"": ""0.1.0"", ""pymapf"": ""0.8.0""}",2
classical-smoke,classical,jupyddl,miconic/s1-3,miconic,dijkstra,,,,0,2,30.0,3072,solved,True,True,0.0009857830009423196,4,4,,,4,7,0,19.06,,,2026-08-20T21:46:29+00:00,0.1.0,62459c293440,3.10.12,Linux 6.8.0-136-generic (x86_64),11th Gen Intel(R) Core(TM) i7-11850H @ 2.50GHz,16,wardn-thinkpad,"{""cuda-planning"": ""not-installed"", ""jupyddl"": ""2.3.0"", ""matplotlib"": ""3.10.9"", ""numpy"": ""2.2.6"", ""openplan-bench"": ""0.1.0"", ""pymapf"": ""0.8.0""}",2
classical-smoke,classical,jupyddl,miconic/s1-3,miconic,gbfs,hff,,,0,0,30.0,3072,solved,True,True,0.001110175006033387,4,4,,,4,7,5,19.06,,,2026-08-20T21:46:29+00:00,0.1.0,62459c293440,3.10.12,Linux 6.8.0-136-generic (x86_64),11th Gen Intel(R) Core(TM) i7-11850H @ 2.50GHz,16,wardn-thinkpad,"{""cuda-planning"": ""not-installed"", ""jupyddl"": ""2.3.0"", ""matplotlib"": ""3.10.9"", ""numpy"": ""2.2.6"", ""openplan-bench"": ""0.1.0"", ""pymapf"": ""0.8.0""}",2
classical-smoke,classical,jupyddl,miconic/s1-3,miconic,gbfs,hff,,,0,1,30.0,3072,solved,True,True,0.0010935050013358705,4,4,,,4,7,5,19.06,,,2026-08-20T21:46:29+00:00,0.1.0,62459c293440,3.10.12,Linux 6.8.0-136-generic (x86_64),11th Gen Intel(R) Core(TM) i7-11850H @ 2.50GHz,16,wardn-thinkpad,"{""cuda-planning"": ""not-installed"", ""jupyddl"": ""2.3.0"", ""matplotlib"": ""3.10.9"", ""numpy"": ""2.2.6"", ""openplan-bench"": ""0.1.0"", ""pymapf"": ""0.8.0""}",2
classical-smoke,classical,jupyddl,miconic/s1-3,miconic,gbfs,hff,,,0,2,30.0,3072,solved,True,True,0.0010641410044627264,4,4,,,4,7,5,19.06,,,2026-08-20T21:46:29+00:00,0.1.0,62459c293440,3.10.12,Linux 6.8.0-136-generic (x86_64),11th Gen Intel(R) Core(TM) i7-11850H @ 2.50GHz,16,wardn-thinkpad,"{""cuda-planning"": ""not-installed"", ""jupyddl"": ""2.3.0"", ""matplotlib"": ""3.10.9"", ""numpy"": ""2.2.6"", ""openplan-bench"": ""0.1.0"", ""pymapf"": ""0.8.0""}",2
classical-smoke,classical,jupyddl,miconic/s1-3,miconic,gbfs,hadd,,,0,0,30.0,3072,solved,True,True,0.0010596749998512678,4,4,,,4,7,5,19.06,,,2026-08-20T21:46:29+00:00,0.1.0,62459c293440,3.10.12,Linux 6.8.0-136-generic (x86_64),11th Gen Intel(R) Core(TM) i7-11850H @ 2.50GHz,16,wardn-thinkpad,"{""cuda-planning"": ""not-installed"", ""jupyddl"": ""2.3.0"", ""matplotlib"": ""3.10.9"", ""numpy"": ""2.2.6"", ""openplan-bench"": ""0.1.0"", ""pymapf"": ""0.8.0""}",2
classical-smoke,classical,jupyddl,miconic/s1-3,miconic,gbfs,hadd,,,0,1,30.0,3072,solved,True,True,0.001078925997717306,4,4,,,4,7,5,19.06,,,2026-08-20T21:46:29+00:00,0.1.0,62459c293440,3.10.12,Linux 6.8.0-136-generic (x86_64),11th Gen Intel(R) Core(TM) i7-11850H @ 2.50GHz,16,wardn-thinkpad,"{""cuda-planning"": ""not-installed"", ""jupyddl"": ""2.3.0"", ""matplotlib"": ""3.10.9"", ""numpy"": ""2.2.6"", ""openplan-bench"": ""0.1.0"", ""pymapf"": ""0.8.0""}",2
classical-smoke,classical,jupyddl,miconic/s1-3,miconic,gbfs,hadd,,,0,2,30.0,3072,solved,True,True,0.0010605200004647486,4,4,,,4,7,5,19.06,,,2026-08-20T21:46:29+00:00,0.1.0,62459c293440,3.10.12,Linux 6.8.0-136-generic (x86_64),11th Gen Intel(R) Core(TM) i7-11850H @ 2.50GHz,16,wardn-thinkpad,"{""cuda-planning"": ""not-installed"", ""jupyddl"": ""2.3.0"", ""matplotlib"": ""3.10.9"", ""numpy"": ""2.2.6"", ""openplan-bench"": ""0.1.0"", ""pymapf"": ""0.8.0""}",2
classical-smoke,classical,jupyddl,miconic/s1-3,miconic,astar,lmcut,,,0,0,30.0,3072,solved,True,True,0.0012141400002292357,4,4,,,4,7,5,19.06,,,2026-08-20T21:46:29+00:00,0.1.0,62459c293440,3.10.12,Linux 6.8.0-136-generic (x86_64),11th Gen Intel(R) Core(TM) i7-11850H @ 2.50GHz,16,wardn-thinkpad,"{""cuda-planning"": ""not-installed"", ""jupyddl"": ""2.3.0"", ""matplotlib"": ""3.10.9"", ""numpy"": ""2.2.6"", ""openplan-bench"": ""0.1.0"", ""pymapf"": ""0.8.0""}",2
classical-smoke,classical,jupyddl,miconic/s1-3,miconic,astar,lmcut,,,0,1,30.0,3072,solved,True,True,0.001250399996933993,4,4,,,4,7,5,19.06,,,2026-08-20T21:46:29+00:00,0.1.0,62459c293440,3.10.12,Linux 6.8.0-136-generic (x86_64),11th Gen Intel(R) Core(TM) i7-11850H @ 2.50GHz,16,wardn-thinkpad,"{""cuda-planning"": ""not-installed"", ""jupyddl"": ""2.3.0"", ""matplotlib"": ""3.10.9"", ""numpy"": ""2.2.6"", ""openplan-bench"": ""0.1.0"", ""pymapf"": ""0.8.0""}",2
classical-smoke,classical,jupyddl,miconic/s1-3,miconic,astar,lmcut,,,0,2,30.0,3072,solved,True,True,0.001200548002088908,4,4,,,4,7,5,19.06,,,2026-08-20T21:46:29+00:00,0.1.0,62459c293440,3.10.12,Linux 6.8.0-136-generic (x86_64),11th Gen Intel(R) Core(TM) i7-11850H @ 2.50GHz,16,wardn-thinkpad,"{""cuda-planning"": ""not-installed"", ""jupyddl"": ""2.3.0"", ""matplotlib"": ""3.10.9"", ""numpy"": ""2.2.6"", ""openplan-bench"": ""0.1.0"", ""pymapf"": ""0.8.0""}",2
classical-smoke,classical,jupyddl,miconic/s1-3,miconic,astar,hmax,,,0,0,30.0,3072,solved,True,True,0.001047732999722939,4,4,,,4,7,5,19.06,,,2026-08-20T21:46:29+00:00,0.1.0,62459c293440,3.10.12,Linux 6.8.0-136-generic (x86_64),11th Gen Intel(R) Core(TM) i7-11850H @ 2.50GHz,16,wardn-thinkpad,"{""cuda-planning"": ""not-installed"", ""jupyddl"": ""2.3.0"", ""matplotlib"": ""3.10.9"", ""numpy"": ""2.2.6"", ""openplan-bench"": ""0.1.0"", ""pymapf"": ""0.8.0""}",2
classical-smoke,classical,jupyddl,miconic/s1-3,miconic,astar,hmax,,,0,1,30.0,3072,solved,True,True,0.0010590770034468733,4,4,,,4,7,5,19.06,,,2026-08-20T21:46:29+00:00,0.1.0,62459c293440,3.10.12,Linux 6.8.0-136-generic (x86_64),11th Gen Intel(R) Core(TM) i7-11850H @ 2.50GHz,16,wardn-thinkpad,"{""cuda-planning"": ""not-installed"", ""jupyddl"": ""2.3.0"", ""matplotlib"": ""3.10.9"", ""numpy"": ""2.2.6"", ""openplan-bench"": ""0.1.0"", ""pymapf"": ""0.8.0""}",2
classical-smoke,classical,jupyddl,miconic/s1-3,miconic,astar,hmax,,,0,2,30.0,3072,solved,True,True,0.0010544289980316535,4,4,,,4,7,5,19.06,,,2026-08-20T21:46:29+00:00,0.1.0,62459c293440,3.10.12,Linux 6.8.0-136-generic (x86_64),11th Gen Intel(R) Core(TM) i7-11850H @ 2.50GHz,16,wardn-thinkpad,"{""cuda-planning"": ""not-installed"", ""jupyddl"": ""2.3.0"", ""matplotlib"": ""3.10.9"", ""numpy"": ""2.2.6"", ""openplan-bench"": ""0.1.0"", ""pymapf"": ""0.8.0""}",2
classical-smoke,classical,jupyddl,miconic/s1-4,miconic,bfs,,,,0,0,30.0,3072,solved,True,True,0.000984768004855141,4,4,,,4,6,0,19.06,,,2026-08-20T21:46:29+00:00,0.1.0,62459c293440,3.10.12,Linux 6.8.0-136-generic (x86_64),11th Gen Intel(R) Core(TM) i7-11850H @ 2.50GHz,16,wardn-thinkpad,"{""cuda-planning"": ""not-installed"", ""jupyddl"": ""2.3.0"", ""matplotlib"": ""3.10.9"", ""numpy"": ""2.2.6"", ""openplan-bench"": ""0.1.0"", ""pymapf"": ""0.8.0""}",2
classical-smoke,classical,jupyddl,miconic/s1-4,miconic,bfs,,,,0,1,30.0,3072,solved,True,True,0.001026079997245688,4,4,,,4,6,0,19.06,,,2026-08-20T21:46:29+00:00,0.1.0,62459c293440,3.10.12,Linux 6.8.0-136-generic (x86_64),11th Gen Intel(R) Core(TM) i7-11850H @ 2.50GHz,16,wardn-thinkpad,"{""cuda-planning"": ""not-installed"", ""jupyddl"": ""2.3.0"", ""matplotlib"": ""3.10.9"", ""numpy"": ""2.2.6"", ""openplan-bench"": ""0.1.0"", ""pymapf"": ""0.8.0""}",2
classical-smoke,classical,jupyddl,miconic/s1-4,miconic,bfs,,,,0,2,30.0,3072,solved,True,True,0.00103183100145543,4,4,,,4,6,0,19.06,,,2026-08-20T21:46:29+00:00,0.1.0,62459c293440,3.10.12,Linux 6.8.0-136-generic (x86_64),11th Gen Intel(R) Core(TM) i7-11850H @ 2.50GHz,16,wardn-thinkpad,"{""cuda-planning"": ""not-installed"", ""jupyddl"": ""2.3.0"", ""matplotlib"": ""3.10.9"", ""numpy"": ""2.2.6"", ""openplan-bench"": ""0.1.0"", ""pymapf"": ""0.8.0""}",2
classical-smoke,classical,jupyddl,miconic/s1-4,miconic,dijkstra,,,,0,0,30.0,3072,solved,True,True,0.0009973979977075942,4,4,,,4,7,0,19.06,,,2026-08-20T21:46:29+00:00,0.1.0,62459c293440,3.10.12,Linux 6.8.0-136-generic (x86_64),11th Gen Intel(R) Core(TM) i7-11850H @ 2.50GHz,16,wardn-thinkpad,"{""cuda-planning"": ""not-installed"", ""jupyddl"": ""2.3.0"", ""matplotlib"": ""3.10.9"", ""numpy"": ""2.2.6"", ""openplan-bench"": ""0.1.0"", ""pymapf"": ""0.8.0""}",2
classical-smoke,classical,jupyddl,miconic/s1-4,miconic,dijkstra,,,,0,1,30.0,3072,solved,True,True,0.0010530819999985397,4,4,,,4,7,0,19.06,,,2026-08-20T21:46:29+00:00,0.1.0,62459c293440,3.10.12,Linux 6.8.0-136-generic (x86_64),11th Gen Intel(R) Core(TM) i7-11850H @ 2.50GHz,16,wardn-thinkpad,"{""cuda-planning"": ""not-installed"", ""jupyddl"": ""2.3.0"", ""matplotlib"": ""3.10.9"", ""numpy"": ""2.2.6"", ""openplan-bench"": ""0.1.0"", ""pymapf"": ""0.8.0""}",2
classical-smoke,classical,jupyddl,miconic/s1-4,miconic,dijkstra,,,,0,2,30.0,3072,solved,True,True,0.0010167139989789575,4,4,,,4,7,0,19.06,,,2026-08-20T21:46:29+00:00,0.1.0,62459c293440,3.10.12,Linux 6.8.0-136-generic (x86_64),11th Gen Intel(R) Core(TM) i7-11850H @ 2.50GHz,16,wardn-thinkpad,"{""cuda-planning"": ""not-installed"", ""jupyddl"": ""2.3.0"", ""matplotlib"": ""3.10.9"", ""numpy"": ""2.2.6"", ""openplan-bench"": ""0.1.0"", ""pymapf"": ""0.8.0""}",2
classical-smoke,classical,jupyddl,miconic/s1-4,miconic,gbfs,hff,,,0,0,30.0,3072,solved,True,True,0.0011052499976358376,4,4,,,4,7,5,19.06,,,2026-08-20T21:46:29+00:00,0.1.0,62459c293440,3.10.12,Linux 6.8.0-136-generic (x86_64),11th Gen Intel(R) Core(TM) i7-11850H @ 2.50GHz,16,wardn-thinkpad,"{""cuda-planning"": ""not-installed"", ""jupyddl"": ""2.3.0"", ""matplotlib"": ""3.10.9"", ""numpy"": ""2.2.6"", ""openplan-bench"": ""0.1.0"", ""pymapf"": ""0.8.0""}",2
classical-smoke,classical,jupyddl,miconic/s1-4,miconic,gbfs,hff,,,0,1,30.0,3072,solved,True,True,0.001083313996787183,4,4,,,4,7,5,19.06,,,2026-08-20T21:46:29+00:00,0.1.0,62459c293440,3.10.12,Linux 6.8.0-136-generic (x86_64),11th Gen Intel(R) Core(TM) i7-11850H @ 2.50GHz,16,wardn-thinkpad,"{""cuda-planning"": ""not-installed"", ""jupyddl"": ""2.3.0"", ""matplotlib"": ""3.10.9"", ""numpy"": ""2.2.6"", ""openplan-bench"": ""0.1.0"", ""pymapf"": ""0.8.0""}",2
classical-smoke,classical,jupyddl,miconic/s1-4,miconic,gbfs,hff,,,0,2,30.0,3072,solved,True,True,0.0011028459994122386,4,4,,,4,7,5,19.06,,,2026-08-20T21:46:29+00:00,0.1.0,62459c293440,3.10.12,Linux 6.8.0-136-generic (x86_64),11th Gen Intel(R) Core(TM) i7-11850H @ 2.50GHz,16,wardn-thinkpad,"{""cuda-planning"": ""not-installed"", ""jupyddl"": ""2.3.0"", ""matplotlib"": ""3.10.9"", ""numpy"": ""2.2.6"", ""openplan-bench"": ""0.1.0"", ""pymapf"": ""0.8.0""}",2
classical-smoke,classical,jupyddl,miconic/s1-4,miconic,gbfs,hadd,,,0,0,30.0,3072,solved,True,True,0.001036056004522834,4,4,,,4,7,5,19.06,,,2026-08-20T21:46:29+00:00,0.1.0,62459c293440,3.10.12,Linux 6.8.0-136-generic (x86_64),11th Gen Intel(R) Core(TM) i7-11850H @ 2.50GHz,16,wardn-thinkpad,"{""cuda-planning"": ""not-installed"", ""jupyddl"": ""2.3.0"", ""matplotlib"": ""3.10.9"", ""numpy"": ""2.2.6"", ""openplan-bench"": ""0.1.0"", ""pymapf"": ""0.8.0""}",2
classical-smoke,classical,jupyddl,miconic/s1-4,miconic,gbfs,hadd,,,0,1,30.0,3072,solved,True,True,0.0011245770001551136,4,4,,,4,7,5,19.06,,,2026-08-20T21:46:29+00:00,0.1.0,62459c293440,3.10.12,Linux 6.8.0-136-generic (x86_64),11th Gen Intel(R) Core(TM) i7-11850H @ 2.50GHz,16,wardn-thinkpad,"{""cuda-planning"": ""not-installed"", ""jupyddl"": ""2.3.0"", ""matplotlib"": ""3.10.9"", ""numpy"": ""2.2.6"", ""openplan-bench"": ""0.1.0"", ""pymapf"": ""0.8.0""}",2
classical-smoke,classical,jupyddl,miconic/s1-4,miconic,gbfs,hadd,,,0,2,30.0,3072,solved,True,True,0.0010477399991941638,4,4,,,4,7,5,19.06,,,2026-08-20T21:46:29+00:00,0.1.0,62459c293440,3.10.12,Linux 6.8.0-136-generic (x86_64),11th Gen Intel(R) Core(TM) i7-11850H @ 2.50GHz,16,wardn-thinkpad,"{""cuda-planning"": ""not-installed"", ""jupyddl"": ""2.3.0"", ""matplotlib"": ""3.10.9"", ""numpy"": ""2.2.6"", ""openplan-bench"": ""0.1.0"", ""pymapf"": ""0.8.0""}",2
classical-smoke,classical,jupyddl,miconic/s1-4,miconic,astar,lmcut,,,0,0,30.0,3072,solved,True,True,0.0011900309982593171,4,4,,,4,7,5,19.06,,,2026-08-20T21:46:29+00:00,0.1.0,62459c293440,3.10.12,Linux 6.8.0-136-generic (x86_64),11th Gen Intel(R) Core(TM) i7-11850H @ 2.50GHz,16,wardn-thinkpad,"{""cuda-planning"": ""not-installed"", ""jupyddl"": ""2.3.0"", ""matplotlib"": ""3.10.9"", ""numpy"": ""2.2.6"", ""openplan-bench"": ""0.1.0"", ""pymapf"": ""0.8.0""}",2
classical-smoke,classical,jupyddl,miconic/s1-4,miconic,astar,lmcut,,,0,1,30.0,3072,solved,True,True,0.0011974829976679757,4,4,,,4,7,5,19.06,,,2026-08-20T21:46:29+00:00,0.1.0,62459c293440,3.10.12,Linux 6.8.0-136-generic (x86_64),11th Gen Intel(R) Core(TM) i7-11850H @ 2.50GHz,16,wardn-thinkpad,"{""cuda-planning"": ""not-installed"", ""jupyddl"": ""2.3.0"", ""matplotlib"": ""3.10.9"", ""numpy"": ""2.2.6"", ""openplan-bench"": ""0.1.0"", ""pymapf"": ""0.8.0""}",2
classical-smoke,classical,jupyddl,miconic/s1-4,miconic,astar,lmcut,,,0,2,30.0,3072,solved,True,True,0.0011634449983830564,4,4,,,4,7,5,19.06,,,2026-08-20T21:46:29+00:00,0.1.0,62459c293440,3.10.12,Linux 6.8.0-136-generic (x86_64),11th Gen Intel(R) Core(TM) i7-11850H @ 2.50GHz,16,wardn-thinkpad,"{""cuda-planning"": ""not-installed"", ""jupyddl"": ""2.3.0"", ""matplotlib"": ""3.10.9"", ""numpy"": ""2.2.6"", ""openplan-bench"": ""0.1.0"", ""pymapf"": ""0.8.0""}",2
classical-smoke,classical,jupyddl,miconic/s1-4,miconic,astar,hmax,,,0,0,30.0,3072,solved,True,True,0.0010944399982690811,4,4,,,4,7,5,19.06,,,2026-08-20T21:46:29+00:00,0.1.0,62459c293440,3.10.12,Linux 6.8.0-136-generic (x86_64),11th Gen Intel(R) Core(TM) i7-11850H @ 2.50GHz,16,wardn-thinkpad,"{""cuda-planning"": ""not-installed"", ""jupyddl"": ""2.3.0"", ""matplotlib"": ""3.10.9"", ""numpy"": ""2.2.6"", ""openplan-bench"": ""0.1.0"", ""pymapf"": ""0.8.0""}",2
classical-smoke,classical,jupyddl,miconic/s1-4,miconic,astar,hmax,,,0,1,30.0,3072,solved,True,True,0.0010492090004845522,4,4,,,4,7,5,19.06,,,2026-08-20T21:46:29+00:00,0.1.0,62459c293440,3.10.12,Linux 6.8.0-136-generic (x86_64),11th Gen Intel(R) Core(TM) i7-11850H @ 2.50GHz,16,wardn-thinkpad,"{""cuda-planning"": ""not-installed"", ""jupyddl"": ""2.3.0"", ""matplotlib"": ""3.10.9"", ""numpy"": ""2.2.6"", ""openplan-bench"": ""0.1.0"", ""pymapf"": ""0.8.0""}",2
classical-smoke,classical,jupyddl,miconic/s1-4,miconic,astar,hmax,,,0,2,30.0,3072,solved,True,True,0.001035225999657996,4,4,,,4,7,5,19.06,,,2026-08-20T21:46:29+00:00,0.1.0,62459c293440,3.10.12,Linux 6.8.0-136-generic (x86_64),11th Gen Intel(R) Core(TM) i7-11850H @ 2.50GHz,16,wardn-thinkpad,"{""cuda-planning"": ""not-installed"", ""jupyddl"": ""2.3.0"", ""matplotlib"": ""3.10.9"", ""numpy"": ""2.2.6"", ""openplan-bench"": ""0.1.0"", ""pymapf"": ""0.8.0""}",2
